{
  "format_version": "1.8.0",
  "render_controllers": {
    "controller.render.billeys_mobs.angler_light": {
      "arrays": {
        "textures": {
          "array.variants": [
            "texture.glow1",
            "texture.glow2",
            "texture.glow3",
            "texture.glow4",
            "texture.glow5",
            "texture.glow6",
            "texture.glow7",
            "texture.glow8"
          ],
          "array.sugar": [
            "texture.sugar1",
            "texture.sugar2",
            "texture.sugar3",
            "texture.sugar4",
            "texture.sugar5",
            "texture.sugar6",
            "texture.sugar7"
          ]
        }
      },
      "geometry": "Geometry.glow",
      "materials": [ { "*": "Material.glow" } ],
      "textures": [ "(q.get_name == 'Sugar' || q.get_name == 'sugar' || q.get_name == 'Ζαχαρώτος' || q.get_name == 'Ζαχαρωτος' || q.get_name == 'Ζαχαρωτός' || q.get_name == 'ζαχαρώτος' || q.get_name == 'ζαχαρωτος' || q.get_name == 'ζαχαρωτός' || q.get_name == 'Zacharotos' || q.get_name == 'zacharotos' || q.get_name == 'Zaharotos' || q.get_name == 'zaharotos' || q.get_name == 'Zaxarotos' || q.get_name == 'zaxarotos') ? array.sugar[q.life_time * 2 + q.variant] : array.variants[q.variant]" ],
      "part_visibility": [ { "*": "q.is_in_water" } ],
      "uv_anim": {
          "offset": [ "(q.is_in_water) ? (Math.floor(q.life_time * 20.0) + q.frame_alpha) * 0.01 : 0.0",
                      "(q.is_in_water) ? (Math.floor(q.life_time * 15.0) + q.frame_alpha) * 0.01 : 0.0" ],
          "scale": [ 1.0, 1.0 ]
      },
      "ignore_lighting": true,
      "overlay_color": {
          
          "r": "q.is_illager_captain ? (math.sin(q.life_time * 200 + q.variant * 234 + 0.0) * 0.5 + 0.5)",
          "g": "q.is_illager_captain ? (math.sin(q.life_time * 200 + q.variant * 234 + 120) * 0.5 + 0.5)",
          "b": "q.is_illager_captain ? (math.sin(q.life_time * 200 + q.variant * 234 + 240) * 0.5 + 0.5)",
          "a": "q.get_name == 'Sugar' ? 0.5 : 0.05"
      },
      "is_hurt_color": {
          "r": "-math.sin(q.life_time * 200)",
          "g": "-math.sin(q.life_time * 200 + 120)",
          "b": "-math.sin(q.life_time * 200 + 240)",
          "a": "0.5"
      }
    }
  }
}