{
  "format_version": "1.8.0",
  "render_controllers": {
    "controller.render.billeys_mobs.duckatrice": {
      "arrays": {
        "textures": {
          "array.variants": [
            "texture.pekin",
            "texture.mallard",
            "texture.golden",
            "texture.mandarin",
            "texture.ruddy",
            "texture.spotty",
            "texture.paradise",
            "texture.black"
          ]
        }
      },
      "geometry": "Geometry.default",
      "materials": [
        {
          "*": "Material.default"
        }
      ],
      "textures": [
        "array.variants[(q.get_name == 'Pizza' || q.get_name == 'Πίτσα') ? (q.life_time * 1.5 + q.variant) : q.variant]"
      ],
      "part_visibility": [
        {
          "saddle_*": "q.is_saddled"
        },
        {
          "rider_*": "q.has_rider"
        }
      ],
      "overlay_color": {
          "r": "q.is_illager_captain ? (math.sin(q.life_time * 200 + q.variant * 234 + 0.0) * 0.5 + 0.5)",
          "g": "q.is_illager_captain ? (math.sin(q.life_time * 200 + q.variant * 234 + 120) * 0.5 + 0.5)",
          "b": "q.is_illager_captain ? (math.sin(q.life_time * 200 + q.variant * 234 + 240) * 0.5 + 0.5)",
        "a": "q.is_illager_captain ? 0.4 : 0.0"
      }
    }
  }
}