{
	"format_version": "1.12.0",
	"minecraft:geometry": [
		{
			"description": {
				"identifier": "geometry.billeys_mobs.slimeblock",
				"texture_width": 16,
				"texture_height": 16,
				"visible_bounds_width": 4,
				"visible_bounds_height": 4,
				"visible_bounds_offset": [0, 1, 0]
			},
			"bones": [
				{
					"name": "bone",
					"pivot": [0, 0, 0],
					"cubes": [
						{
							"origin": [-4, 3, -5],
							"size": [10, 10, 10],
							"uv": {
								"north": {"uv": [0, 0], "uv_size": [10, 10]},
								"east": {"uv": [3, 0], "uv_size": [10, 10]},
								"south": {"uv": [6, 6], "uv_size": [10, 10]},
								"west": {"uv": [1, 0], "uv_size": [10, 10]},
								"up": {"uv": [10, 11], "uv_size": [-10, -10]},
								"down": {"uv": [14, 15], "uv_size": [-10, -10]}
							}
						},
						{
							"origin": [-8, 0, -8],
							"size": [16, 16, 16],
							"uv": {
								"north": {"uv": [0, 0], "uv_size": [16, 16]},
								"east": {"uv": [0, 0], "uv_size": [16, 16]},
								"south": {"uv": [0, 0], "uv_size": [16, 16]},
								"west": {"uv": [0, 0], "uv_size": [16, 16]},
								"up": {"uv": [16, 16], "uv_size": [-16, -16]},
								"down": {"uv": [16, 16], "uv_size": [-16, -16]}
							}
						}
					]
				}
			]
		}
	]
}