{
	"format_version": "1.12.0",
	"minecraft:geometry": [
		{
			"description": {
				"identifier": "geometry.billeys_mobs.banana_peel",
				"texture_width": 32,
				"texture_height": 16,
				"visible_bounds_width": 2,
				"visible_bounds_height": 1.5,
				"visible_bounds_offset": [0, 0.25, 0]
			},
			"bones": [
				{
					"name": "body",
					"pivot": [0, 0, 0],
					"cubes": [
						{
							"origin": [-2, 0, -2],
							"size": [4, 3, 4],
							"uv": {
								"north": {"uv": [0.032, 0.032], "uv_size": [3.936, 2.936]},
								"east": {"uv": [0.032, 0.032], "uv_size": [3.936, 2.936]},
								"south": {"uv": [0.032, 0.032], "uv_size": [3.936, 2.936]},
								"west": {"uv": [0.032, 0.032], "uv_size": [3.936, 2.936]},
								"up": {"uv": [3.968, 7.968], "uv_size": [-3.936, -3.936]}
							}
						},
						{
							"origin": [-1, 3, -1],
							"size": [2, 1, 2],
							"uv": {
								"north": {"uv": [2, 11], "uv_size": [-1, -1]},
								"east": {"uv": [2, 11], "uv_size": [-1, -1]},
								"south": {"uv": [2, 11], "uv_size": [-1, -1]},
								"west": {"uv": [2, 11], "uv_size": [-1, -1]},
								"up": {"uv": [1, 10], "uv_size": [1, 1]},
								"down": {"uv": [1, 10], "uv_size": [1, 1]}
							}
						},
						{
							"origin": [-7, 0.1, -7],
							"size": [14, 0, 14],
							"uv": {
								"up": {"uv": [19, 14], "uv_size": [-14, -14]}
							}
						}
					]
				}
			]
		}
	]
}