{
    "format_version": "1.10.0",
    "minecraft:client_entity": {
        "description": {
            "identifier": "billey:kiwi",
            "materials": {
                "default": "entity_alphatest",
                "cat": "cat"
            },
            "textures": {
                "zero": "textures/entity/billeys_mobs/kiwi7",
                "one": "textures/entity/billeys_mobs/kiwi1",
                "two": "textures/entity/billeys_mobs/kiwi2",
                "hatopy": "textures/entity/billeys_mobs/hatopy",
                "three": "textures/entity/billeys_mobs/kiwi3",
                "four": "textures/entity/billeys_mobs/kiwi4",
                "five": "textures/entity/billeys_mobs/kiwi5",
                "six": "textures/entity/billeys_mobs/kiwi6",
                "eight": "textures/entity/billeys_mobs/kiwi8",
                "nine": "textures/entity/billeys_mobs/kiwi9",
                "sheared": "textures/entity/billeys_mobs/kiwisheared",
                "sheared2": "textures/entity/billeys_mobs/kiwisheared2",
                "nothing": "textures/entity/billeys_mobs/nothing"
            },
            "geometry": {
                "default": "geometry.billeys_mobs.kiwi",
                "sheared": "geometry.billeys_mobs.kiwisheared"
            },
            "animations": {
                "new": "animation.billeys_mobs.duckproj.body",
                "move": "animation.billeys_mobs.kiwi.walk",
                "look_at_target": "animation.billeys_mobs.kiwi.general",
                "baby_transform": "animation.billeys_mobs.kiwi.baby",
                "death2": "animation.billeys_mobs.kiwi.cancelvanilladeath",
                "death": "animation.billeys_mobs.kiwi.death",
                "sit": "animation.billeys_mobs.kiwi.sit",
                "controller.sit": "controller.animation.billeys_mobs.sit",
                "ground": "animation.billeys_mobs.kiwi.ground",
                "albino": "animation.billeys_mobs.kiwi.albino",
                "eat": "animation.billeys_mobs.kiwi.eat",
                "eatcont": "controller.animation.billeys_mobs.eat",
                "groundcont": "controller.animation.billeys_mobs.kiwi.ground",
                "groundcon2": "controller.animation.billeys_mobs.kiwi.ground2",
                "albcont": "controller.animation.billeys_mobs.kiwidisappear"
            },
            "scripts": {
                "should_update_bones_and_effects_offscreen": "q.graphics_mode_is_any('raytraced')",
                "variables": {
                  "variable.head_size_x": "public",
                  "variable.head_size_y": "public",
                  "variable.head_size_z": "public"
                },
                "initialize": [
                  "v.head_size_x = 3;",
                  "v.head_size_y = 3;",
                  "v.head_size_z = 4;",
          "v.smooth_scale = q.model_scale;",
          "v.smooth_baby = q.is_baby;"
        ],
        "pre_animation": [
          "v.show_details = q.distance_from_camera < 7;",
          "v.smooth_scale = v.show_details ? (v.smooth_scale + (q.model_scale - v.smooth_scale) * (1.0 - math.exp(-q.delta_time * 10-1+1)) ): q.model_scale;",
          "v.smooth_baby = v.show_details ? (v.smooth_baby + (q.is_baby - v.smooth_baby) * (1.0 - math.exp(-q.delta_time * 10-1+1)) ): q.is_baby;"
        ],
        "scale": "v.smooth_scale / q.model_scale",
                "animate": [
                    "new",
                    "albcont",
                    {
                        "controller.sit": "q.is_alive"
                    },
                    {
                        "eatcont": "q.is_alive"
                    },
                    {
                        "groundcon2": "q.is_alive"
                    },
                    {
                        "groundcont": "q.is_alive && v.attack_time == 0"
                    },
                    {
                        "death2": "!q.is_alive"
                    },
                    {
                        "death": "!q.is_alive"
                    },
                    {
                        "move": "q.modified_move_speed * 2.5 * !(q.is_sitting&&q.is_alive&&!q.has_rider&&!q.is_avoiding_mobs&&!(q.is_moving&&q.has_target))"
                    },
                    {
                        "baby_transform": "v.smooth_baby"
                    }
                ]
            },
            "enable_attachables": true,
      "hide_armor": false,
      "render_controllers": [
                "controller.render.billeys_mobszambie.kiwi",
                "controller.render.billeys_mobszambie.kiwi.shear"
            ],
            "spawn_egg": {
                "overlay_color": "#6E4F24",
                "base_color": "#7CA422"
            }
        }
    }
}