{
    "format_version": "1.10.0",
    "minecraft:client_entity": {
        "description": {
            "identifier": "billey:mergoose",
            "materials": {
                "default": "entity_alphatest",
                "cat": "cat"
            },
            "textures": {
                "zero": "textures/entity/billeys_mobs/mergoose",
                "one": "textures/entity/billeys_mobs/mergoose1",
                "two": "textures/entity/billeys_mobs/mergoose2",
                "three": "textures/entity/billeys_mobs/mergoose3",
                "four": "textures/entity/billeys_mobs/mergoose",
                "five": "textures/entity/billeys_mobs/mergoose1",
                "six": "textures/entity/billeys_mobs/mergoose2",
                "eight": "textures/entity/billeys_mobs/mergoose3",
                "nine": "textures/entity/billeys_mobs/mergoose"
            },
            "geometry": {
                "default": "geometry.billeys_mobs.mergoose"
            },
            "animations": {
                "new": "animation.billeys_mobs.duckproj.body",
                "swim": "animation.billeys_mobs.mergoose.swim",
                "eat": "animation.billeys_mobs.mergoose.eat",
                "baby": "animation.billeys_mobs.mergoose.baby",
                "walk": "animation.billeys_mobs.mergoose.walk",
                "attack": "animation.billeys_mobs.mergoose.attack",
                "lookwater": "animation.billeys_mobs.mergoose.look_water",
                "hold_tongue": "animation.billeys_mobs.mergoose.hold_tongue",
                "float": "animation.billeys_mobs.mergoose.float",
                "hurt": "animation.billeys_mobs.cat.hurt2",
                "look_cont": "controller.animation.billeys_mobs.mercat_look",
                "tongue_cont": "controller.animation.billeys_mobs.mergoose_tongue"
            },
            "scripts": {
                "should_update_bones_and_effects_offscreen": "q.graphics_mode_is_any('raytraced')",
                "variables": {
                  "variable.head_size_x": "public",
                  "variable.head_size_y": "public",
                  "variable.head_size_z": "public"
                },
                "initialize": [
                  "v.head_size_x = 6;",
                  "v.head_size_y = 6;",
                  "v.head_size_z = 6;"
                ],
                "animate": [
                    "new",
                    {
                      "baby": "q.is_baby"
                    },
                    {
                        "swim": "math.max(0.4 * q.is_in_water,q.modified_move_speed * 10)"
                    },
                    {
                        "walk": "!q.is_in_water ? math.min(1,q.modified_move_speed * 8)"
                    },
                    { "hurt": "q.health < q.max_health && q.is_tamed" },
                    "look_cont",
                    "tongue_cont"
                ]
            },
            "enable_attachables": true,
      "hide_armor": false,
      "render_controllers": [
                "controller.render.billeys_mobszambie.kiwi",
                {
                    "controller.render.billeys_mobs.bduckhat": "q.is_saddled"
                }
            ],
            "spawn_egg": {
                "base_color": "#A5A7AF",
                "overlay_color": "#B86E65"
            }
        }
    }
}