{
    "format_version": "1.10.0",
    "minecraft:client_entity": {
        "description": {
            "identifier": "billey:rat_minion",
            "materials": {
                "default": "entity_alphatest",
                "eyes": "entity_emissive_alpha"
            },
            "textures": {
                "of_potion": "textures/entity/billeys_mobs/rat_minion",
                "hostile": "textures/entity/billeys_mobs/rat_minion_hostile",
                "friendly": "textures/entity/billeys_mobs/rat_minion_friendly"
            },
            "geometry": {
                "default": "geometry.billeys_mobs.rat_minion"
            },
            "animations": {
                "new": "animation.billeys_mobs.rat.emerge",
                "sit": "animation.billeys_mobs.rat.sit",
                "move": "controller.animation.billeys_mobs.rodent_walk_or_run",
                "sit2": "animation.billeys_mobs.rat.sit2",
                "walk": "animation.billeys_mobs.rat.walk",
                "sheared": "animation.billeys_mobs.rat.sniff",
                "random_idle": "animation.billeys_mobs.rat.wiggle_ears",
                "run": "animation.billeys_mobs.rat.run",
                "look_at_target": "animation.common.look_at_target",
                "contsit": "controller.animation.billeys_mobs.rodent_sit",
                "contsniff": "controller.animation.billeys_mobs.rodent_sniff",
                "contrandom_idle": "controller.animation.billeys_mobs.random_idle",
                "death2": "animation.billeys_mobs.kiwi.cancelvanilladeath",
                "death": "animation.billeys_mobs.rat.die"
            },
            "scripts": {
                "should_update_bones_and_effects_offscreen": "q.graphics_mode_is_any('raytraced')",
				"variables": {
				  "variable.head_size_x": "public",
				  "variable.head_size_y": "public",
				  "variable.head_size_z": "public"
				},
                "initialize": [
                    "v.head_size_x = 4;",
                    "v.head_size_y = 3;",
                    "v.head_size_z = 3;",
                    "v.time_to_idle = 0;",
                    "v.can_use_sit2 = 1;"
                    //hamsters' animation code was written 2.5 years ago
                    //i dont remember if this variable actually has something to do with twerking
                    //it probably doesnt
                ],
                "animate": [
                    "contsit",
                    "new",
                    "contsniff",
                    "contrandom_idle",
                    {
                        "death2": "!q.is_alive"
                    },
                    {
                        "death": "!q.is_alive"
                    },
                    {
                        "look_at_target": "q.is_alive"
                    },
                    {
                        "move": "q.is_alive && !(q.is_sitting&&q.is_alive&&!q.has_rider&&!q.is_avoiding_mobs&&!(q.is_moving&&q.has_target))"
                    }
                ]
            },
            "enable_attachables": true,
      "hide_armor": false,
      "render_controllers": [
                "controller.render.billeys_mobs.rat_minion"
            ]
        }
    }
}