{
	"format_version": "1.12.0",
	"minecraft:geometry": [
		{
			"description": {
				"identifier": "geometry.billeys_mobs.amogus",
				"texture_width": 64,
				"texture_height": 64,
				"visible_bounds_width": 3,
				"visible_bounds_height": 8.5,
				"visible_bounds_offset": [0, 3.75, 0]
			},
			"bones": [{
				"name": "ooo",
				"pivot": [
					0,
					0,
					0
				]
			},
			{
				"parent": "ooo",
					"name": "waist",
					"pivot": [0, 4, 0]
				},
				{
					"name": "body",
					"parent": "waist",
					"pivot": [0, 10, 0]
				},
				{
					"name": "upper",
					"parent": "body",
					"pivot": [0, 4, 0],
					"cubes": [
						{"origin": [-4.5, 4, -2.5], "size": [9, 12, 5], "uv": [0, 0]}
					]
				},
				{
					"name": "back",
					"parent": "upper",
					"pivot": [0, 10.25, 2.5],
					"cubes": [
						{"origin": [-2.5, 7.25, 2.5], "size": [5, 6, 2], "uv": [0, 17]}
					]
				},
				{
					"name": "glass",
					"parent": "upper",
					"pivot": [0, 12, -2.5],
					"cubes": [
						{"origin": [-3.5, 10, -3.5], "size": [7, 4, 1], "uv": [14, 17]}
					]
				},
				{
					"name": "bone3",
					"parent": "upper",
					"pivot": [0, 4, 0],
					"cubes": [
						{"origin": [-1, 4, 0], "size": [1, 1, 1], "uv": [0, 0]}
					]
				},
				{
					"name": "rightArm",
					"parent": "upper",
					"pivot": [-4.5, 11, 0]
				},
				{
					"name": "rightItem",
					"parent": "rightArm",
					"pivot": [-4.5, 7.5, 0]
				},
				{
					"name": "leftArm",
					"parent": "upper",
					"pivot": [-4.5, 11, 0]
				},
				{
					"name": "leftItem",
					"parent": "leftArm",
					"pivot": [-4.5, 7.5, 0]
				},
				{
					"name": "bone2",
					"parent": "body",
					"pivot": [0, 4, 0]
				},
				{
					"name": "leftLeg",
					"parent": "bone2",
					"pivot": [2.5, 4, 0]
				},
				{
					"name": "bone",
					"parent": "leftLeg",
					"pivot": [2.5, 4, 0],
					"cubes": [
						{"origin": [1, 0, -1.5], "size": [3, 4, 3], "uv": [11, 22]}
					]
				},
				{
					"name": "rightLeg",
					"parent": "bone2",
					"pivot": [-2.5, 4, 0],
					"cubes": [
						{"origin": [-4, 0, -1.5], "size": [3, 4, 3], "uv": [23, 22]}
					]
				}
			]
		}
	]
}