{
	"format_version": "1.12.0",
	"minecraft:geometry": [
		{
			"description": {
				"identifier": "geometry.billeys_mobs.angelpig",
				"texture_width": 64,
				"texture_height": 64,
				"visible_bounds_width": 4,
				"visible_bounds_height": 4.5,
				"visible_bounds_offset": [0, 0.75, 0]
			},
			"bones": [{
				"name": "ooo",
				"pivot": [
					0,
					0,
					0
				]
			},
			{
				"parent": "ooo",
					"name": "body",
					"pivot": [0, 14, 0]
				},
				{
					"name": "head",
					"parent": "body",
					"pivot": [0, 23, -4],
					"cubes": [
						{
							"origin": [-4, 20.3, -9.4],
							"size": [8, 8, 8],
							"uv": {
								"north": {"uv": [16, 8], "uv_size": [-8, 8]},
								"east": {"uv": [24, 8], "uv_size": [-8, 8]},
								"south": {"uv": [32, 8], "uv_size": [-8, 8]},
								"west": {"uv": [8, 8], "uv_size": [-8, 8]},
								"up": {"uv": [16, 0], "uv_size": [-8, 8]},
								"down": {"uv": [24, 8], "uv_size": [-8, -8]}
							}
						},
						{
							"origin": [-2, 21.3, -10.4],
							"size": [4, 3, 1],
							"uv": {
								"north": {"uv": [17, 17], "uv_size": [4, 3]},
								"east": {"uv": [16, 17], "uv_size": [1, 3]},
								"south": {"uv": [22, 17], "uv_size": [4, 3]},
								"west": {"uv": [21, 17], "uv_size": [1, 3]},
								"up": {"uv": [17, 16], "uv_size": [4, 1]},
								"down": {"uv": [21, 17], "uv_size": [4, -1]}
							}
						}
					],
					"locators": {
						"lead": [0, 23, -4]
					}
				},
				{
					"name": "hello",
					"parent": "head",
					"pivot": [0, 23, -4],
					"cubes": [
						{
							"origin": [2, 29.4, -7.5],
							"size": [1, 1, 4],
							"uv": {
								"north": {"uv": [46, 36], "uv_size": [-1, 1]},
								"east": {"uv": [50, 36], "uv_size": [-4, 1]},
								"south": {"uv": [51, 36], "uv_size": [-1, 1]},
								"west": {"uv": [45, 36], "uv_size": [-4, 1]},
								"up": {"uv": [46, 32], "uv_size": [-1, 4]},
								"down": {"uv": [47, 36], "uv_size": [-1, -4]}
							}
						},
						{
							"origin": [-2, 29.4, -3.5],
							"size": [4, 1, 1],
							"uv": {
								"north": {"uv": [42, 33], "uv_size": [4, 1]},
								"east": {"uv": [41, 33], "uv_size": [1, 1]},
								"south": {"uv": [47, 33], "uv_size": [4, 1]},
								"west": {"uv": [46, 33], "uv_size": [1, 1]},
								"up": {"uv": [42, 32], "uv_size": [4, 1]},
								"down": {"uv": [46, 33], "uv_size": [4, -1]}
							}
						},
						{
							"origin": [-2, 29.4, -8.5],
							"size": [4, 1, 1],
							"uv": {
								"north": {"uv": [43, 35], "uv_size": [4, 1]},
								"east": {"uv": [42, 35], "uv_size": [1, 1]},
								"south": {"uv": [48, 35], "uv_size": [4, 1]},
								"west": {"uv": [47, 35], "uv_size": [1, 1]},
								"up": {"uv": [43, 34], "uv_size": [4, 1]},
								"down": {"uv": [47, 35], "uv_size": [4, -1]}
							}
						},
						{
							"origin": [-3, 29.4, -7.5],
							"size": [1, 1, 4],
							"uv": {
								"north": {"uv": [47, 36], "uv_size": [1, 1]},
								"east": {"uv": [43, 36], "uv_size": [4, 1]},
								"south": {"uv": [52, 36], "uv_size": [1, 1]},
								"west": {"uv": [48, 36], "uv_size": [4, 1]},
								"up": {"uv": [47, 32], "uv_size": [1, 4]},
								"down": {"uv": [48, 36], "uv_size": [1, -4]}
							}
						}
					]
				},
				{
					"name": "hat",
					"parent": "head",
					"pivot": [0, 28.3, -5.425]
				},
				{
					"name": "leg0",
					"parent": "body",
					"pivot": [-3.15, 6, 0.9],
					"rotation": [-10, 0, 0],
					"cubes": [
						{
							"origin": [-5.1, 1, -1.1],
							"size": [4, 6, 4],
							"uv": {
								"north": {"uv": [4, 20], "uv_size": [4, 6]},
								"east": {"uv": [0, 20], "uv_size": [4, 6]},
								"south": {"uv": [12, 20], "uv_size": [4, 6]},
								"west": {"uv": [8, 20], "uv_size": [4, 6]},
								"up": {"uv": [4, 16], "uv_size": [4, 4]},
								"down": {"uv": [8, 20], "uv_size": [4, -4]}
							}
						}
					]
				},
				{
					"name": "leg1",
					"parent": "body",
					"pivot": [3.15, 6, 0.9],
					"rotation": [-10, 0, 0],
					"cubes": [
						{
							"origin": [1.1, 1, -1.1],
							"size": [4, 6, 4],
							"uv": {
								"north": {"uv": [8, 20], "uv_size": [-4, 6]},
								"east": {"uv": [12, 20], "uv_size": [-4, 6]},
								"south": {"uv": [16, 20], "uv_size": [-4, 6]},
								"west": {"uv": [4, 20], "uv_size": [-4, 6]},
								"up": {"uv": [8, 16], "uv_size": [-4, 4]},
								"down": {"uv": [12, 20], "uv_size": [-4, -4]}
							}
						}
					]
				},
				{
					"name": "leg2",
					"parent": "body",
					"pivot": [-4, 17, -3.5],
					"rotation": [-5, 0, 0],
					"cubes": [
						{
							"origin": [-5.6, 11, -7.3],
							"size": [4, 6, 4],
							"uv": {
								"north": {"uv": [4, 20], "uv_size": [4, 6]},
								"east": {"uv": [0, 20], "uv_size": [4, 6]},
								"south": {"uv": [12, 20], "uv_size": [4, 6]},
								"west": {"uv": [8, 20], "uv_size": [4, 6]},
								"up": {"uv": [4, 16], "uv_size": [4, 4]},
								"down": {"uv": [8, 20], "uv_size": [4, -4]}
							}
						}
					]
				},
				{
					"name": "leg3",
					"parent": "body",
					"pivot": [4, 17, -3.5],
					"rotation": [-5, 0, 0],
					"cubes": [
						{
							"origin": [1.8, 11, -7.3],
							"size": [4, 6, 4],
							"uv": {
								"north": {"uv": [8, 20], "uv_size": [-4, 6]},
								"east": {"uv": [12, 20], "uv_size": [-4, 6]},
								"south": {"uv": [16, 20], "uv_size": [-4, 6]},
								"west": {"uv": [4, 20], "uv_size": [-4, 6]},
								"up": {"uv": [8, 16], "uv_size": [-4, 4]},
								"down": {"uv": [12, 20], "uv_size": [-4, -4]}
							}
						}
					]
				},
				{
					"name": "bodylol",
					"parent": "body",
					"pivot": [0, 14, 0],
					"rotation": [30, 0, 0],
					"cubes": [
						{
							"origin": [-5, 6, -4],
							"size": [10, 16, 8],
							"uv": {
								"north": {"uv": [36, 16], "uv_size": [10, 16]},
								"east": {"uv": [28, 16], "uv_size": [8, 16]},
								"south": {"uv": [54, 16], "uv_size": [10, 16]},
								"west": {"uv": [46, 16], "uv_size": [8, 16]},
								"up": {"uv": [36, 8], "uv_size": [10, 8]},
								"down": {"uv": [46, 16], "uv_size": [10, -8]}
							}
						}
					]
				},
				{
					"name": "bowtie",
					"parent": "bodylol",
					"pivot": [0, 20.5, -4]
				},
				{
					"name": "wing0",
					"parent": "body",
					"pivot": [0, 17, 3],
					"rotation": [30, 0, 0]
				},
				{
					"name": "bone",
					"parent": "wing0",
					"pivot": [0, 17, 3],
					"rotation": [0, -15, 0],
					"cubes": [
						{
							"origin": [0, -5, 3],
							"size": [14, 31, 0],
							"uv": {
								"north": {"uv": [0, 33], "uv_size": [14, 31]},
								"east": {"uv": [0, 33], "uv_size": [0, 31]},
								"south": {"uv": [14, 33], "uv_size": [14, 31]},
								"west": {"uv": [14, 33], "uv_size": [0, 31]},
								"up": {"uv": [0, 33], "uv_size": [14, 0]},
								"down": {"uv": [14, 33], "uv_size": [14, 0]}
							}
						}
					]
				},
				{
					"name": "wing1",
					"parent": "body",
					"pivot": [0, 17, 3],
					"rotation": [30, 0, 0]
				},
				{
					"name": "bone2",
					"parent": "wing1",
					"pivot": [0, 17, 3],
					"rotation": [0, -165, 0],
					"cubes": [
						{
							"origin": [0, -5, 3],
							"size": [14, 31, 0],
							"uv": {
								"north": {"uv": [0, 33], "uv_size": [14, 31]},
								"east": {"uv": [0, 33], "uv_size": [0, 31]},
								"south": {"uv": [14, 33], "uv_size": [14, 31]},
								"west": {"uv": [14, 33], "uv_size": [0, 31]},
								"up": {"uv": [0, 33], "uv_size": [14, 0]},
								"down": {"uv": [14, 33], "uv_size": [14, 0]}
							}
						}
					]
				}
			]
		}
	]
}