{
	"format_version": "1.12.0",
	"minecraft:geometry": [
		{
			"description": {
				"identifier": "geometry.billeys_mobs.anglerglow",
				"texture_width": 64,
				"texture_height": 64,
				"visible_bounds_width": 5,
				"visible_bounds_height": 3,
				"visible_bounds_offset": [0, 1.5, 0]
			},
			"bones": [{
				"name": "ooo",
				"pivot": [
					0,
					0,
					0
				]
			},
			{
				"parent": "ooo",
					"name": "body",
					"pivot": [0, 3.5, 0.5],
					"cubes": [
						{"origin": [-3.5, 0, -3], "size": [7, 7, 7], "inflate": 0.12, "uv": [0, 0]},
						{"origin": [-3.5, 3, -4], "size": [7, 4, 1], "inflate": 0.1, "uv": [22, 0]}
					]
				},
				{
					"name": "tail",
					"parent": "body",
					"pivot": [0, 3.5, 4],
					"cubes": [
						{"origin": [-1.5, 2, 3], "size": [3, 3, 5], "inflate": 0.1, "uv": [0, 23]}
					]
				},
				{
					"name": "tail1",
					"parent": "tail",
					"pivot": [0, 3.5, 8],
					"cubes": [
						{"origin": [0, 1, 8], "size": [0, 5, 4], "inflate": 0.1, "uv": [36, 34]}
					]
				},
				{
					"name": "jaw",
					"parent": "body",
					"pivot": [0, 0, -3],
					"rotation": [-22.5, 0, 0],
					"cubes": [
						{"origin": [-3.5, 0, -8], "size": [7, 2, 5], "inflate": 0.11, "uv": [0, 15]},
						{"origin": [-3.5, 2, -8], "size": [7, 1, 5], "inflate": 0.1, "uv": [20, 18]}
					]
				},
				{
					"name": "angler",
					"parent": "body",
					"pivot": [0, 7, -2],
					"cubes": [
						{"origin": [0, 11, -7], "size": [0, 1, 3], "inflate": 0.1, "pivot": [0, 7, -2], "rotation": [17.5, 0, 0], "uv": [17, 25]},
						{"origin": [0, 10, -4], "size": [0, 1, 1], "inflate": 0.1, "pivot": [0, 7, -2], "rotation": [17.5, 0, 0], "uv": [17, 25]},
						{"origin": [0, 6, -3], "size": [0, 4, 1], "inflate": 0.1, "pivot": [0, 7, -2], "rotation": [17.5, 0, 0], "uv": [17, 25]}
					]
				},
				{
					"name": "bone",
					"parent": "angler",
					"pivot": [0, 8.7, -8.25],
					"cubes": [
						{"origin": [-1, 7.7, -9.25], "size": [2, 2, 2], "inflate": 0.1, "uv": [40, 0]}
					]
				},
				{
					"name": "left_fin",
					"parent": "body",
					"pivot": [3.5, 3, 1],
					"cubes": [
						{"origin": [3.5, 2, 1], "size": [2, 2, 0], "inflate": 0.1, "pivot": [3.5, 3, 1], "rotation": [0, -32.5, 0], "uv": [0, 0]}
					]
				},
				{
					"name": "right_fin",
					"parent": "body",
					"pivot": [-3.5, 3, 1],
					"cubes": [
						{"origin": [-5.5, 2, 1], "size": [2, 2, 0], "inflate": 0.1, "pivot": [-3.5, 3, 1], "rotation": [0, 32.5, 0], "uv": [0, 0], "mirror": true}
					]
				}
			]
		}
	]
}