{
	"format_version": "1.12.0",
	"minecraft:geometry": [
		{
			"description": {
				"identifier": "geometry.cutebaduck",
				"texture_width": 32,
				"texture_height": 32,
				"visible_bounds_width": 3,
				"visible_bounds_height": 3.5,
				"visible_bounds_offset": [0, 1.25, 0]
			},
			"bones": [{
				"name": "ooo",
				"pivot": [
					0,
					0,
					0
				]
			},
			{
				"parent": "ooo",
					"name": "body",
					"pivot": [0, 5, 1]
				},
				{
					"name": "leg0",
					"parent": "body",
					"pivot": [-2, 3, 1],
					"cubes": [
						{
							"origin": [-2, 0.1, 1],
							"size": [1, 5, 0],
							"uv": {
								"north": {"uv": [18, 2], "uv_size": [2, 3.33333]},
								"east": {"uv": [16, 2], "uv_size": [2, 3.33333]},
								"south": {"uv": [22.66667, 2], "uv_size": [0.66667, 3.33333]},
								"west": {"uv": [20, 2], "uv_size": [2, 3.33333]},
								"up": {"uv": [18, 0], "uv_size": [2, 2]},
								"down": {"uv": [22, 0], "uv_size": [-2, 2]}
							}
						}
					]
				},
				{
					"name": "bone5",
					"parent": "leg0",
					"pivot": [0, 0, 1],
					"cubes": [
						{
							"origin": [-2, 0.1, 0],
							"size": [1, 0, 1],
							"uv": {
								"north": {"uv": [16.66667, 10], "uv_size": [2, 3.33333]},
								"east": {"uv": [14.66667, 10], "uv_size": [2, 3.33333]},
								"south": {"uv": [20.66667, 10], "uv_size": [2, 3.33333]},
								"west": {"uv": [18.66667, 10], "uv_size": [2, 3.33333]},
								"up": {"uv": [16.66667, 8], "uv_size": [0.66667, 1.33333]},
								"down": {"uv": [20, 8], "uv_size": [-0.66667, 1.33333]}
							}
						}
					]
				},
				{
					"name": "leg1",
					"parent": "body",
					"pivot": [1, 3, 1],
					"cubes": [
						{
							"origin": [1, 0.1, 1],
							"size": [1, 5, 0],
							"uv": {
								"north": {"uv": [16.66667, 10], "uv_size": [2, 3.33333]},
								"east": {"uv": [14.66667, 10], "uv_size": [2, 3.33333]},
								"south": {"uv": [21.33333, 10], "uv_size": [0.66667, 3.33333]},
								"west": {"uv": [18.66667, 10], "uv_size": [2, 3.33333]},
								"up": {"uv": [16.66667, 8], "uv_size": [2, 2]},
								"down": {"uv": [20.66667, 8], "uv_size": [-2, 2]}
							}
						}
					]
				},
				{
					"name": "bone4",
					"parent": "leg1",
					"pivot": [0, 0, 1],
					"cubes": [
						{
							"origin": [1, 0.1, 0],
							"size": [1, 0, 1],
							"uv": {
								"north": {"uv": [16.66667, 10], "uv_size": [2, 3.33333]},
								"east": {"uv": [14.66667, 10], "uv_size": [2, 3.33333]},
								"south": {"uv": [20.66667, 10], "uv_size": [2, 3.33333]},
								"west": {"uv": [18.66667, 10], "uv_size": [2, 3.33333]},
								"up": {"uv": [16.66667, 8], "uv_size": [2, 2]},
								"down": {"uv": [20, 8], "uv_size": [-0.66667, 1.33333]}
							}
						}
					]
				},
				{
					"name": "bone6",
					"parent": "body",
					"pivot": [0, 5, -2]
				},
				{
					"name": "bodynolegs",
					"parent": "bone6",
					"pivot": [0, 5, 1]
				},
				{
					"name": "head",
					"parent": "bodynolegs",
					"pivot": [0, 6.7, -3],
					"cubes": [
						{
							"origin": [-1, 6.40439, -4.27443],
							"size": [2, 3, 2],
							"uv": {
								"north": {"uv": [1.33333, 18.66667], "uv_size": [1.33333, 2.66667]},
								"east": {"uv": [0, 18.668], "uv_size": [1.334, 2.664]},
								"south": {"uv": [4, 18.668], "uv_size": [1.334, 2.664]},
								"west": {"uv": [2.668, 18.668], "uv_size": [1.332, 2.664]},
								"up": {"uv": [1.33333, 16.66667], "uv_size": [1.33333, 1.33333]},
								"down": {"uv": [4, 16.66667], "uv_size": [-1.33333, 1.33333]}
							}
						}
					],
					"locators": {
						"lead": [0, 8.75, -3.25],
						"zee": [0, 8.75, -3.25]
					}
				},
				{
					"name": "bone2",
					"parent": "head",
					"pivot": [0, 9.75122, -3.21512],
					"cubes": [
						{
							"origin": [-1, 9.15439, -4.27443],
							"size": [2, 1.7, 2],
							"inflate": -0.01,
							"uv": {
								"north": {"uv": [1.334, 18], "uv_size": [1.332, 0.666]},
								"east": {"uv": [0, 18], "uv_size": [1.334, 0.666]},
								"south": {"uv": [4, 18], "uv_size": [1.334, 0.666]},
								"west": {"uv": [2.668, 18], "uv_size": [1.332, 0.666]},
								"up": {"uv": [0, 16.66667], "uv_size": [1.33333, 1.33333]},
								"down": {"uv": [2.666, 16.666], "uv_size": [-1.334, 1.334]}
							}
						}
					]
				},
				{
					"name": "lol",
					"parent": "bone2",
					"pivot": [0, 11.45317, -3.50931]
				},
				{
					"name": "bone7",
					"parent": "lol",
					"pivot": [0, 11.90439, -3.47443],
					"cubes": [
						{
							"origin": [-1, 10.40439, -4.67443],
							"size": [2, 3, 2.4],
							"inflate": 0.05,
							"uv": {
								"north": {"uv": [15.1, 2.1], "uv_size": [1.8, 2.8]},
								"east": {"uv": [11.1, 0.1], "uv_size": [1.8, 2.8]},
								"south": {"uv": [10.66667, 12.1], "uv_size": [1.23333, 1.8]},
								"west": {"uv": [11.1, 6.1], "uv_size": [1.8, 2.8]},
								"up": {"uv": [10.1, 12.1], "uv_size": [1.8, 2.3]},
								"down": {"uv": [16.9, 2.1], "uv_size": [-1.8, 2.3]}
							}
						}
					]
				},
				{
					"name": "hat",
					"parent": "bone7",
					"pivot": [0, 0, 0]
				},
				{
					"name": "bone11",
					"parent": "bone7",
					"pivot": [0, 11.90439, -3.47443]
				},
				{
					"name": "bone10",
					"parent": "bone11",
					"pivot": [0, 10.45439, -4.09943],
					"cubes": [
						{
							"origin": [-1.025, 10.50439, -4.67443],
							"size": [2.05, 0.9, 1.15],
							"inflate": 0.049,
							"uv": {
								"north": {"uv": [11, 8], "uv_size": [1.15, 0.9]},
								"east": {"uv": [11, 8], "uv_size": [1.15, 0.9]},
								"south": {"uv": [11, 8], "uv_size": [1.15, 0.9]},
								"west": {"uv": [11, 8], "uv_size": [1.15, 0.9]},
								"up": {"uv": [12.15, 8.9], "uv_size": [-1.15, -0.9]},
								"down": {"uv": [12.15, 8.9], "uv_size": [-1.15, -0.9]}
							}
						}
					]
				},
				{
					"name": "bone9",
					"parent": "bone11",
					"pivot": [0, 13.45439, -4.09943],
					"cubes": [
						{
							"origin": [-1.025, 12.50439, -4.67443],
							"size": [2.05, 0.85, 1.15],
							"inflate": 0.049,
							"uv": {
								"north": {"uv": [11, 6], "uv_size": [1.15, 0.85]},
								"east": {"uv": [11, 6], "uv_size": [1.15, 0.85]},
								"south": {"uv": [11, 6], "uv_size": [1.15, 0.85]},
								"west": {"uv": [11, 6], "uv_size": [1.15, 0.85]},
								"up": {"uv": [12.15, 6.85], "uv_size": [-1.15, -0.85]},
								"down": {"uv": [12.15, 6.85], "uv_size": [-1.15, -0.85]}
							}
						}
					]
				},
				{
					"name": "beak",
					"parent": "lol",
					"pivot": [0.1, 4.90195, -3.94419],
					"rotation": [2, 0, 0]
				},
				{
					"name": "bone",
					"parent": "beak",
					"pivot": [0.05, 11.1, -4.50929],
					"rotation": [4, 0, 0],
					"cubes": [
						{
							"origin": [-0.65, 11.09, -5.95929],
							"size": [1.3, 0.41, 2.5],
							"inflate": -0.001,
							"uv": {
								"north": {"uv": [7.032, 25.032], "uv_size": [0.63467, 0.63467]},
								"east": {"uv": [7.032, 25.032], "uv_size": [0.63467, 0.63467]},
								"south": {"uv": [7.032, 25.032], "uv_size": [0.63467, 0.63467]},
								"west": {"uv": [7.032, 25.032], "uv_size": [0.63467, 0.63467]},
								"up": {"uv": [7.66667, 25.66667], "uv_size": [-0.63467, -0.63467]},
								"down": {"uv": [0.66667, 21.66667], "uv_size": [-0.63467, -0.63467]}
							}
						}
					]
				},
				{
					"name": "bone3",
					"parent": "beak",
					"pivot": [0.05, 11.10256, -4.50929],
					"cubes": [
						{
							"origin": [-0.65, 10.70256, -5.95929],
							"size": [1.3, 0.4, 2.5],
							"inflate": -0.001,
							"uv": {
								"north": {"uv": [1, 21], "uv_size": [0.66667, 0.66667]},
								"east": {"uv": [1, 21], "uv_size": [0.66667, 0.66667]},
								"south": {"uv": [1, 21], "uv_size": [0.66667, 0.66667]},
								"west": {"uv": [1, 21], "uv_size": [0.66667, 0.66667]},
								"up": {"uv": [0.66667, 21.66667], "uv_size": [-0.66667, -0.66667]},
								"down": {"uv": [1.66667, 21.66667], "uv_size": [-0.66667, -0.66667]}
							}
						}
					]
				},
				{
					"name": "bodylol",
					"parent": "bodynolegs",
					"pivot": [0, 6, 0],
					"cubes": [
						{
							"origin": [-3, 2, -3],
							"size": [6, 8, 6],
							"inflate": -0.2,
							"pivot": [0, 6, 0],
							"rotation": [90, 0, 0],
							"uv": {
								"north": {"uv": [4, 4.66667], "uv_size": [4, 5.33333]},
								"east": {"uv": [0, 4.66667], "uv_size": [4, 5.33333]},
								"south": {"uv": [12, 4.66667], "uv_size": [4, 5.33333]},
								"west": {"uv": [8, 4.66667], "uv_size": [4, 5.33333]},
								"up": {"uv": [4, 0.66667], "uv_size": [4, 4]},
								"down": {"uv": [12, 0.66667], "uv_size": [-4, 4]}
							}
						}
					]
				},
				{
					"name": "tcheste",
					"parent": "bodylol",
					"pivot": [0, 6, 0]
				},
				{
					"name": "wing0",
					"parent": "bodynolegs",
					"pivot": [-3, 8.25, 0],
					"cubes": [
						{
							"origin": [-3.8, 4.8, -3],
							"size": [1, 4, 6],
							"uv": {
								"north": {"uv": [13.33333, 14], "uv_size": [0.66667, 2.66667]},
								"east": {"uv": [9.33333, 14], "uv_size": [4, 2.66667]},
								"south": {"uv": [18, 14], "uv_size": [0.66667, 2.66667]},
								"west": {"uv": [14, 14], "uv_size": [4, 2.66667]},
								"up": {"uv": [13.33333, 10], "uv_size": [0.66667, 4]},
								"down": {"uv": [14.66667, 10], "uv_size": [-0.66667, 4]}
							}
						}
					]
				},
				{
					"name": "wing1",
					"parent": "bodynolegs",
					"pivot": [3, 8.25, 0],
					"cubes": [
						{
							"origin": [2.8, 4.8, -3],
							"size": [1, 4, 6],
							"uv": {
								"north": {"uv": [4, 14], "uv_size": [0.66667, 2.66667]},
								"east": {"uv": [0, 14], "uv_size": [4, 2.66667]},
								"south": {"uv": [8.66667, 14], "uv_size": [0.66667, 2.66667]},
								"west": {"uv": [4.66667, 14], "uv_size": [4, 2.66667]},
								"up": {"uv": [4, 10], "uv_size": [0.66667, 4]},
								"down": {"uv": [5.33333, 10], "uv_size": [-0.66667, 4]}
							}
						}
					]
				}
			]
		}
	]
}