{
	"format_version": "1.12.0",
	"minecraft:geometry": [
		{
			"description": {
				"identifier": "geometry.billeys_mobs.banana_duckarmor",
				"texture_width": 32,
				"texture_height": 32,
				"visible_bounds_width": 3,
				"visible_bounds_height": 2.5,
				"visible_bounds_offset": [0, 0.75, 0]
			},
			"bones": [
				{
					"name": "ooo",
					"pivot": [0, 0, 0]
				},
				{
					"name": "pop",
					"parent": "ooo",
					"pivot": [0, 0, 0]
				},
				{
					"name": "shake",
					"parent": "pop",
					"pivot": [0, 5, 0]
				},
				{
					"name": "body",
					"parent": "shake",
					"pivot": [0, 4.925, 0]
				},
				{
					"name": "leg0",
					"parent": "body",
					"pivot": [-1.55, 6.675, 0],
					"rotation": [0, 0, 22.5]
				},
				{
					"name": "bone5",
					"parent": "leg0",
					"pivot": [-1.08229, -0.31637, 0],
					"rotation": [0, 0, -22.5]
				},
				{
					"name": "leg1",
					"parent": "body",
					"pivot": [1.55, 6.675, 0],
					"rotation": [0, 0, -22.5]
				},
				{
					"name": "bone4",
					"parent": "leg1",
					"pivot": [1.08229, -0.31637, 0],
					"rotation": [0, 0, 22.5]
				},
				{
					"name": "bone6",
					"parent": "body",
					"pivot": [0, 4.925, -3]
				},
				{
					"name": "bodynolegs",
					"parent": "bone6",
					"pivot": [0, 6, 0]
				},
				{
					"name": "bodylol",
					"parent": "bodynolegs",
					"pivot": [0, 3.925, 1.75]
				},
				{
					"name": "head",
					"parent": "bodylol",
					"pivot": [0, 10, 0.85],
					"cubes": [
						{
							"origin": [-1.5, 10, -0.2],
							"size": [3, 1.8, 2],
							"inflate": 0.1,
							"uv": {
								"north": {"uv": [28.03, 18.03], "uv_size": [2.94, 1.94]},
								"east": {"uv": [29.03, 18.03], "uv_size": [1.94, 1.94]},
								"south": {"uv": [28.03, 18.03], "uv_size": [2.94, 1.94]},
								"west": {"uv": [30.97, 18.03], "uv_size": [-1.94, 1.94]},
								"down": {"uv": [21.032, 28.968], "uv_size": [2.936, -1.936]}
							}
						},
						{
							"origin": [-1.5, 9, -0.2],
							"size": [3, 0.8, 2],
							"inflate": 0.1,
							"uv": {
								"north": {"uv": [28.03, 19.03], "uv_size": [2.94, 0.94]},
								"east": {"uv": [29.03, 19.03], "uv_size": [1.94, 0.94]},
								"south": {"uv": [28.03, 19.03], "uv_size": [2.94, 0.94]},
								"west": {"uv": [30.97, 19.03], "uv_size": [-1.94, 0.94]},
								"down": {"uv": [21.032, 28.968], "uv_size": [2.936, -1.936]}
							}
						},
						{
							"origin": [-1.5, 12, -0.2],
							"size": [3, 0.8, 2],
							"inflate": 0.1,
							"uv": {
								"north": {"uv": [28.03, 18.03], "uv_size": [2.94, 0.94]},
								"east": {"uv": [29.03, 18.03], "uv_size": [1.94, 0.94]},
								"south": {"uv": [28.03, 18.03], "uv_size": [2.94, 0.94]},
								"west": {"uv": [30.97, 18.03], "uv_size": [-1.94, 0.94]}
							}
						}
					]
				},
				{
					"name": "lol",
					"parent": "head",
					"pivot": [0, 12.5, 0.85]
				},
				{
					"name": "beak",
					"parent": "lol",
					"pivot": [0, 12.5, -1.17]
				},
				{
					"name": "bone",
					"parent": "beak",
					"pivot": [0, 12.5, -1.17]
				},
				{
					"name": "bone3",
					"parent": "beak",
					"pivot": [0, 12.5, -1.17]
				},
				{
					"name": "bone7",
					"parent": "lol",
					"pivot": [0, 13.47939, 0.35057],
					"cubes": [
						{
							"origin": [-1.5, 12, -1.2],
							"size": [3, 3, 3],
							"inflate": 0.11,
							"uv": {
								"north": {"uv": [3.03, 2.03], "uv_size": [2.94, 2.94]},
								"east": {"uv": [6.97, 2.03], "uv_size": [-2.94, 2.94]},
								"south": {"uv": [28.03, 12.03], "uv_size": [2.94, 2.94]},
								"west": {"uv": [4.03, 2.03], "uv_size": [2.94, 2.94]},
								"up": {"uv": [11.032, 28.032], "uv_size": [2.936, 2.936]},
								"down": {"uv": [14.032, 12.968], "uv_size": [2.936, -2.936]}
							}
						}
					]
				},
				{
					"name": "bone11",
					"parent": "bone7",
					"pivot": [0, 13.67939, 0.75057]
				},
				{
					"name": "bone10",
					"parent": "bone11",
					"pivot": [0, 10, 0.45]
				},
				{
					"name": "bone9",
					"parent": "bone11",
					"pivot": [0, 15, 0.45]
				},
				{
					"name": "bone2",
					"parent": "bodynolegs",
					"pivot": [0, 9, 1.75]
				},
				{
					"name": "bone8",
					"parent": "bone2",
					"pivot": [0.5, 8, 1.5],
					"rotation": [-22.5, 0, 0],
					"cubes": [
						{
							"origin": [-1.5, 4, -0.5],
							"size": [3, 2, 7],
							"inflate": 0.1,
							"pivot": [0.5, 4, 1.5],
							"rotation": [90, 0, 0],
							"uv": {
								"north": {"uv": [27.03, 27.03], "uv_size": [2.94, 1.94]},
								"east": {"uv": [32, 10.03], "uv_size": [-5.94, 1.94]},
								"south": {"uv": [16.03, 18.03], "uv_size": [2.94, 1.94]},
								"west": {"uv": [26.06, 10.03], "uv_size": [5.94, 1.94]},
								"up": {"uv": [26.032, 9.032], "uv_size": [2.936, 6.936]},
								"down": {"uv": [28.032, 14.968], "uv_size": [2.936, -5.936]}
							}
						},
						{
							"origin": [-1.5, 2.2, -0.5],
							"size": [3, 1.8, 2],
							"inflate": 0.1,
							"pivot": [0.5, 2, -0.5],
							"rotation": [90, 0, 0],
							"uv": {
								"north": {"uv": [28.03, 12.03], "uv_size": [2.94, 1.94]},
								"east": {"uv": [27.03, 25.03], "uv_size": [1.94, 1.94]},
								"south": {"uv": [21.03, 27.03], "uv_size": [2.94, 1.94]},
								"west": {"uv": [28.97, 25.03], "uv_size": [-1.94, 1.94]},
								"up": {"uv": [28.032, 1.032], "uv_size": [2.936, 1.936]},
								"down": {"uv": [19.032, 16.968], "uv_size": [2.936, -1.936]}
							}
						}
					]
				},
				{
					"name": "wing1",
					"parent": "bone2",
					"pivot": [1.525, 10, 0.75],
					"rotation": [0, 0, -22.5],
					"cubes": [
						{
							"origin": [0.5, 9, -0.25],
							"size": [3, 1, 2],
							"inflate": 0.11,
							"uv": {
								"north": {"uv": [28.03, 21.03], "uv_size": [2.94, 0.94]},
								"east": {"uv": [29.03, 15.03], "uv_size": [1.94, 0.94]},
								"south": {"uv": [30.97, 21.03], "uv_size": [-2.94, 0.94]},
								"west": {"uv": [28.03, 9.03], "uv_size": [1.94, 0.94]},
								"up": {"uv": [29.968, 25.032], "uv_size": [-2.936, 1.936]},
								"down": {"uv": [26.032, 12.968], "uv_size": [2.936, -1.936]}
							}
						}
					]
				},
				{
					"name": "wing2",
					"parent": "wing1",
					"pivot": [3.5, 9, 0.75],
					"cubes": [
						{
							"origin": [2.5, 4, -0.25],
							"size": [1, 4.8, 2],
							"inflate": 0.11,
							"uv": {
								"north": {"uv": [27.06, 10.03], "uv_size": [0.94, 4.94]},
								"east": {"uv": [22.03, 32], "uv_size": [1.94, -4.94]},
								"south": {"uv": [30.03, 10.03], "uv_size": [0.94, 4.94]},
								"west": {"uv": [28.03, 10.03], "uv_size": [1.94, 4.94]},
								"up": {"uv": [13.032, 7.032], "uv_size": [0.936, 1.936]},
								"down": {"uv": [22.032, 28.968], "uv_size": [0.936, -1.936]}
							}
						}
					]
				},
				{
					"name": "duck_tail",
					"parent": "bone2",
					"pivot": [0, 10, 1.85],
					"rotation": [90, -67.5, -90],
					"cubes": [
						{
							"origin": [-0.5, 9, 0.35],
							"size": [3, 1, 3],
							"inflate": 0.11,
							"uv": {
								"north": {"uv": [29.97, 1.03], "uv_size": [-2.94, 0.94]},
								"east": {"uv": [28.03, 15.03], "uv_size": [2.94, 0.94]},
								"south": {"uv": [27.03, 1.03], "uv_size": [2.94, 0.94]},
								"west": {"uv": [29.97, 9.03], "uv_size": [-2.94, 0.94]},
								"up": {"uv": [28.032, 25.032], "uv_size": [2.936, 2.936]},
								"down": {"uv": [27.032, 13.968], "uv_size": [2.936, -2.936]}
							}
						}
					]
				},
				{
					"name": "wing5",
					"parent": "duck_tail",
					"pivot": [2.5, 9, 3.85],
					"cubes": [
						{
							"origin": [1.5, 4, 0.35],
							"size": [1, 4.8, 3],
							"inflate": 0.11,
							"uv": {
								"north": {"uv": [28.03, 1.03], "uv_size": [0.94, 4.94]},
								"east": {"uv": [21.03, 31.97], "uv_size": [2.94, -4.94]},
								"south": {"uv": [28.03, 2.03], "uv_size": [0.94, 4.94]},
								"west": {"uv": [27.03, 10.03], "uv_size": [2.94, 4.94]},
								"up": {"uv": [9.032, 23.032], "uv_size": [0.936, 2.936]},
								"down": {"uv": [10.032, 29.968], "uv_size": [0.936, -2.936]}
							}
						}
					]
				},
				{
					"name": "wing6",
					"parent": "bone2",
					"pivot": [0, 10, -0.25],
					"rotation": [-90, 65, -90],
					"cubes": [
						{
							"origin": [-0.5, 9, -1.75],
							"size": [3, 1, 3],
							"inflate": 0.11,
							"uv": {
								"north": {"uv": [29.97, 1.03], "uv_size": [-2.94, 0.94]},
								"east": {"uv": [28.03, 15.03], "uv_size": [2.94, 0.94]},
								"south": {"uv": [27.03, 1.03], "uv_size": [2.94, 0.94]},
								"west": {"uv": [27.03, 9.03], "uv_size": [2.94, 0.94]},
								"up": {"uv": [28.032, 25.032], "uv_size": [2.936, 2.936]},
								"down": {"uv": [27.032, 13.968], "uv_size": [2.936, -2.936]}
							}
						}
					]
				},
				{
					"name": "wing3",
					"parent": "wing6",
					"pivot": [2.5, 9, -0.25],
					"cubes": [
						{
							"origin": [1.5, 4, -1.75],
							"size": [1, 4.8, 3],
							"inflate": 0.11,
							"uv": {
								"north": {"uv": [28.03, 1.03], "uv_size": [0.94, 4.94]},
								"east": {"uv": [21.03, 31.97], "uv_size": [2.94, -4.94]},
								"south": {"uv": [28.03, 2.03], "uv_size": [0.94, 4.94]},
								"west": {"uv": [27.03, 10.03], "uv_size": [2.94, 4.94]},
								"up": {"uv": [9.032, 23.032], "uv_size": [0.936, 2.936]},
								"down": {"uv": [10.032, 29.968], "uv_size": [0.936, -2.936]}
							}
						}
					]
				},
				{
					"name": "wing0",
					"parent": "bone2",
					"pivot": [-1.525, 10, 0.75],
					"rotation": [0, 0, 22.5],
					"cubes": [
						{
							"origin": [-3.5, 9, -0.25],
							"size": [3, 1, 2],
							"inflate": 0.11,
							"uv": {
								"north": {"uv": [30.97, 21.03], "uv_size": [-2.94, 0.94]},
								"east": {"uv": [29.97, 9.03], "uv_size": [-1.94, 0.94]},
								"south": {"uv": [28.03, 21.03], "uv_size": [2.94, 0.94]},
								"west": {"uv": [30.97, 15.03], "uv_size": [-1.94, 0.94]},
								"up": {"uv": [27.032, 25.032], "uv_size": [2.936, 1.936]},
								"down": {"uv": [28.968, 12.968], "uv_size": [-2.936, -1.936]}
							}
						}
					]
				},
				{
					"name": "wing4",
					"parent": "wing0",
					"pivot": [-3.5, 9, 0.75],
					"cubes": [
						{
							"origin": [-3.5, 4, -0.25],
							"size": [1, 4.8, 2],
							"inflate": 0.11,
							"uv": {
								"north": {"uv": [28, 10.03], "uv_size": [-0.94, 4.94]},
								"east": {"uv": [29.97, 10.03], "uv_size": [-1.94, 4.94]},
								"south": {"uv": [30.97, 10.03], "uv_size": [-0.94, 4.94]},
								"west": {"uv": [23.97, 32], "uv_size": [-1.94, -4.94]},
								"up": {"uv": [13.968, 7.032], "uv_size": [-0.936, 1.936]},
								"down": {"uv": [22.968, 28.968], "uv_size": [-0.936, -1.936]}
							}
						}
					]
				}
			]
		}
	]
}