{
	"format_version": "1.12.0",
	"minecraft:geometry": [
		{
			"description": {
				"identifier": "geometry.billeys_mobs.banana_duck",
				"texture_width": 32,
				"texture_height": 32,
				"visible_bounds_width": 3,
				"visible_bounds_height": 2.5,
				"visible_bounds_offset": [0, 0.75, 0]
			},
			"bones": [
				{
					"name": "ooo",
					"pivot": [0, 0, 0]
				},
				{
					"name": "pop",
					"parent": "ooo",
					"pivot": [0, 0, 0]
				},
				{
					"name": "shake",
					"parent": "pop",
					"pivot": [0, 5, 0]
				},
				{
					"name": "body",
					"parent": "shake",
					"pivot": [0, 4.925, 0]
				},
				{
					"name": "leg0",
					"parent": "body",
					"pivot": [-1.55, 6.675, 0],
					"rotation": [0, 0, 22.5],
					"cubes": [
						{
							"origin": [-1.58229, -0.61637, 0],
							"size": [1, 8, 0],
							"uv": {
								"north": {"uv": [6.032, 15.032], "uv_size": [0.936, 7.936]},
								"east": {"uv": [0.032, 0.032], "uv_size": [0, 7.936]},
								"south": {"uv": [7.032, 15.032], "uv_size": [0.936, 7.936]},
								"west": {"uv": [0.032, 0.032], "uv_size": [0, 7.936]},
								"up": {"uv": [0.032, 0.032], "uv_size": [0.936, 0]},
								"down": {"uv": [0.032, 0.032], "uv_size": [0.936, 0]}
							}
						}
					]
				},
				{
					"name": "bone5",
					"parent": "leg0",
					"pivot": [-1.08229, -0.31637, 0],
					"rotation": [0, 0, -22.5],
					"cubes": [
						{
							"origin": [-2.58229, -0.31637, -2],
							"size": [3, 0, 2],
							"uv": {
								"north": {"uv": [0.032, 0.032], "uv_size": [2.936, 0]},
								"east": {"uv": [0.032, 0.032], "uv_size": [1.936, 0]},
								"south": {"uv": [0.032, 0.032], "uv_size": [2.936, 0]},
								"west": {"uv": [0.032, 0.032], "uv_size": [1.936, 0]},
								"up": {"uv": [16.032, 16.032], "uv_size": [2.936, 1.936]},
								"down": {"uv": [17.032, 7.968], "uv_size": [2.936, -1.936]}
							}
						}
					]
				},
				{
					"name": "leg1",
					"parent": "body",
					"pivot": [1.55, 6.675, 0],
					"rotation": [0, 0, -22.5],
					"cubes": [
						{
							"origin": [0.58229, -0.61637, 0],
							"size": [1, 8, 0],
							"uv": {
								"north": {"uv": [14.032, 16.032], "uv_size": [0.936, 7.936]},
								"east": {"uv": [0.032, 0.032], "uv_size": [0, 7.936]},
								"south": {"uv": [15.032, 16.032], "uv_size": [0.936, 7.936]},
								"west": {"uv": [0.032, 0.032], "uv_size": [0, 7.936]},
								"up": {"uv": [0.032, 0.032], "uv_size": [0.936, 0]},
								"down": {"uv": [0.032, 0.032], "uv_size": [0.936, 0]}
							}
						}
					]
				},
				{
					"name": "bone4",
					"parent": "leg1",
					"pivot": [1.08229, -0.31637, 0],
					"rotation": [0, 0, 22.5],
					"cubes": [
						{
							"origin": [-0.41771, -0.31637, -2],
							"size": [3, 0, 2],
							"uv": {
								"north": {"uv": [0.032, 0.032], "uv_size": [2.936, 0]},
								"east": {"uv": [0.032, 0.032], "uv_size": [1.936, 0]},
								"south": {"uv": [0.032, 0.032], "uv_size": [2.936, 0]},
								"west": {"uv": [0.032, 0.032], "uv_size": [1.936, 0]},
								"up": {"uv": [20.032, 6.032], "uv_size": [2.936, 1.936]},
								"down": {"uv": [8.032, 21.968], "uv_size": [2.936, -1.936]}
							}
						}
					]
				},
				{
					"name": "bone6",
					"parent": "body",
					"pivot": [0, 4.925, -3]
				},
				{
					"name": "bodynolegs",
					"parent": "bone6",
					"pivot": [0, 6, 0]
				},
				{
					"name": "bodylol",
					"parent": "bodynolegs",
					"pivot": [0, 3.925, 1.75]
				},
				{
					"name": "head",
					"parent": "bodylol",
					"pivot": [0, 10, 0.85],
					"cubes": [
						{
							"origin": [-1.5, 10, -0.15],
							"size": [3, 2, 2],
							"uv": {
								"north": {"uv": [11.032, 9.032], "uv_size": [2.936, 1.936]},
								"east": {"uv": [8.032, 17.032], "uv_size": [1.936, 1.936]},
								"south": {"uv": [0.032, 12.032], "uv_size": [2.936, 1.936]},
								"west": {"uv": [17.032, 8.032], "uv_size": [1.936, 1.936]},
								"down": {"uv": [17.032, 14.968], "uv_size": [2.936, -1.936]}
							}
						},
						{
							"origin": [-1.5, 9, -0.15],
							"size": [3, 1, 2],
							"uv": {
								"north": {"uv": [11.032, 10.032], "uv_size": [2.936, 0.936]},
								"east": {"uv": [8.032, 18.032], "uv_size": [1.936, 0.936]},
								"south": {"uv": [0.032, 13.032], "uv_size": [2.936, 0.936]},
								"west": {"uv": [17.032, 9.032], "uv_size": [1.936, 0.936]},
								"down": {"uv": [17.032, 14.968], "uv_size": [2.936, -0.936]}
							}
						},
						{
							"origin": [-1.5, 12, -0.15],
							"size": [3, 1, 2],
							"uv": {
								"north": {"uv": [11.032, 9.032], "uv_size": [2.936, 0.936]},
								"east": {"uv": [8.032, 17.032], "uv_size": [1.936, 0.936]},
								"south": {"uv": [0.032, 12.032], "uv_size": [2.936, 0.936]},
								"west": {"uv": [17.032, 8.032], "uv_size": [1.936, 0.936]},
								"up": {"uv": [0.032, 7.032], "uv_size": [2.936, 1.936]}
							}
						}
					],
					"locators": {
						"lead": [0, 10, 1.1]
					}
				},
				{
					"name": "lol",
					"parent": "head",
					"pivot": [0, 12.5, 0.85]
				},
				{
					"name": "beak",
					"parent": "lol",
					"pivot": [0, 12.5, -1.17]
				},
				{
					"name": "bone",
					"parent": "beak",
					"pivot": [0, 12.5, -1.17],
					"cubes": [
						{
							"origin": [-1, 12.5, -3.15],
							"size": [2, 0.5, 2],
							"uv": {
								"north": {"uv": [23.032, 13.032], "uv_size": [1.936, 0.936]},
								"east": {"uv": [23.032, 17.032], "uv_size": [1.936, 0.936]},
								"south": {"uv": [23.032, 18.032], "uv_size": [1.936, 0.936]},
								"west": {"uv": [19.032, 23.032], "uv_size": [1.936, 0.936]},
								"up": {"uv": [21.032, 10.032], "uv_size": [1.936, 1.936]},
								"down": {"uv": [21.032, 13.968], "uv_size": [1.936, -1.936]}
							}
						}
					]
				},
				{
					"name": "bone3",
					"parent": "beak",
					"pivot": [0, 12.5, -1.17],
					"cubes": [
						{
							"origin": [-1, 12, -3.15],
							"size": [2, 0.5, 2],
							"uv": {
								"north": {"uv": [23.032, 19.032], "uv_size": [1.936, 0.936]},
								"east": {"uv": [21.032, 23.032], "uv_size": [1.936, 0.936]},
								"south": {"uv": [23.032, 21.032], "uv_size": [1.936, 0.936]},
								"west": {"uv": [23.032, 22.032], "uv_size": [1.936, 0.936]},
								"up": {"uv": [19.032, 21.032], "uv_size": [1.936, 1.936]},
								"down": {"uv": [21.032, 22.968], "uv_size": [1.936, -1.936]}
							}
						}
					]
				},
				{
					"name": "bone7",
					"parent": "lol",
					"pivot": [0, 13.47939, 0.35057],
					"cubes": [
						{
							"origin": [-1.5, 12, -1.15],
							"size": [3, 3, 3],
							"inflate": 0.02,
							"uv": {
								"north": {"uv": [3.032, 12.032], "uv_size": [2.936, 2.936]},
								"east": {"uv": [11.032, 12.032], "uv_size": [2.936, 2.936]},
								"south": {"uv": [13.032, 4.032], "uv_size": [2.936, 2.936]},
								"west": {"uv": [14.032, 7.032], "uv_size": [2.936, 2.936]},
								"up": {"uv": [8.032, 14.032], "uv_size": [2.936, 2.936]},
								"down": {"uv": [14.032, 12.968], "uv_size": [2.936, -2.936]}
							}
						}
					],
					"locators": {
						"zee": [0, 16, 0.35]
					}
				},
				{
					"name": "hat",
					"parent": "bone7",
					"pivot": [0, 15.02, 0.35]
				},
				{
					"name": "bone11",
					"parent": "bone7",
					"pivot": [0, 13.67939, 0.75057]
				},
				{
					"name": "bone10",
					"parent": "bone11",
					"pivot": [0, 10, 0.45],
					"cubes": [
						{
							"origin": [-1.53, 12, -0.15],
							"size": [3.06, 1, 1],
							"uv": {
								"north": {"uv": [15.032, 9.032], "uv_size": [0.936, 0.936]},
								"east": {"uv": [15.032, 9.032], "uv_size": [0.936, 0.936]},
								"south": {"uv": [15.032, 9.032], "uv_size": [0.936, 0.936]},
								"west": {"uv": [15.032, 9.032], "uv_size": [0.936, 0.936]},
								"up": {"uv": [15.968, 9.968], "uv_size": [-0.936, -0.936]},
								"down": {"uv": [15.968, 9.968], "uv_size": [-0.936, -0.936]}
							}
						}
					]
				},
				{
					"name": "bone9",
					"parent": "bone11",
					"pivot": [0, 15, 0.45],
					"cubes": [
						{
							"origin": [-1.53, 14, -0.15],
							"size": [3.06, 1, 1],
							"uv": {
								"north": {"uv": [15.032, 7.032], "uv_size": [0.936, 0.936]},
								"east": {"uv": [15.032, 7.032], "uv_size": [0.936, 0.936]},
								"south": {"uv": [15.032, 7.032], "uv_size": [0.936, 0.936]},
								"west": {"uv": [15.032, 7.032], "uv_size": [0.936, 0.936]},
								"up": {"uv": [15.968, 7.968], "uv_size": [-0.936, -0.936]},
								"down": {"uv": [15.968, 7.968], "uv_size": [-0.936, -0.936]}
							}
						}
					]
				},
				{
					"name": "endrod",
					"parent": "head",
					"pivot": [0, 11.5, 1.85]
				},
				{
					"name": "bone2",
					"parent": "bodynolegs",
					"pivot": [0, 9, 1.75]
				},
				{
					"name": "bone8",
					"parent": "bone2",
					"pivot": [0.5, 8, 1.5],
					"rotation": [-22.5, 0, 0],
					"cubes": [
						{
							"origin": [-1.5, 4, -0.5],
							"size": [3, 2, 7],
							"pivot": [0.5, 4, 1.5],
							"rotation": [90, 0, 0],
							"uv": {
								"north": {"uv": [10.032, 18.032], "uv_size": [2.936, 1.936]},
								"east": {"uv": [9.032, 0.032], "uv_size": [6.936, 1.936]},
								"south": {"uv": [19.032, 19.032], "uv_size": [2.936, 1.936]},
								"west": {"uv": [9.032, 2.032], "uv_size": [6.936, 1.936]},
								"up": {"uv": [0.032, 0.032], "uv_size": [2.936, 6.936]},
								"down": {"uv": [3.032, 6.968], "uv_size": [2.936, -6.936]}
							}
						},
						{
							"origin": [-1.5, 2, -0.5],
							"size": [3, 2, 2],
							"pivot": [0.5, 2, -0.5],
							"rotation": [90, 0, 0],
							"uv": {
								"north": {"uv": [14.032, 13.032], "uv_size": [2.936, 1.936]},
								"east": {"uv": [19.032, 0.032], "uv_size": [1.936, 1.936]},
								"south": {"uv": [0.032, 15.032], "uv_size": [2.936, 1.936]},
								"west": {"uv": [19.032, 3.032], "uv_size": [1.936, 1.936]},
								"up": {"uv": [19.032, 8.032], "uv_size": [2.936, 1.936]},
								"down": {"uv": [19.032, 16.968], "uv_size": [2.936, -1.936]}
							}
						}
					]
				},
				{
					"name": "wing1",
					"parent": "bone2",
					"pivot": [1.525, 10, 0.75],
					"rotation": [0, 0, -22.5],
					"cubes": [
						{
							"origin": [0.5, 9, -0.25],
							"size": [3, 1, 2],
							"inflate": 0.01,
							"uv": {
								"north": {"uv": [3.032, 23.032], "uv_size": [2.936, 0.936]},
								"east": {"uv": [5.032, 24.032], "uv_size": [1.936, 0.936]},
								"south": {"uv": [6.032, 23.032], "uv_size": [2.936, 0.936]},
								"west": {"uv": [24.032, 5.032], "uv_size": [1.936, 0.936]},
								"up": {"uv": [0.032, 20.032], "uv_size": [2.936, 1.936]},
								"down": {"uv": [3.032, 21.968], "uv_size": [2.936, -1.936]}
							}
						}
					]
				},
				{
					"name": "wing2",
					"parent": "wing1",
					"pivot": [3.5, 9, 0.75],
					"cubes": [
						{
							"origin": [2.5, 4, -0.25],
							"size": [1, 5, 2],
							"inflate": 0.01,
							"uv": {
								"north": {"uv": [13.032, 18.032], "uv_size": [0.936, 4.936]},
								"east": {"uv": [9.032, 4.032], "uv_size": [1.936, 4.936]},
								"south": {"uv": [20.032, 10.032], "uv_size": [0.936, 4.936]},
								"west": {"uv": [9.032, 9.032], "uv_size": [1.936, 4.936]},
								"up": {"uv": [13.032, 7.032], "uv_size": [0.936, 1.936]},
								"down": {"uv": [13.032, 24.968], "uv_size": [0.936, -1.936]}
							}
						}
					]
				},
				{
					"name": "duck_tail",
					"parent": "bone2",
					"pivot": [0, 10, 1.85],
					"rotation": [90, -67.5, -90],
					"cubes": [
						{
							"origin": [-0.5, 9, 0.35],
							"size": [3, 1, 3],
							"inflate": 0.01,
							"uv": {
								"north": {"uv": [22.032, 8.032], "uv_size": [2.936, 0.936]},
								"east": {"uv": [22.032, 9.032], "uv_size": [2.936, 0.936]},
								"south": {"uv": [22.032, 15.032], "uv_size": [2.936, 0.936]},
								"west": {"uv": [22.032, 16.032], "uv_size": [2.936, 0.936]},
								"up": {"uv": [3.032, 15.032], "uv_size": [2.936, 2.936]},
								"down": {"uv": [11.032, 17.968], "uv_size": [2.936, -2.936]}
							}
						}
					]
				},
				{
					"name": "wing5",
					"parent": "duck_tail",
					"pivot": [2.5, 9, 1.85],
					"cubes": [
						{
							"origin": [1.5, 4, 0.35],
							"size": [1, 5, 3],
							"inflate": 0.01,
							"uv": {
								"north": {"uv": [16.032, 20.032], "uv_size": [0.936, 4.936]},
								"east": {"uv": [6.032, 0.032], "uv_size": [2.936, 4.936]},
								"south": {"uv": [17.032, 20.032], "uv_size": [0.936, 4.936]},
								"west": {"uv": [6.032, 5.032], "uv_size": [2.936, 4.936]},
								"up": {"uv": [8.032, 10.032], "uv_size": [0.936, 2.936]},
								"down": {"uv": [22.032, 19.968], "uv_size": [0.936, -2.936]}
							}
						}
					]
				},
				{
					"name": "wing6",
					"parent": "bone2",
					"pivot": [0, 10, -0.25],
					"rotation": [-90, 65, -90],
					"cubes": [
						{
							"origin": [-0.5, 9, -1.75],
							"size": [3, 1, 3],
							"inflate": 0.01,
							"uv": {
								"north": {"uv": [23.032, 6.032], "uv_size": [2.936, 0.936]},
								"east": {"uv": [23.032, 7.032], "uv_size": [2.936, 0.936]},
								"south": {"uv": [23.032, 10.032], "uv_size": [2.936, 0.936]},
								"west": {"uv": [23.032, 11.032], "uv_size": [2.936, 0.936]},
								"up": {"uv": [16.032, 0.032], "uv_size": [2.936, 2.936]},
								"down": {"uv": [16.032, 5.968], "uv_size": [2.936, -2.936]}
							}
						}
					]
				},
				{
					"name": "wing3",
					"parent": "wing6",
					"pivot": [2.5, 9, -0.25],
					"cubes": [
						{
							"origin": [1.5, 4, -1.75],
							"size": [1, 5, 3],
							"inflate": 0.01,
							"uv": {
								"north": {"uv": [18.032, 20.032], "uv_size": [0.936, 4.936]},
								"east": {"uv": [0.032, 7.032], "uv_size": [2.936, 4.936]},
								"south": {"uv": [21.032, 0.032], "uv_size": [0.936, 4.936]},
								"west": {"uv": [3.032, 7.032], "uv_size": [2.936, 4.936]},
								"up": {"uv": [9.032, 23.032], "uv_size": [0.936, 2.936]},
								"down": {"uv": [10.032, 25.968], "uv_size": [0.936, -2.936]}
							}
						}
					]
				},
				{
					"name": "bowtie",
					"parent": "wing3",
					"pivot": [2.5, 9, -0.25],
					"rotation": [0, -90, 0]
				},
				{
					"name": "wing0",
					"parent": "bone2",
					"pivot": [-1.525, 10, 0.75],
					"rotation": [0, 0, 22.5],
					"cubes": [
						{
							"origin": [-3.5, 9, -0.25],
							"size": [3, 1, 2],
							"inflate": 0.01,
							"uv": {
								"north": {"uv": [22.032, 20.032], "uv_size": [2.936, 0.936]},
								"east": {"uv": [1.032, 24.032], "uv_size": [1.936, 0.936]},
								"south": {"uv": [0.032, 23.032], "uv_size": [2.936, 0.936]},
								"west": {"uv": [3.032, 24.032], "uv_size": [1.936, 0.936]},
								"up": {"uv": [19.032, 17.032], "uv_size": [2.936, 1.936]},
								"down": {"uv": [19.032, 20.968], "uv_size": [2.936, -1.936]}
							}
						}
					]
				},
				{
					"name": "wing4",
					"parent": "wing0",
					"pivot": [-3.5, 9, 0.75],
					"cubes": [
						{
							"origin": [-3.5, 4, -0.25],
							"size": [1, 5, 2],
							"inflate": 0.01,
							"uv": {
								"north": {"uv": [11.032, 20.032], "uv_size": [0.936, 4.936]},
								"east": {"uv": [6.032, 10.032], "uv_size": [1.936, 4.936]},
								"south": {"uv": [12.032, 20.032], "uv_size": [0.936, 4.936]},
								"west": {"uv": [11.032, 4.032], "uv_size": [1.936, 4.936]},
								"up": {"uv": [23.032, 23.032], "uv_size": [0.936, 1.936]},
								"down": {"uv": [0.032, 25.968], "uv_size": [0.936, -1.936]}
							}
						}
					]
				}
			]
		}
	]
}