{
	"format_version": "1.12.0",
	"minecraft:geometry": [
		{
			"description": {
				"identifier": "geometry.billduckendrod",
				"texture_width": 48,
				"texture_height": 48,
				"visible_bounds_width": 3,
				"visible_bounds_height": 2.5,
				"visible_bounds_offset": [0, 0.75, 0]
			},
			"bones": [
				{
					"name": "ooo",
					"pivot": [0, 0, 0]
				},
				{
					"name": "pop",
					"parent": "ooo",
					"pivot": [0, 0, 0]
				},
				{
					"name": "shake",
					"parent": "pop",
					"pivot": [0, 5, 0]
				},
				{
					"name": "body",
					"parent": "shake",
					"pivot": [0, 4.925, 0]
				},
				{
					"name": "leg0",
					"parent": "body",
					"pivot": [-1.55, 6.675, 0],
					"rotation": [0, 0, 22.5]
				},
				{
					"name": "bone5",
					"parent": "leg0",
					"pivot": [-1.08229, -0.31637, 0],
					"rotation": [0, 0, -22.5]
				},
				{
					"name": "leg1",
					"parent": "body",
					"pivot": [1.55, 6.675, 0],
					"rotation": [0, 0, -22.5]
				},
				{
					"name": "bone4",
					"parent": "leg1",
					"pivot": [1.08229, -0.31637, 0],
					"rotation": [0, 0, 22.5]
				},
				{
					"name": "bone6",
					"parent": "body",
					"pivot": [0, 4.925, -3]
				},
				{
					"name": "bodynolegs",
					"parent": "bone6",
					"pivot": [0, 6, 0]
				},
				{
					"name": "bodylol",
					"parent": "bodynolegs",
					"pivot": [0, 3.925, 1.75]
				},
				{
					"name": "head",
					"parent": "bodylol",
					"pivot": [0, 10, 0.85]
				},
				{
					"name": "lol",
					"parent": "head",
					"pivot": [0, 12.5, 0.85]
				},
				{
					"name": "beak",
					"parent": "lol",
					"pivot": [0, 12.5, -1.17]
				},
				{
					"name": "bone",
					"parent": "beak",
					"pivot": [0, 12.5, -1.17],
					"cubes": [
						{
							"origin": [-1, 12.5, -3.15],
							"size": [2, 0.5, 2],
							"uv": {
								"north": {"uv": [23.032, 13.032], "uv_size": [1.936, 0.936]},
								"east": {"uv": [23.032, 17.032], "uv_size": [1.936, 0.936]},
								"south": {"uv": [23.032, 18.032], "uv_size": [1.936, 0.936]},
								"west": {"uv": [19.032, 23.032], "uv_size": [1.936, 0.936]},
								"up": {"uv": [21.032, 10.032], "uv_size": [1.936, 1.936]},
								"down": {"uv": [21.032, 13.968], "uv_size": [1.936, -1.936]}
							}
						}
					]
				},
				{
					"name": "bone3",
					"parent": "beak",
					"pivot": [0, 12.5, -1.17],
					"cubes": [
						{
							"origin": [-1, 12, -3.15],
							"size": [2, 0.5, 2],
							"uv": {
								"north": {"uv": [23.032, 19.032], "uv_size": [1.936, 0.936]},
								"east": {"uv": [21.032, 23.032], "uv_size": [1.936, 0.936]},
								"south": {"uv": [23.032, 21.032], "uv_size": [1.936, 0.936]},
								"west": {"uv": [23.032, 22.032], "uv_size": [1.936, 0.936]},
								"up": {"uv": [19.032, 21.032], "uv_size": [1.936, 1.936]},
								"down": {"uv": [21.032, 22.968], "uv_size": [1.936, -1.936]}
							}
						}
					]
				},
				{
					"name": "bone7",
					"parent": "lol",
					"pivot": [0, 13.47939, 0.35057],
					"cubes": [
						{
							"origin": [-1.5, 12, -1.15],
							"size": [3, 3, 3],
							"inflate": 0.02,
							"uv": {
								"north": {"uv": [3.032, 12.032], "uv_size": [2.936, 2.936]},
								"east": {"uv": [11.032, 12.032], "uv_size": [2.936, 2.936]},
								"south": {"uv": [13.032, 4.032], "uv_size": [2.936, 2.936]},
								"west": {"uv": [14.032, 7.032], "uv_size": [2.936, 2.936]},
								"up": {"uv": [8.032, 14.032], "uv_size": [2.936, 2.936]},
								"down": {"uv": [14.032, 12.968], "uv_size": [2.936, -2.936]}
							}
						}
					],
					"locators": {
						"zee": [0, 16, 0.35]
					}
				},
				{
					"name": "hat",
					"parent": "bone7",
					"pivot": [0, 18, 0.35]
				},
				{
					"name": "bone11",
					"parent": "bone7",
					"pivot": [0, 13.67939, 0.75057]
				},
				{
					"name": "bone10",
					"parent": "bone11",
					"pivot": [0, 10, 0.45],
					"cubes": [
						{
							"origin": [-1.53, 12, -0.15],
							"size": [3.06, 1, 1],
							"uv": {
								"north": {"uv": [15.032, 9.032], "uv_size": [0.936, 0.936]},
								"east": {"uv": [15.032, 9.032], "uv_size": [0.936, 0.936]},
								"south": {"uv": [15.032, 9.032], "uv_size": [0.936, 0.936]},
								"west": {"uv": [15.032, 9.032], "uv_size": [0.936, 0.936]},
								"up": {"uv": [15.968, 9.968], "uv_size": [-0.936, -0.936]},
								"down": {"uv": [15.968, 9.968], "uv_size": [-0.936, -0.936]}
							}
						}
					]
				},
				{
					"name": "bone9",
					"parent": "bone11",
					"pivot": [0, 15, 0.45],
					"cubes": [
						{
							"origin": [-1.53, 14, -0.15],
							"size": [3.06, 1, 1],
							"uv": {
								"north": {"uv": [15.032, 7.032], "uv_size": [0.936, 0.936]},
								"east": {"uv": [15.032, 7.032], "uv_size": [0.936, 0.936]},
								"south": {"uv": [15.032, 7.032], "uv_size": [0.936, 0.936]},
								"west": {"uv": [15.032, 7.032], "uv_size": [0.936, 0.936]},
								"up": {"uv": [15.968, 7.968], "uv_size": [-0.936, -0.936]},
								"down": {"uv": [15.968, 7.968], "uv_size": [-0.936, -0.936]}
							}
						}
					]
				},
				{
					"name": "endrod",
					"parent": "head",
					"pivot": [0, 11.5, 1.85],
					"cubes": [
						{
							"origin": [-1, 10.5, 1.85],
							"size": [2, 2, 1],
							"uv": {
								"north": {"uv": [2, 32], "uv_size": [2, 2]},
								"east": {"uv": [4, 27], "uv_size": [1, 2]},
								"south": {"uv": [9, 29], "uv_size": [2, 2]},
								"west": {"uv": [6, 33], "uv_size": [1, 2]},
								"up": {"uv": [4, 25], "uv_size": [2, 1]},
								"down": {"uv": [1, 34], "uv_size": [2, -1]}
							}
						},
						{
							"origin": [0.15, 11.5, 1.85],
							"size": [1, 1, 1],
							"pivot": [0.5, 12, 2.35],
							"rotation": [0, 0, 12.5],
							"uv": {
								"north": {"uv": [47.032, 2.032], "uv_size": [0.936, 0.936]},
								"east": {"uv": [47.032, 2.032], "uv_size": [0.936, 0.936]},
								"south": {"uv": [47.032, 2.032], "uv_size": [0.936, 0.936]},
								"west": {"uv": [47.032, 2.032], "uv_size": [0.936, 0.936]},
								"up": {"uv": [47.968, 0.968], "uv_size": [-0.936, -0.936]},
								"down": {"uv": [47.968, 2.968], "uv_size": [-0.936, -0.936]}
							}
						},
						{
							"origin": [-1.15, 11.5, 1.85],
							"size": [1, 1, 1],
							"pivot": [-0.5, 12, 2.35],
							"rotation": [0, 0, -12.5],
							"uv": {
								"north": {"uv": [47.968, 2.032], "uv_size": [-0.936, 0.936]},
								"east": {"uv": [47.968, 2.032], "uv_size": [-0.936, 0.936]},
								"south": {"uv": [47.968, 2.032], "uv_size": [-0.936, 0.936]},
								"west": {"uv": [47.968, 2.032], "uv_size": [-0.936, 0.936]},
								"up": {"uv": [47.032, 0.968], "uv_size": [0.936, -0.936]},
								"down": {"uv": [47.032, 2.968], "uv_size": [0.936, -0.936]}
							}
						},
						{
							"origin": [-0.5, 9, 1.85],
							"size": [1, 6, 1],
							"pivot": [-0.5, 10.5, 3.35],
							"rotation": [-90, 0, 0],
							"uv": {
								"north": {"uv": [8.032, 6.032], "uv_size": [0.936, 5.936]},
								"east": {"uv": [8.032, 6.032], "uv_size": [0.936, 5.936]},
								"south": {"uv": [8.032, 6.032], "uv_size": [0.936, 5.936]},
								"west": {"uv": [8.032, 6.032], "uv_size": [0.936, 5.936]},
								"up": {"uv": [8.968, 5.968], "uv_size": [-0.936, -0.936]}
							}
						}
					]
				},
				{
					"name": "bone2",
					"parent": "bodynolegs",
					"pivot": [0, 9, 1.75]
				},
				{
					"name": "bone8",
					"parent": "bone2",
					"pivot": [0.5, 8, 1.5],
					"rotation": [-22.5, 0, 0]
				},
				{
					"name": "wing1",
					"parent": "bone2",
					"pivot": [1.525, 10, 0.75],
					"rotation": [0, 0, -22.5]
				},
				{
					"name": "wing2",
					"parent": "wing1",
					"pivot": [3.5, 9, 0.75]
				},
				{
					"name": "duck_tail",
					"parent": "bone2",
					"pivot": [0, 10, 1.75],
					"rotation": [90, -67.5, -90]
				},
				{
					"name": "wing5",
					"parent": "duck_tail",
					"pivot": [2.5, 9, 1.75]
				},
				{
					"name": "wing6",
					"parent": "bone2",
					"pivot": [0, 10, -0.25],
					"rotation": [-90, 65, -90]
				},
				{
					"name": "wing3",
					"parent": "wing6",
					"pivot": [2.5, 9, -0.25]
				},
				{
					"name": "wing0",
					"parent": "bone2",
					"pivot": [-1.525, 10, 0.75],
					"rotation": [0, 0, 22.5]
				},
				{
					"name": "wing4",
					"parent": "wing0",
					"pivot": [-3.5, 9, 0.75]
				}
			]
		}
	]
}