{
	"format_version": "1.12.0",
	"minecraft:geometry": [
		{
			"description": {
				"identifier": "geometry.billeys_mobs.banana_duckbaby",
				"texture_width": 32,
				"texture_height": 32,
				"visible_bounds_width": 3,
				"visible_bounds_height": 2.5,
				"visible_bounds_offset": [0, 0.75, 0]
			},
			"bones": [
				{
					"name": "ooo",
					"pivot": [0, 0, 0]
				},
				{
					"name": "body",
					"parent": "ooo",
					"pivot": [0, 5, 1]
				},
				{
					"name": "leg0",
					"parent": "body",
					"pivot": [-1, 4.5, 1]
				},
				{
					"name": "bone15",
					"parent": "leg0",
					"pivot": [-1, 3.5, 1],
					"rotation": [0, 0, 27.5],
					"cubes": [
						{
							"origin": [-2, -0.9, 1],
							"size": [1, 6.3, 0],
							"uv": {
								"east": {"uv": [0, 0], "uv_size": [0, 6]},
								"south": {"uv": [4, 4], "uv_size": [1, 6]},
								"west": {"uv": [0, 0], "uv_size": [0, 6]},
								"up": {"uv": [0, 0], "uv_size": [3, 0]},
								"down": {"uv": [0, 0], "uv_size": [3, 0]}
							}
						}
					]
				},
				{
					"name": "bone5",
					"parent": "bone15",
					"pivot": [-1.56, -0.58448, 1],
					"rotation": [0, 0, -27.5],
					"cubes": [
						{
							"origin": [-2.10365, -0.67642, -1],
							"size": [1.1, 0, 2],
							"uv": {
								"north": {"uv": [0, 0], "uv_size": [3, 0]},
								"east": {"uv": [0, 0], "uv_size": [3, 0]},
								"south": {"uv": [0, 0], "uv_size": [3, 0]},
								"west": {"uv": [0, 0], "uv_size": [3, 0]},
								"up": {"uv": [4, 4], "uv_size": [1, 2]}
							}
						}
					]
				},
				{
					"name": "leg1",
					"parent": "body",
					"pivot": [1, 4.5, 1]
				},
				{
					"name": "bone14",
					"parent": "leg1",
					"pivot": [1, 3.5, 1],
					"rotation": [0, 0, -27.5],
					"cubes": [
						{
							"origin": [1, -0.9, 1],
							"size": [1, 6.3, 0],
							"uv": {
								"north": {"uv": [4, 5], "uv_size": [1, 6]},
								"east": {"uv": [4, 5], "uv_size": [1, 6]},
								"west": {"uv": [4, 5], "uv_size": [1, 6]},
								"up": {"uv": [5, 11], "uv_size": [-1, -6]},
								"down": {"uv": [5, 11], "uv_size": [-1, -6]}
							}
						}
					]
				},
				{
					"name": "bone4",
					"parent": "bone14",
					"pivot": [1.65235, -0.4026, 1],
					"rotation": [0, 0, 27.5],
					"cubes": [
						{
							"origin": [1.09235, -0.7226, -1],
							"size": [1.1, 0, 2],
							"uv": {
								"north": {"uv": [0, 0], "uv_size": [3, 0]},
								"east": {"uv": [0, 0], "uv_size": [3, 0]},
								"south": {"uv": [0, 0], "uv_size": [3, 0]},
								"west": {"uv": [0, 0], "uv_size": [3, 0]},
								"up": {"uv": [7, 0], "uv_size": [1, 2]}
							}
						}
					]
				},
				{
					"name": "bone6",
					"parent": "body",
					"pivot": [0, 5, -2]
				},
				{
					"name": "bodynolegs",
					"parent": "bone6",
					"pivot": [0, 6, 1.75]
				},
				{
					"name": "bone9",
					"parent": "bodynolegs",
					"pivot": [0, 7.4, 1.75],
					"rotation": [-27.5, 0, 0],
					"cubes": [
						{
							"origin": [-1, 5.20439, 0.72557],
							"size": [2, 2.5, 2],
							"inflate": 0.01,
							"uv": {
								"north": {"uv": [9, 9], "uv_size": [2, 3]},
								"east": {"uv": [23, 8], "uv_size": [2, 3]},
								"south": {"uv": [24, 8], "uv_size": [2, 3]},
								"west": {"uv": [9, 6], "uv_size": [2, 3]},
								"up": {"uv": [2, 12], "uv_size": [2, 2]},
								"down": {"uv": [4, 14], "uv_size": [2, -2]}
							}
						}
					]
				},
				{
					"name": "bone11",
					"parent": "bone9",
					"pivot": [0, 5.4, 1.75],
					"rotation": [-17.5, 0, 0],
					"cubes": [
						{
							"origin": [-1, 3.40439, 0.72557],
							"size": [2, 2.1, 2],
							"uv": {
								"north": {"uv": [6, 12], "uv_size": [2, 2]},
								"east": {"uv": [6, 13], "uv_size": [2, 2]},
								"south": {"uv": [24, 10], "uv_size": [2, 2]},
								"west": {"uv": [13, 0], "uv_size": [2, 2]},
								"up": {"uv": [13, 2], "uv_size": [2, 2]},
								"down": {"uv": [13, 6], "uv_size": [2, -2]}
							}
						}
					]
				},
				{
					"name": "bone12",
					"parent": "bone11",
					"pivot": [0, 3.4, 1.75],
					"rotation": [-20, 0, 0],
					"cubes": [
						{
							"origin": [-0.85, 1.40439, 0.87557],
							"size": [1.7, 2.3, 1.7],
							"uv": {
								"north": {"uv": [13, 4], "uv_size": [2, 2]},
								"east": {"uv": [13, 12], "uv_size": [2, 2]},
								"south": {"uv": [24, 12], "uv_size": [2, 2]},
								"west": {"uv": [0, 14], "uv_size": [2, 2]},
								"up": {"uv": [2, 14], "uv_size": [2, 2]},
								"down": {"uv": [4, 16], "uv_size": [2, -2]}
							}
						}
					]
				},
				{
					"name": "bone13",
					"parent": "bone12",
					"pivot": [0, 1.4, 1.75],
					"cubes": [
						{
							"origin": [-0.5, 0.90439, 1.22557],
							"size": [1, 1.3, 1],
							"uv": {
								"north": {"uv": [12, 14], "uv_size": [1, 1]},
								"east": {"uv": [15, 14], "uv_size": [1, 1]},
								"south": {"uv": [24, 18], "uv_size": [1, 1]},
								"west": {"uv": [24, 19], "uv_size": [1, 1]},
								"up": {"uv": [0, 25], "uv_size": [1, 1]},
								"down": {"uv": [1, 26], "uv_size": [1, -1]}
							}
						}
					]
				},
				{
					"name": "bodylol",
					"parent": "bodynolegs",
					"pivot": [0, 7.4, 1.75],
					"rotation": [5, 0, 0],
					"cubes": [
						{
							"origin": [-1, 7.10439, 0.72557],
							"size": [2, 2.3, 2],
							"uv": {
								"north": {"uv": [6, 14], "uv_size": [2, 2]},
								"east": {"uv": [5, 13], "uv_size": [2, 2]},
								"south": {"uv": [21, 7], "uv_size": [2, 2]},
								"west": {"uv": [12, 15], "uv_size": [2, 2]},
								"up": {"uv": [20, 8], "uv_size": [2, 2]},
								"down": {"uv": [15, 2], "uv_size": [2, -2]}
							}
						}
					]
				},
				{
					"name": "head",
					"parent": "bodylol",
					"pivot": [0, 9.4, 1.75],
					"rotation": [12.5, 0, 0],
					"cubes": [
						{
							"origin": [-1, 9.20439, 0.72557],
							"size": [2, 2.2, 2],
							"inflate": -0.01,
							"uv": {
								"north": {"uv": [22, 1], "uv_size": [2, 2]},
								"east": {"uv": [15, 0], "uv_size": [2, 2]},
								"south": {"uv": [15, 0], "uv_size": [2, 2]},
								"west": {"uv": [20, 8], "uv_size": [2, 2]},
								"up": {"uv": [17, 6], "uv_size": [2, 2]},
								"down": {"uv": [17, 8], "uv_size": [2, -2]}
							}
						}
					],
					"locators": {
						"lead": [0, 9.4, 1.75]
					}
				},
				{
					"name": "bone2",
					"parent": "head",
					"pivot": [0, 11.45833, 1.71995],
					"rotation": [12.5, 0, 0],
					"cubes": [
						{
							"origin": [-1, 11.15439, 0.72557],
							"size": [2, 1.7, 2],
							"inflate": -0.02,
							"uv": {
								"north": {"uv": [0, 14], "uv_size": [2, 2]},
								"east": {"uv": [9, 7], "uv_size": [2, 2]},
								"south": {"uv": [20, 7], "uv_size": [2, 2]},
								"west": {"uv": [6, 14], "uv_size": [2, 2]},
								"up": {"uv": [13, 3], "uv_size": [2, 2]},
								"down": {"uv": [13, 14], "uv_size": [2, -2]}
							}
						}
					]
				},
				{
					"name": "lol",
					"parent": "bone2",
					"pivot": [0, 13.45317, 1.49069],
					"rotation": [-25, 0, 0]
				},
				{
					"name": "bone7",
					"parent": "lol",
					"pivot": [0, 13.90439, 1.52557],
					"cubes": [
						{
							"origin": [-1, 12.40439, 0.32557],
							"size": [2, 3, 2.4],
							"inflate": 0.05,
							"uv": {
								"north": {"uv": [17, 7], "uv_size": [1, 1]},
								"east": {"uv": [13, 3], "uv_size": [2, 3]},
								"south": {"uv": [9, 6], "uv_size": [2, 3]},
								"west": {"uv": [13, 0], "uv_size": [2, 3]},
								"up": {"uv": [20, 8], "uv_size": [2, 2]},
								"down": {"uv": [12, 23], "uv_size": [2, -2]}
							}
						},
						{
							"origin": [-1, 13.40439, 0.32557],
							"size": [2, 1, 1.2],
							"inflate": 0.06,
							"uv": {
								"east": {"uv": [12, 1], "uv_size": [1, 1]},
								"west": {"uv": [11, 7], "uv_size": [1, 1]}
							}
						}
					]
				},
				{
					"name": "hat",
					"parent": "bone7",
					"pivot": [0, 0, 0]
				},
				{
					"name": "bone18",
					"parent": "bone7",
					"pivot": [0, 13.9, 1]
				},
				{
					"name": "bone17",
					"parent": "bone18",
					"pivot": [0, 12.35249, 0.96915],
					"cubes": [
						{
							"origin": [-1.0125, 12.40439, 0.32557],
							"size": [2.025, 0.9, 1.2],
							"inflate": 0.049,
							"uv": {
								"north": {"uv": [10, 8], "uv_size": [1, 1]},
								"east": {"uv": [13, 5], "uv_size": [1, 1]},
								"south": {"uv": [9, 8], "uv_size": [1, 1]},
								"west": {"uv": [13, 2], "uv_size": [1, 1]},
								"up": {"uv": [12, 9], "uv_size": [-1, -1]},
								"down": {"uv": [12, 9], "uv_size": [-1, -1]}
							}
						}
					]
				},
				{
					"name": "bone16",
					"parent": "bone18",
					"pivot": [0, 15.45249, 0.96915],
					"cubes": [
						{
							"origin": [-1.0125, 14.50439, 0.32557],
							"size": [2.025, 0.89, 1.2],
							"inflate": 0.049,
							"uv": {
								"north": {"uv": [10, 6], "uv_size": [1, 1]},
								"east": {"uv": [13, 3], "uv_size": [1, 1]},
								"south": {"uv": [10, 6], "uv_size": [1, 1]},
								"west": {"uv": [13, 0], "uv_size": [1, 1]},
								"up": {"uv": [11, 7], "uv_size": [-1, -1]},
								"down": {"uv": [11, 7], "uv_size": [-1, -1]}
							}
						}
					]
				},
				{
					"name": "beak",
					"parent": "lol",
					"pivot": [0.1, 6.90195, 1.05581],
					"rotation": [2, 0, 0]
				},
				{
					"name": "bone",
					"parent": "beak",
					"pivot": [0.05, 13.1, 0.49071],
					"rotation": [5, 0, 0],
					"cubes": [
						{
							"origin": [-0.65, 13.1, -0.95929],
							"size": [1.3, 0.4, 2.5],
							"inflate": -0.001,
							"uv": {
								"north": {"uv": [2, 25], "uv_size": [1, 1]},
								"east": {"uv": [19, 2], "uv_size": [3, 1]},
								"south": {"uv": [3, 25], "uv_size": [1, 1]},
								"west": {"uv": [19, 3], "uv_size": [3, 1]},
								"up": {"uv": [19, 4], "uv_size": [1, 3]},
								"down": {"uv": [19, 20], "uv_size": [1, -3]}
							}
						}
					]
				},
				{
					"name": "bone3",
					"parent": "beak",
					"pivot": [0.05, 13.10256, 0.49071],
					"cubes": [
						{
							"origin": [-0.65, 12.70256, -0.95929],
							"size": [1.3, 0.4, 2.5],
							"inflate": -0.001,
							"uv": {
								"north": {"uv": [2, 25], "uv_size": [1, 1]},
								"east": {"uv": [19, 10], "uv_size": [3, 1]},
								"south": {"uv": [7, 25], "uv_size": [1, 1]},
								"west": {"uv": [19, 11], "uv_size": [3, 1]},
								"up": {"uv": [19, 17], "uv_size": [1, 3]},
								"down": {"uv": [1, 23], "uv_size": [1, -3]}
							}
						}
					]
				},
				{
					"name": "bone10",
					"parent": "bodynolegs",
					"pivot": [0, 5, 6]
				},
				{
					"name": "bone8",
					"parent": "body",
					"pivot": [0, 9, 0],
					"locators": {
						"zee": [0, 9, 0]
					}
				}
			]
		}
	]
}