{
	"format_version": "1.12.0",
	"minecraft:geometry": [
		{
			"description": {
				"identifier": "geometry.billeys_mobs.berry_goose",
				"texture_width": 64,
				"texture_height": 32,
				"visible_bounds_width": 3,
				"visible_bounds_height": 4,
				"visible_bounds_offset": [0, 1, 0]
			},
			"bones": [
				{
					"name": "ooo",
					"pivot": [0, 0, 0]
				},
				{
					"name": "body",
					"parent": "ooo",
					"pivot": [0, 5, 1]
				},
				{
					"name": "leg0",
					"parent": "body",
					"pivot": [-2, 5, 1],
					"cubes": [
						{"origin": [-3, 0, 1], "size": [3, 6, 0], "uv": [26, 0]}
					]
				},
				{
					"name": "bone5",
					"parent": "leg0",
					"pivot": [0, 0, 1],
					"cubes": [
						{"origin": [-3, 0, -2], "size": [3, 0, 3], "uv": [20, 15]}
					]
				},
				{
					"name": "leg1",
					"parent": "body",
					"pivot": [1, 5, 1],
					"cubes": [
						{"origin": [0, 0, 1], "size": [3, 6, 0], "uv": [26, 6]}
					]
				},
				{
					"name": "bone4",
					"parent": "leg1",
					"pivot": [0, 0, 1],
					"cubes": [
						{"origin": [0, 0, -2], "size": [3, 0, 3], "uv": [20, 18]}
					]
				},
				{
					"name": "bone6",
					"parent": "body",
					"pivot": [0, 5, -2]
				},
				{
					"name": "bodynolegs",
					"parent": "bone6",
					"pivot": [0, 7, 1]
				},
				{
					"name": "bodylol",
					"parent": "bodynolegs",
					"pivot": [0, 8, 0],
					"cubes": [
						{"origin": [-3, 4, -3], "size": [6, 8, 7], "pivot": [0, 8, 0], "rotation": [90, 0, 0], "uv": [0, 0]}
					]
				},
				{
					"name": "hairs",
					"parent": "bodylol",
					"pivot": [0, 12, 4],
					"cubes": [
						{"origin": [-3, 12, 4], "size": [6, 1, 0], "pivot": [0, 12, 4], "rotation": [-50, 0, 0], "uv": [52, 0]},
						{"origin": [-3, 12, -4], "size": [6, 1, 0], "pivot": [0, 12, -4], "rotation": [45, 0, 0], "uv": [52, 7]},
						{"origin": [-3, 5, -4], "size": [6, 1, 0], "pivot": [0, 5, -4], "rotation": [132.5, 0, 0], "uv": [52, 4]},
						{"origin": [-3, 12, 0], "size": [6, 1, 0], "uv": [52, 0]},
						{"origin": [-3, 5, 4], "size": [6, 1, 0], "pivot": [0, 5, 4], "rotation": [-135, 0, 0], "uv": [52, 4], "mirror": true},
						{"origin": [-3, 5, 0], "size": [6, 1, 0], "pivot": [0, 5, 0], "rotation": [180, 0, 0], "uv": [52, 4]},
						{"origin": [3, 8, -3], "size": [1, 0, 7], "pivot": [1, 8, 0], "rotation": [90, 0, 0], "uv": [30, 0]},
						{"origin": [3, 8, -7], "size": [1, 0, 7], "pivot": [3, 8, -4], "rotation": [90, 45, 0], "uv": [33, 13]},
						{"origin": [-4, 8, 1], "size": [1, 0, 7], "pivot": [-3, 8, 4], "rotation": [90, 45, 0], "uv": [33, 13], "mirror": true},
						{"origin": [3, 8, 1], "size": [1, 0, 7], "pivot": [3, 8, 4], "rotation": [90, -45, 0], "uv": [33, 13]},
						{"origin": [-4, 8, -7], "size": [1, 0, 7], "pivot": [-3, 8, -4], "rotation": [90, -45, 0], "uv": [33, 13], "mirror": true},
						{"origin": [-4, 8, -3], "size": [1, 0, 7], "pivot": [-1, 8, 0], "rotation": [90, 0, 0], "uv": [30, 0], "mirror": true},
						{"origin": [3, 8, 0], "size": [0, 8, 1], "pivot": [3, 12, 0], "rotation": [90, 0, 45], "uv": [32, 23], "mirror": true},
						{"origin": [3, 1, 0], "size": [0, 8, 1], "pivot": [3, 5, 0], "rotation": [90, 0, 135], "uv": [32, 23], "mirror": true},
						{"origin": [-3, 1, 0], "size": [0, 8, 1], "pivot": [-3, 5, 0], "rotation": [90, 0, -135], "uv": [32, 23]},
						{"origin": [-3, 8, 0], "size": [0, 8, 1], "pivot": [-3, 12, 0], "rotation": [90, 0, -45], "uv": [32, 23]}
					]
				},
				{
					"name": "duck_tail",
					"parent": "bodylol",
					"pivot": [0, 17, 9],
					"rotation": [35.26439, 30, 144.73561],
					"cubes": [
						{"origin": [0, 17, 9], "size": [5, 5, 0], "uv": [0, 20]}
					]
				},
				{
					"name": "head",
					"parent": "bodylol",
					"pivot": [0, 11, -4],
					"cubes": [
						{"origin": [-1, 10, -5], "size": [2, 4, 2], "inflate": 0.01, "uv": [20, 21]},
						{"origin": [0, 10, -6], "size": [0, 4, 3], "inflate": 0.01, "uv": [57, 25]}
					],
					"locators": {
						"lead": [0, 12.35, -5]
					}
				},
				{
					"name": "bone2",
					"parent": "head",
					"pivot": [0, 14, -3]
				},
				{
					"name": "hide_on_baby",
					"parent": "bone2",
					"pivot": [0, 2, 0],
					"cubes": [
						{"origin": [-1, 13, -4], "size": [2, 3, 2], "uv": [0, 25]},
						{"origin": [-2, 14, -3], "size": [4, 1, 0], "uv": [11, 31]}
					]
				},
				{
					"name": "lol",
					"parent": "bone2",
					"pivot": [0, 16.5, -3],
					"locators": {
						"zee": [0, 19.875, -3.5]
					}
				},
				{
					"name": "bone7",
					"parent": "lol",
					"pivot": [0, 17.37939, -3.22443],
					"cubes": [
						{"origin": [-1, 16, -5], "size": [2, 3, 3], "inflate": 0.01, "uv": [10, 15]},
						{"origin": [0, 19, -4], "size": [0, 5, 5], "uv": [54, 17]},
						{"origin": [0, 16, -5], "size": [0, 4, 4], "uv": [56, 24]}
					]
				},
				{
					"name": "bone11",
					"parent": "bone7",
					"pivot": [0, 17.5, -3]
				},
				{
					"name": "bone10",
					"parent": "bone11",
					"pivot": [0, 16, -3.5],
					"cubes": [
						{"origin": [-1, 16, -4], "size": [2, 1, 1], "inflate": 0.01, "uv": [8, 26]}
					]
				},
				{
					"name": "bone9",
					"parent": "bone11",
					"pivot": [0, 19, -3.5],
					"cubes": [
						{"origin": [-1, 18, -4], "size": [2, 1, 1], "inflate": 0.01, "uv": [26, 12]}
					]
				},
				{
					"name": "hat",
					"parent": "lol",
					"pivot": [0, 18.875, -3.5]
				},
				{
					"name": "beak",
					"parent": "lol",
					"pivot": [0, 16.375, -5]
				},
				{
					"name": "bone",
					"parent": "beak",
					"pivot": [0, 16.375, -5],
					"cubes": [
						{
							"origin": [-1, 16.5, -7],
							"size": [2, 0.5, 2],
							"uv": {
								"north": {"uv": [8, 25], "uv_size": [2, 1]},
								"east": {"uv": [12, 28], "uv_size": [-2, 1]},
								"south": {"uv": [8, 28], "uv_size": [2, 1]},
								"west": {"uv": [10, 28], "uv_size": [2, 1]},
								"up": {"uv": [20, 27], "uv_size": [2, 2]},
								"down": {"uv": [22, 29], "uv_size": [2, -2]}
							}
						}
					]
				},
				{
					"name": "bone12",
					"parent": "bone",
					"pivot": [0, 2, 0],
					"cubes": [
						{"origin": [-1, 17, -6], "size": [2, 1, 1], "uv": [14, 26]}
					]
				},
				{
					"name": "bone3",
					"parent": "beak",
					"pivot": [0, 16.375, -5],
					"cubes": [
						{
							"origin": [-1, 16, -7],
							"size": [2, 0.5, 2],
							"uv": {
								"north": {"uv": [8, 25], "uv_size": [2, 1]},
								"east": {"uv": [12, 28], "uv_size": [-2, 1]},
								"south": {"uv": [8, 28], "uv_size": [2, 1]},
								"west": {"uv": [10, 28], "uv_size": [2, 1]},
								"up": {"uv": [24, 27], "uv_size": [2, 2]},
								"down": {"uv": [28, 29], "uv_size": [-2, -2]}
							}
						}
					]
				},
				{
					"name": "bone8",
					"parent": "beak",
					"pivot": [0, 16.375, -5.5]
				},
				{
					"name": "angryitem",
					"parent": "bone8",
					"pivot": [0, 16.375, -5]
				},
				{
					"name": "rightArm",
					"parent": "angryitem",
					"pivot": [0, 16.375, -5]
				},
				{
					"name": "rightItem",
					"parent": "rightArm",
					"pivot": [0, 16.375, -5]
				},
				{
					"name": "bowtie",
					"parent": "head",
					"pivot": [0, 14, -5]
				},
				{
					"name": "wing0",
					"parent": "bodynolegs",
					"pivot": [-3, 9, -1],
					"rotation": [45, -30, 0],
					"cubes": [
						{"origin": [-3, 4, -1], "size": [0, 5, 5], "uv": [0, 15], "mirror": true}
					]
				},
				{
					"name": "wing1",
					"parent": "bodynolegs",
					"pivot": [3, 9, -1],
					"rotation": [45, 30, 0],
					"cubes": [
						{"origin": [3, 4, -1], "size": [0, 5, 5], "uv": [0, 15]}
					]
				}
			]
		}
	]
}