{
	"format_version": "1.12.0",
	"minecraft:geometry": [
		{
			"description": {
				"identifier": "geometry.cateyes",
				"texture_width": 64,
				"texture_height": 32,
				"visible_bounds_width": 2.5,
				"visible_bounds_height": 1,
				"visible_bounds_offset": [0, 0, 0]
			},
			"bones": [{
				"name": "ooo",
				"pivot": [
					0,
					0,
					0
				]
			},
			{
				"parent": "ooo",
					"name": "body",
					"pivot": [0, 7, 1]
				},
				{
					"name": "head",
					"parent": "body",
					"pivot": [0, 9, -9],
					"cubes": [
						{
							"origin": [-2.5, 9, -12.01],
							"size": [2, 1, 0],
							"uv": {
								"north": {"uv": [5, 6], "uv_size": [2, 1]}
							}
						},
						{
							"origin": [0.5, 9, -12.01],
							"size": [2, 1, 0],
							"uv": {
								"north": {"uv": [8, 6], "uv_size": [2, 1]}
							}
						}
					]
				},
				{
					"name": "tail3",
					"parent": "body",
					"pivot": [0, 9, 8]
				},
				{
					"name": "tail4",
					"parent": "tail3",
					"pivot": [0, 9, 16]
				},
				{
					"name": "backLegL",
					"parent": "body",
					"pivot": [1.1, 6, 7]
				},
				{
					"name": "backLegR",
					"parent": "body",
					"pivot": [-1.1, 6, 7]
				},
				{
					"name": "frontLegL",
					"parent": "body",
					"pivot": [1.2, 10, -4]
				},
				{
					"name": "frontLegR",
					"parent": "body",
					"pivot": [-1.2, 10, -4]
				}
			]
		}
	]
}