{
	"format_version": "1.12.0",
	"minecraft:geometry": [
		{
			"description": {
				"identifier": "geometry.billeys_mobs.catfish",
				"texture_width": 32,
				"texture_height": 32,
				"visible_bounds_width": 3,
				"visible_bounds_height": 2.5,
				"visible_bounds_offset": [0, 0.75, 0]
			},
			"bones": [{
				"name": "ooo",
				"pivot": [
					0,
					0,
					0
				]
			},
			{
				"parent": "ooo",
					"name": "body",
					"pivot": [0, 2.5, 2],
					"cubes": [
						{"origin": [0, 5, -2], "size": [0, 3, 4], "uv": [19, 17]},
						{"origin": [-2, 0, -5], "size": [4, 5, 7], "inflate": 0.01, "uv": [0, 0]}
					]
				},
				{
					"name": "bowtie",
					"parent": "body",
					"pivot": [0, 0, -5],
					"rotation": [90, 0, 0]
				},
				{
					"name": "body2",
					"parent": "body",
					"pivot": [0, 3, 2],
					"cubes": [
						{"origin": [-1, 1, 2], "size": [2, 4, 7], "uv": [0, 13]},
						{"origin": [0, -1, 2], "size": [0, 2, 5], "uv": [0, 20]},
						{"origin": [0, 5, 5], "size": [0, 1, 2], "uv": [2, 2]}
					]
				},
				{
					"name": "tail_fin",
					"parent": "body2",
					"pivot": [0, 3, 9],
					"cubes": [
						{"origin": [0, 0, 9], "size": [0, 7, 4], "uv": [21, 9]}
					]
				},
				{
					"name": "back_left_fin",
					"parent": "body2",
					"pivot": [1, 1, 4],
					"rotation": [0, 0, 45],
					"cubes": [
						{"origin": [1, 1, 3], "size": [2, 0, 2], "uv": [23, 8]}
					]
				},
				{
					"name": "back_right_fin",
					"parent": "body2",
					"pivot": [-1, 1, 4],
					"rotation": [0, 0, -45],
					"cubes": [
						{"origin": [-3, 1, 3], "size": [2, 0, 2], "uv": [23, 8], "mirror": true}
					]
				},
				{
					"name": "front_left_fin",
					"parent": "body",
					"pivot": [2, 1, -2.5],
					"rotation": [0, 0, 45],
					"cubes": [
						{"origin": [2, 1, -4], "size": [4, 0, 3], "uv": [9, 13]}
					]
				},
				{
					"name": "front_right_fin",
					"parent": "body",
					"pivot": [-2, 1, -2.5],
					"rotation": [0, 0, -45],
					"cubes": [
						{"origin": [-6, 1, -4], "size": [4, 0, 3], "uv": [9, 13], "mirror": true}
					]
				},
				{
					"name": "head",
					"parent": "body",
					"pivot": [0, 2.5, -5],
					"cubes": [
						{"origin": [-2.5, 1, -9], "size": [5, 3, 4], "uv": [7, 25]},
						{"origin": [1.5, 2, -12], "size": [7, 0, 4], "uv": [12, 2]},
						{"origin": [-8.5, 2, -12], "size": [7, 0, 4], "uv": [12, 2], "mirror": true}
					]
				},
				{
					"name": "hat",
					"parent": "head",
					"pivot": [0, 4, -7]
				}
			]
		}
	]
}