{
	"format_version": "1.12.0",
	"minecraft:geometry": [
		{
			"description": {
				"identifier": "geometry.cattail",
				"texture_width": 64,
				"texture_height": 32,
				"visible_bounds_width": 4,
				"visible_bounds_height": 1,
				"visible_bounds_offset": [0, 0, 0]
			},
			"bones": [
				{
					"name": "ooo",
					"pivot": [0, 0, 0]
				},
				{
					"name": "body",
					"parent": "ooo",
					"pivot": [0, 7, 1]
				},
				{
					"name": "head",
					"parent": "body",
					"pivot": [0, 9, -9]
				},
				{
					"name": "backLegL",
					"parent": "body",
					"pivot": [1.1, 6, 7]
				},
				{
					"name": "backLegR",
					"parent": "body",
					"pivot": [-1.1, 6, 7]
				},
				{
					"name": "frontLegL",
					"parent": "body",
					"pivot": [1.2, 10, -4]
				},
				{
					"name": "frontLegR",
					"parent": "body",
					"pivot": [-1.2, 10, -4]
				}
			]
		}
	]
}