{
	"format_version": "1.12.0",
	"minecraft:geometry": [
		{
			"description": {
				"identifier": "geometry.creepercolor2",
				"texture_width": 36,
				"texture_height": 1,
				"visible_bounds_width": 2,
				"visible_bounds_height": 2,
				"visible_bounds_offset": [0, 1, 0]
			},
			"bones": [
				{
					"name": "body",
					"pivot": [0, 0, 0],
					"cubes": [
						{
							"origin": [-4, 17, -2],
							"size": [8, 1, 4],
							"uv": {
								"north": {"uv": [8, 0], "uv_size": [1, 1]},
								"east": {"uv": [8, 0], "uv_size": [1, 1]},
								"south": {"uv": [8, 0], "uv_size": [1, 1]},
								"west": {"uv": [8, 0], "uv_size": [1, 1]},
								"up": {"uv": [9, 1], "uv_size": [-1, -1]},
								"down": {"uv": [8, 0], "uv_size": [1, 1]}
							}
						},
						{
							"origin": [-4, 16, -2],
							"size": [8, 1, 4],
							"uv": {
								"north": {"uv": [9, 0], "uv_size": [1, 1]},
								"east": {"uv": [9, 0], "uv_size": [1, 1]},
								"south": {"uv": [9, 0], "uv_size": [1, 1]},
								"west": {"uv": [9, 0], "uv_size": [1, 1]},
								"up": {"uv": [10, 1], "uv_size": [-1, -1]},
								"down": {"uv": [9, 0], "uv_size": [1, 1]}
							}
						},
						{
							"origin": [-4, 15, -2],
							"size": [8, 1, 4],
							"uv": {
								"north": {"uv": [10, 0], "uv_size": [1, 1]},
								"east": {"uv": [10, 0], "uv_size": [1, 1]},
								"south": {"uv": [10, 0], "uv_size": [1, 1]},
								"west": {"uv": [10, 0], "uv_size": [1, 1]},
								"up": {"uv": [11, 1], "uv_size": [-1, -1]},
								"down": {"uv": [10, 0], "uv_size": [1, 1]}
							}
						},
						{
							"origin": [-4, 14, -2],
							"size": [8, 1, 4],
							"uv": {
								"north": {"uv": [11, 0], "uv_size": [1, 1]},
								"east": {"uv": [11, 0], "uv_size": [1, 1]},
								"south": {"uv": [11, 0], "uv_size": [1, 1]},
								"west": {"uv": [11, 0], "uv_size": [1, 1]},
								"up": {"uv": [12, 1], "uv_size": [-1, -1]},
								"down": {"uv": [11, 0], "uv_size": [1, 1]}
							}
						},
						{
							"origin": [-4, 13, -2],
							"size": [8, 1, 4],
							"uv": {
								"north": {"uv": [12, 0], "uv_size": [1, 1]},
								"east": {"uv": [12, 0], "uv_size": [1, 1]},
								"south": {"uv": [12, 0], "uv_size": [1, 1]},
								"west": {"uv": [12, 0], "uv_size": [1, 1]},
								"up": {"uv": [13, 1], "uv_size": [-1, -1]},
								"down": {"uv": [12, 0], "uv_size": [1, 1]}
							}
						},
						{
							"origin": [-4, 12, -2],
							"size": [8, 1, 4],
							"uv": {
								"north": {"uv": [13, 0], "uv_size": [1, 1]},
								"east": {"uv": [13, 0], "uv_size": [1, 1]},
								"south": {"uv": [13, 0], "uv_size": [1, 1]},
								"west": {"uv": [13, 0], "uv_size": [1, 1]},
								"up": {"uv": [14, 1], "uv_size": [-1, -1]},
								"down": {"uv": [13, 0], "uv_size": [1, 1]}
							}
						},
						{
							"origin": [-4, 11, -2],
							"size": [8, 1, 4],
							"uv": {
								"north": {"uv": [14, 0], "uv_size": [0.999, 1]},
								"east": {"uv": [14, 0], "uv_size": [0.999, 1]},
								"south": {"uv": [14, 0], "uv_size": [0.999, 1]},
								"west": {"uv": [14, 0], "uv_size": [0.999, 1]},
								"up": {"uv": [14.999, 1], "uv_size": [-0.999, -1]},
								"down": {"uv": [14, 0], "uv_size": [0.999, 1]}
							}
						},
						{
							"origin": [-4, 10, -2],
							"size": [8, 1, 4],
							"uv": {
								"north": {"uv": [15, 0], "uv_size": [1, 1]},
								"east": {"uv": [15, 0], "uv_size": [1, 1]},
								"south": {"uv": [15, 0], "uv_size": [1, 1]},
								"west": {"uv": [15, 0], "uv_size": [1, 1]},
								"up": {"uv": [16, 1], "uv_size": [-1, -1]},
								"down": {"uv": [15, 0], "uv_size": [1, 1]}
							}
						},
						{
							"origin": [-4, 9, -2],
							"size": [8, 1, 4],
							"uv": {
								"north": {"uv": [16, 0], "uv_size": [1, 1]},
								"east": {"uv": [16, 0], "uv_size": [1, 1]},
								"south": {"uv": [16, 0], "uv_size": [1, 1]},
								"west": {"uv": [16, 0], "uv_size": [1, 1]},
								"up": {"uv": [17, 1], "uv_size": [-1, -1]},
								"down": {"uv": [16, 0], "uv_size": [1, 1]}
							}
						},
						{
							"origin": [-4, 8, -2],
							"size": [8, 1, 4],
							"uv": {
								"north": {"uv": [17, 0], "uv_size": [1, 1]},
								"east": {"uv": [17, 0], "uv_size": [1, 1]},
								"south": {"uv": [17, 0], "uv_size": [1, 1]},
								"west": {"uv": [17, 0], "uv_size": [1, 1]},
								"up": {"uv": [18, 1], "uv_size": [-1, -1]},
								"down": {"uv": [17, 0], "uv_size": [1, 1]}
							}
						},
						{
							"origin": [-4, 7, -2],
							"size": [8, 1, 4],
							"uv": {
								"north": {"uv": [18, 0], "uv_size": [1, 1]},
								"east": {"uv": [18, 0], "uv_size": [1, 1]},
								"south": {"uv": [18, 0], "uv_size": [1, 1]},
								"west": {"uv": [18, 0], "uv_size": [1, 1]},
								"up": {"uv": [19, 1], "uv_size": [-1, -1]},
								"down": {"uv": [18, 0], "uv_size": [1, 1]}
							}
						},
						{
							"origin": [-4, 6, -2],
							"size": [8, 1, 4],
							"uv": {
								"north": {"uv": [19, 0], "uv_size": [1, 1]},
								"east": {"uv": [19, 0], "uv_size": [1, 1]},
								"south": {"uv": [19, 0], "uv_size": [1, 1]},
								"west": {"uv": [19, 0], "uv_size": [1, 1]},
								"up": {"uv": [20, 1], "uv_size": [-1, -1]},
								"down": {"uv": [19, 0], "uv_size": [1, 1]}
							}
						}
					]
				},
				{
					"name": "head",
					"parent": "body",
					"pivot": [0, 18, 0],
					"cubes": [
						{
							"origin": [-4, 25, -4],
							"size": [8, 1, 8],
							"uv": {
								"north": {"uv": [0, 7], "uv_size": [1, -7]},
								"east": {"uv": [0, 7], "uv_size": [1, -7]},
								"south": {"uv": [0, 7], "uv_size": [1, -7]},
								"west": {"uv": [0, 7], "uv_size": [1, -7]},
								"up": {"uv": [1, 0], "uv_size": [-1, 7]},
								"down": {"uv": [0, 7], "uv_size": [1, -7]}
							}
						},
						{
							"origin": [-4, 24, -4],
							"size": [8, 1, 8],
							"uv": {
								"north": {"uv": [1, 1], "uv_size": [1, -1]},
								"east": {"uv": [1, 1], "uv_size": [1, -1]},
								"south": {"uv": [1, 1], "uv_size": [1, -1]},
								"west": {"uv": [1, 1], "uv_size": [1, -1]},
								"up": {"uv": [2, 0], "uv_size": [-1, 1]},
								"down": {"uv": [1, 1], "uv_size": [1, -1]}
							}
						},
						{
							"origin": [-4, 23, -4],
							"size": [8, 1, 8],
							"uv": {
								"north": {"uv": [2, 1], "uv_size": [1, -1]},
								"east": {"uv": [2, 1], "uv_size": [1, -1]},
								"south": {"uv": [2, 1], "uv_size": [1, -1]},
								"west": {"uv": [2, 1], "uv_size": [1, -1]},
								"up": {"uv": [3, 0], "uv_size": [-1, 1]},
								"down": {"uv": [2, 1], "uv_size": [1, -1]}
							}
						},
						{
							"origin": [-4, 22, -4],
							"size": [8, 1, 8],
							"uv": {
								"north": {"uv": [3, 1], "uv_size": [1, -1]},
								"east": {"uv": [3, 1], "uv_size": [1, -1]},
								"south": {"uv": [3, 1], "uv_size": [1, -1]},
								"west": {"uv": [3, 1], "uv_size": [1, -1]},
								"up": {"uv": [4, 0], "uv_size": [-1, 1]},
								"down": {"uv": [3, 1], "uv_size": [1, -1]}
							}
						},
						{
							"origin": [-4, 21, -4],
							"size": [8, 1, 8],
							"uv": {
								"north": {"uv": [4, 1], "uv_size": [1, -1]},
								"east": {"uv": [4, 1], "uv_size": [1, -1]},
								"south": {"uv": [4, 1], "uv_size": [1, -1]},
								"west": {"uv": [4, 1], "uv_size": [1, -1]},
								"up": {"uv": [5, 0], "uv_size": [-1, 1]},
								"down": {"uv": [4, 1], "uv_size": [1, -1]}
							}
						},
						{
							"origin": [-4, 20, -4],
							"size": [8, 1, 8],
							"uv": {
								"north": {"uv": [5, 1], "uv_size": [0.999, -1]},
								"east": {"uv": [5, 1], "uv_size": [0.999, -1]},
								"south": {"uv": [5, 1], "uv_size": [0.999, -1]},
								"west": {"uv": [5, 1], "uv_size": [0.999, -1]},
								"up": {"uv": [5.999, 0], "uv_size": [-0.999, 1]},
								"down": {"uv": [5, 1], "uv_size": [0.999, -1]}
							}
						},
						{
							"origin": [-4, 19, -4],
							"size": [8, 1, 8],
							"uv": {
								"north": {"uv": [6, 1], "uv_size": [1, -1]},
								"east": {"uv": [6, 1], "uv_size": [1, -1]},
								"south": {"uv": [6, 1], "uv_size": [1, -1]},
								"west": {"uv": [6, 1], "uv_size": [1, -1]},
								"up": {"uv": [7, 0], "uv_size": [-1, 1]},
								"down": {"uv": [6, 1], "uv_size": [1, -1]}
							}
						},
						{
							"origin": [-4, 18, -4],
							"size": [8, 1, 8],
							"uv": {
								"north": {"uv": [7, 1], "uv_size": [1, -1]},
								"east": {"uv": [7, 1], "uv_size": [1, -1]},
								"south": {"uv": [7, 1], "uv_size": [1, -1]},
								"west": {"uv": [7, 1], "uv_size": [1, -1]},
								"up": {"uv": [8, 0], "uv_size": [-1, 1]},
								"down": {"uv": [7, 1], "uv_size": [1, -1]}
							}
						}
					]
				},
				{
					"name": "face",
					"parent": "head",
					"pivot": [0, 18, 0]
				},
				{
					"name": "leg0",
					"parent": "body",
					"pivot": [-2, 6, 4],
					"cubes": [
						{
							"origin": [-4, 5, 2],
							"size": [4, 1, 4],
							"uv": {
								"north": {"uv": [20, 3], "uv_size": [1, -2]},
								"east": {"uv": [20, 3], "uv_size": [1, -2]},
								"south": {"uv": [20, 3], "uv_size": [1, -2]},
								"west": {"uv": [20, 3], "uv_size": [1, -2]},
								"up": {"uv": [21, 1], "uv_size": [-1, 2]},
								"down": {"uv": [20, 3], "uv_size": [1, -2]}
							}
						},
						{
							"origin": [-4, 4, 2],
							"size": [4, 1, 4],
							"uv": {
								"north": {"uv": [21, 3], "uv_size": [1, -2]},
								"east": {"uv": [21, 3], "uv_size": [1, -2]},
								"south": {"uv": [21, 3], "uv_size": [1, -2]},
								"west": {"uv": [21, 3], "uv_size": [1, -2]},
								"up": {"uv": [22, 1], "uv_size": [-1, 2]},
								"down": {"uv": [21, 3], "uv_size": [1, -2]}
							}
						},
						{
							"origin": [-4, 3, 2],
							"size": [4, 1, 4],
							"uv": {
								"north": {"uv": [22, 3], "uv_size": [1, -2]},
								"east": {"uv": [22, 3], "uv_size": [1, -2]},
								"south": {"uv": [22, 3], "uv_size": [1, -2]},
								"west": {"uv": [22, 3], "uv_size": [1, -2]},
								"up": {"uv": [23, 1], "uv_size": [-1, 2]},
								"down": {"uv": [22, 3], "uv_size": [1, -2]}
							}
						},
						{
							"origin": [-4, 2, 2],
							"size": [4, 1, 4],
							"uv": {
								"north": {"uv": [23, 3], "uv_size": [1, -2]},
								"east": {"uv": [23, 3], "uv_size": [1, -2]},
								"south": {"uv": [23, 3], "uv_size": [1, -2]},
								"west": {"uv": [23, 3], "uv_size": [1, -2]},
								"up": {"uv": [24, 1], "uv_size": [-1, 2]},
								"down": {"uv": [23, 3], "uv_size": [1, -2]}
							}
						},
						{
							"origin": [-4, 1, 2],
							"size": [4, 1, 4],
							"uv": {
								"north": {"uv": [24, 3], "uv_size": [1, -2]},
								"east": {"uv": [24, 3], "uv_size": [1, -2]},
								"south": {"uv": [24, 3], "uv_size": [1, -2]},
								"west": {"uv": [24, 3], "uv_size": [1, -2]},
								"up": {"uv": [25, 1], "uv_size": [-1, 2]},
								"down": {"uv": [24, 3], "uv_size": [1, -2]}
							}
						},
						{
							"origin": [-4, 0, 2],
							"size": [4, 1, 4],
							"uv": {
								"north": {"uv": [25, 3], "uv_size": [1, -2]},
								"east": {"uv": [25, 3], "uv_size": [1, -2]},
								"south": {"uv": [25, 3], "uv_size": [1, -2]},
								"west": {"uv": [25, 3], "uv_size": [1, -2]},
								"up": {"uv": [26, 1], "uv_size": [-1, 2]},
								"down": {"uv": [25, 3], "uv_size": [1, -2]}
							}
						}
					]
				},
				{
					"name": "leg1",
					"parent": "body",
					"pivot": [2, 6, 4],
					"cubes": [
						{
							"origin": [0, 5, 2],
							"size": [4, 1, 4],
							"uv": {
								"north": {"uv": [20, -5], "uv_size": [1, 5]},
								"east": {"uv": [20, -5], "uv_size": [1, 5]},
								"south": {"uv": [20, -5], "uv_size": [1, 5]},
								"west": {"uv": [20, -5], "uv_size": [1, 5]},
								"up": {"uv": [21, 0], "uv_size": [-1, -5]},
								"down": {"uv": [20, -5], "uv_size": [1, 5]}
							}
						},
						{
							"origin": [0, 4, 2],
							"size": [4, 1, 4],
							"uv": {
								"north": {"uv": [21, -5], "uv_size": [1, 5]},
								"east": {"uv": [21, -5], "uv_size": [1, 5]},
								"south": {"uv": [21, -5], "uv_size": [1, 5]},
								"west": {"uv": [21, -5], "uv_size": [1, 5]},
								"up": {"uv": [22, 0], "uv_size": [-1, -5]},
								"down": {"uv": [21, -5], "uv_size": [1, 5]}
							}
						},
						{
							"origin": [0, 3, 2],
							"size": [4, 1, 4],
							"uv": {
								"north": {"uv": [22, -5], "uv_size": [1, 5]},
								"east": {"uv": [22, -5], "uv_size": [1, 5]},
								"south": {"uv": [22, -5], "uv_size": [1, 5]},
								"west": {"uv": [22, -5], "uv_size": [1, 5]},
								"up": {"uv": [23, 0], "uv_size": [-1, -5]},
								"down": {"uv": [22, -5], "uv_size": [1, 5]}
							}
						},
						{
							"origin": [0, 2, 2],
							"size": [4, 1, 4],
							"uv": {
								"north": {"uv": [23, -5], "uv_size": [1, 5]},
								"east": {"uv": [23, -5], "uv_size": [1, 5]},
								"south": {"uv": [23, -5], "uv_size": [1, 5]},
								"west": {"uv": [23, -5], "uv_size": [1, 5]},
								"up": {"uv": [24, 0], "uv_size": [-1, -5]},
								"down": {"uv": [23, -5], "uv_size": [1, 5]}
							}
						},
						{
							"origin": [0, 1, 2],
							"size": [4, 1, 4],
							"uv": {
								"north": {"uv": [24, -5], "uv_size": [1, 5]},
								"east": {"uv": [24, -5], "uv_size": [1, 5]},
								"south": {"uv": [24, -5], "uv_size": [1, 5]},
								"west": {"uv": [24, -5], "uv_size": [1, 5]},
								"up": {"uv": [25, 0], "uv_size": [-1, -5]},
								"down": {"uv": [24, -5], "uv_size": [1, 5]}
							}
						},
						{
							"origin": [0, 0, 2],
							"size": [4, 1, 4],
							"uv": {
								"north": {"uv": [25, -5], "uv_size": [1, 5]},
								"east": {"uv": [25, -5], "uv_size": [1, 5]},
								"south": {"uv": [25, -5], "uv_size": [1, 5]},
								"west": {"uv": [25, -5], "uv_size": [1, 5]},
								"up": {"uv": [26, 0], "uv_size": [-1, -5]},
								"down": {"uv": [25, -5], "uv_size": [1, 5]}
							}
						}
					]
				},
				{
					"name": "leg2",
					"parent": "body",
					"pivot": [-2, 6, -4],
					"cubes": [
						{
							"origin": [-4, 5, -6],
							"size": [4, 1, 4],
							"uv": {
								"north": {"uv": [20, -5], "uv_size": [1, 5]},
								"east": {"uv": [20, -5], "uv_size": [1, 5]},
								"south": {"uv": [20, -5], "uv_size": [1, 5]},
								"west": {"uv": [20, -5], "uv_size": [1, 5]},
								"up": {"uv": [21, 0], "uv_size": [-1, -5]},
								"down": {"uv": [20, -5], "uv_size": [1, 5]}
							}
						},
						{
							"origin": [-4, 4, -6],
							"size": [4, 1, 4],
							"uv": {
								"north": {"uv": [21, -5], "uv_size": [1, 5]},
								"east": {"uv": [21, -5], "uv_size": [1, 5]},
								"south": {"uv": [21, -5], "uv_size": [1, 5]},
								"west": {"uv": [21, -5], "uv_size": [1, 5]},
								"up": {"uv": [22, 0], "uv_size": [-1, -5]},
								"down": {"uv": [21, -5], "uv_size": [1, 5]}
							}
						},
						{
							"origin": [-4, 3, -6],
							"size": [4, 1, 4],
							"uv": {
								"north": {"uv": [22, -5], "uv_size": [1, 5]},
								"east": {"uv": [22, -5], "uv_size": [1, 5]},
								"south": {"uv": [22, -5], "uv_size": [1, 5]},
								"west": {"uv": [22, -5], "uv_size": [1, 5]},
								"up": {"uv": [23, 0], "uv_size": [-1, -5]},
								"down": {"uv": [22, -5], "uv_size": [1, 5]}
							}
						},
						{
							"origin": [-4, 2, -6],
							"size": [4, 1, 4],
							"uv": {
								"north": {"uv": [23, -5], "uv_size": [1, 5]},
								"east": {"uv": [23, -5], "uv_size": [1, 5]},
								"south": {"uv": [23, -5], "uv_size": [1, 5]},
								"west": {"uv": [23, -5], "uv_size": [1, 5]},
								"up": {"uv": [24, 0], "uv_size": [-1, -5]},
								"down": {"uv": [23, -5], "uv_size": [1, 5]}
							}
						},
						{
							"origin": [-4, 1, -6],
							"size": [4, 1, 4],
							"uv": {
								"north": {"uv": [24, -5], "uv_size": [1, 5]},
								"east": {"uv": [24, -5], "uv_size": [1, 5]},
								"south": {"uv": [24, -5], "uv_size": [1, 5]},
								"west": {"uv": [24, -5], "uv_size": [1, 5]},
								"up": {"uv": [25, 0], "uv_size": [-1, -5]},
								"down": {"uv": [24, -5], "uv_size": [1, 5]}
							}
						},
						{
							"origin": [-4, 0, -6],
							"size": [4, 1, 4],
							"uv": {
								"north": {"uv": [25, -5], "uv_size": [1, 5]},
								"east": {"uv": [25, -5], "uv_size": [1, 5]},
								"south": {"uv": [25, -5], "uv_size": [1, 5]},
								"west": {"uv": [25, -5], "uv_size": [1, 5]},
								"up": {"uv": [26, 0], "uv_size": [-1, -5]},
								"down": {"uv": [25, -5], "uv_size": [1, 5]}
							}
						}
					]
				},
				{
					"name": "leg3",
					"parent": "body",
					"pivot": [2, 6, -4],
					"cubes": [
						{
							"origin": [0, 5, -6],
							"size": [4, 1, 4],
							"uv": {
								"north": {"uv": [20, 0], "uv_size": [1, 1]},
								"east": {"uv": [20, 0], "uv_size": [1, 1]},
								"south": {"uv": [20, 0], "uv_size": [1, 1]},
								"west": {"uv": [20, 0], "uv_size": [1, 1]},
								"up": {"uv": [21, 1], "uv_size": [-1, -1]},
								"down": {"uv": [20, 0], "uv_size": [1, 1]}
							}
						},
						{
							"origin": [0, 4, -6],
							"size": [4, 1, 4],
							"uv": {
								"north": {"uv": [21, 0], "uv_size": [1, 1]},
								"east": {"uv": [21, 0], "uv_size": [1, 1]},
								"south": {"uv": [21, 0], "uv_size": [1, 1]},
								"west": {"uv": [21, 0], "uv_size": [1, 1]},
								"up": {"uv": [22, 1], "uv_size": [-1, -1]},
								"down": {"uv": [21, 0], "uv_size": [1, 1]}
							}
						},
						{
							"origin": [0, 3, -6],
							"size": [4, 1, 4],
							"uv": {
								"north": {"uv": [22, 0], "uv_size": [1, 1]},
								"east": {"uv": [22, 0], "uv_size": [1, 1]},
								"south": {"uv": [22, 0], "uv_size": [1, 1]},
								"west": {"uv": [22, 0], "uv_size": [1, 1]},
								"up": {"uv": [23, 1], "uv_size": [-1, -1]},
								"down": {"uv": [22, 0], "uv_size": [1, 1]}
							}
						},
						{
							"origin": [0, 2, -6],
							"size": [4, 1, 4],
							"uv": {
								"north": {"uv": [23, 0], "uv_size": [1, 1]},
								"east": {"uv": [23, 0], "uv_size": [1, 1]},
								"south": {"uv": [23, 0], "uv_size": [1, 1]},
								"west": {"uv": [23, 0], "uv_size": [1, 1]},
								"up": {"uv": [24, 1], "uv_size": [-1, -1]},
								"down": {"uv": [23, 0], "uv_size": [1, 1]}
							}
						},
						{
							"origin": [0, 1, -6],
							"size": [4, 1, 4],
							"uv": {
								"north": {"uv": [24, 0], "uv_size": [1, 1]},
								"east": {"uv": [24, 0], "uv_size": [1, 1]},
								"south": {"uv": [24, 0], "uv_size": [1, 1]},
								"west": {"uv": [24, 0], "uv_size": [1, 1]},
								"up": {"uv": [25, 1], "uv_size": [-1, -1]},
								"down": {"uv": [24, 0], "uv_size": [1, 1]}
							}
						},
						{
							"origin": [0, 0, -6],
							"size": [4, 1, 4],
							"uv": {
								"north": {"uv": [25, 0], "uv_size": [1, 1]},
								"east": {"uv": [25, 0], "uv_size": [1, 1]},
								"south": {"uv": [25, 0], "uv_size": [1, 1]},
								"west": {"uv": [25, 0], "uv_size": [1, 1]},
								"up": {"uv": [26, 1], "uv_size": [-1, -1]},
								"down": {"uv": [25, 0], "uv_size": [1, 1]}
							}
						}
					]
				}
			]
		}
	]
}