{
	"format_version": "1.12.0",
	"minecraft:geometry": [
		{
			"description": {
				"identifier": "geometry.creepercolor",
				"texture_width": 36,
				"texture_height": 1,
				"visible_bounds_width": 2,
				"visible_bounds_height": 2,
				"visible_bounds_offset": [0, 1, 0]
			},
			"bones": [
				{
					"name": "body",
					"pivot": [0, 0, 0],
					"cubes": [
						{
							"origin": [-4, 6, -2],
							"size": [8, 12, 4],
							"uv": {
								"north": {"uv": [2, 0], "uv_size": [1, 1]},
								"east": {"uv": [2, 0], "uv_size": [1, 1]},
								"south": {"uv": [2, 0], "uv_size": [1, 1]},
								"west": {"uv": [2, 0], "uv_size": [1, 1]},
								"up": {"uv": [3, 1], "uv_size": [-1, -1]},
								"down": {"uv": [2, 0], "uv_size": [1, 1]}
							}
						}
					]
				},
				{
					"name": "head",
					"parent": "body",
					"pivot": [0, 18, 0],
					"cubes": [
						{
							"origin": [-4, 18, -4],
							"size": [8, 8, 8],
							"uv": {
								"north": {"uv": [0, 7], "uv_size": [1, -7]},
								"east": {"uv": [0, 7], "uv_size": [1, -7]},
								"south": {"uv": [0, 7], "uv_size": [1, -7]},
								"west": {"uv": [0, 7], "uv_size": [1, -7]},
								"up": {"uv": [1, 0], "uv_size": [-1, 7]},
								"down": {"uv": [0, 7], "uv_size": [1, -7]}
							}
						}
					]
				},
				{
					"name": "face",
					"parent": "head",
					"pivot": [0, 18, 0]
				},
				{
					"name": "leg0",
					"parent": "body",
					"pivot": [-2, 6, 4],
					"cubes": [
						{
							"origin": [-4, 0, 2],
							"size": [4, 6, 4],
							"uv": {
								"north": {"uv": [3, 3], "uv_size": [1, -2]},
								"east": {"uv": [3, 3], "uv_size": [1, -2]},
								"south": {"uv": [3, 3], "uv_size": [1, -2]},
								"west": {"uv": [3, 3], "uv_size": [1, -2]},
								"up": {"uv": [4, 1], "uv_size": [-1, 2]},
								"down": {"uv": [3, 3], "uv_size": [1, -2]}
							}
						}
					]
				},
				{
					"name": "leg1",
					"parent": "body",
					"pivot": [2, 6, 4],
					"cubes": [
						{
							"origin": [0, 0, 2],
							"size": [4, 6, 4],
							"uv": {
								"north": {"uv": [3, -5], "uv_size": [1, 5]},
								"east": {"uv": [3, -5], "uv_size": [1, 5]},
								"south": {"uv": [3, -5], "uv_size": [1, 5]},
								"west": {"uv": [3, -5], "uv_size": [1, 5]},
								"up": {"uv": [4, 0], "uv_size": [-1, -5]},
								"down": {"uv": [3, -5], "uv_size": [1, 5]}
							}
						}
					]
				},
				{
					"name": "leg2",
					"parent": "body",
					"pivot": [-2, 6, -4],
					"cubes": [
						{
							"origin": [-4, 0, -6],
							"size": [4, 6, 4],
							"uv": {
								"north": {"uv": [3, -5], "uv_size": [1, 5]},
								"east": {"uv": [3, -5], "uv_size": [1, 5]},
								"south": {"uv": [3, -5], "uv_size": [1, 5]},
								"west": {"uv": [3, -5], "uv_size": [1, 5]},
								"up": {"uv": [4, 0], "uv_size": [-1, -5]},
								"down": {"uv": [3, -5], "uv_size": [1, 5]}
							}
						}
					]
				},
				{
					"name": "leg3",
					"parent": "body",
					"pivot": [2, 6, -4],
					"cubes": [
						{
							"origin": [0, 0, -6],
							"size": [4, 6, 4],
							"uv": {
								"north": {"uv": [3, 0], "uv_size": [1, 1]},
								"east": {"uv": [3, 0], "uv_size": [1, 1]},
								"south": {"uv": [3, 0], "uv_size": [1, 1]},
								"west": {"uv": [3, 0], "uv_size": [1, 1]},
								"up": {"uv": [4, 1], "uv_size": [-1, -1]},
								"down": {"uv": [3, 0], "uv_size": [1, 1]}
							}
						}
					]
				}
			]
		}
	]
}