{
	"format_version": "1.12.0",
	"minecraft:geometry": [
		{
			"description": {
				"identifier": "geometry.cucumbeelglow",
				"texture_width": 16,
				"texture_height": 16,
				"visible_bounds_width": 3,
				"visible_bounds_height": 1,
				"visible_bounds_offset": [0, 0, 0]
			},
			"bones": [{
				"name": "ooo",
				"pivot": [
					0,
					0,
					0
				]
			},
			{
				"parent": "ooo",
					"name": "body",
					"pivot": [0, 2, 0]
				},
				{
					"name": "bone3",
					"parent": "body",
					"pivot": [0, 2, 0]
				},
				{
					"name": "bone4",
					"parent": "bone3",
					"pivot": [0, 2, -3],
					"rotation": [90, 0, -45],
					"cubes": [
						{
							"origin": [0, 2, -4],
							"size": [0, 5, 2],
							"uv": {
								"north": {"uv": [0, 0], "uv_size": [0, 1]},
								"east": {"uv": [0, 0], "uv_size": [1, 1]},
								"south": {"uv": [0, 0], "uv_size": [0, 1]},
								"west": {"uv": [1, 0], "uv_size": [2, 5]},
								"up": {"uv": [0, 1], "uv_size": [0, -1]},
								"down": {"uv": [0, 1], "uv_size": [0, -1]}
							}
						},
						{
							"origin": [-1, 2, -3],
							"size": [2, 5, 0],
							"uv": {
								"north": {"uv": [0, 0], "uv_size": [0, 1]},
								"east": {"uv": [0, 0], "uv_size": [1, 1]},
								"south": {"uv": [13, 0], "uv_size": [2, 5]},
								"west": {"uv": [1, 0], "uv_size": [2, 5]},
								"up": {"uv": [0, 1], "uv_size": [0, -1]},
								"down": {"uv": [0, 1], "uv_size": [0, -1]}
							}
						}
					]
				},
				{
					"name": "bone",
					"parent": "bone3",
					"pivot": [0, 2, -4]
				},
				{
					"name": "bone2",
					"parent": "bone",
					"pivot": [0, 2, -7],
					"rotation": [90, 0, 45],
					"cubes": [
						{
							"origin": [0, 2, -8],
							"size": [0, 5, 2],
							"uv": {
								"north": {"uv": [0, 0], "uv_size": [0, 1]},
								"east": {"uv": [0, 0], "uv_size": [1, 1]},
								"south": {"uv": [0, 0], "uv_size": [0, 1]},
								"west": {"uv": [1, 0], "uv_size": [2, 5]},
								"up": {"uv": [0, 1], "uv_size": [0, -1]},
								"down": {"uv": [0, 1], "uv_size": [0, -1]}
							}
						},
						{
							"origin": [-1, 2, -7],
							"size": [2, 5, 0],
							"uv": {
								"north": {"uv": [0, 0], "uv_size": [0, 1]},
								"east": {"uv": [0, 0], "uv_size": [1, 1]},
								"south": {"uv": [13, 0], "uv_size": [2, 5]},
								"west": {"uv": [1, 0], "uv_size": [2, 5]},
								"up": {"uv": [0, 1], "uv_size": [0, -1]},
								"down": {"uv": [0, 1], "uv_size": [0, -1]}
							}
						}
					]
				},
				{
					"name": "bone5",
					"parent": "body",
					"pivot": [0, 2, 0]
				},
				{
					"name": "bone6",
					"parent": "bone5",
					"pivot": [0, 2, 4]
				}
			]
		}
	]
}