{
	"format_version": "1.12.0",
	"minecraft:geometry": [
		{
			"description": {
				"identifier": "geometry.cucumbeel",
				"texture_width": 32,
				"texture_height": 32,
				"visible_bounds_width": 3,
				"visible_bounds_height": 2.5,
				"visible_bounds_offset": [0, 0.75, 0]
			},
			"bones": [{
				"name": "ooo",
				"pivot": [
					0,
					0,
					0
				]
			},
			{
				"parent": "ooo",
					"name": "body",
					"pivot": [0, 2, 0],
					"cubes": [
						{"origin": [-1.75, 0, -0.25], "size": [3.5, 4, 1], "inflate": -0.04, "uv": [0, 18]}
					]
				},
				{
					"name": "bone3",
					"parent": "body",
					"pivot": [0, 2, 0],
					"cubes": [
						{"origin": [-2, -0.25, -4], "size": [4, 4.5, 4], "pivot": [0, 2, -2], "rotation": [-90, 0, 0], "uv": [8, 24]}
					]
				},
				{
					"name": "bowtie",
					"parent": "bone3",
					"pivot": [0, 0, -3.5],
					"rotation": [90, 0, 0]
				},
				{
					"name": "bone4",
					"parent": "bone3",
					"pivot": [0, 2, -3],
					"rotation": [90, 0, -45]
				},
				{
					"name": "bone",
					"parent": "bone3",
					"pivot": [0, 2, -4],
					"cubes": [
						{"origin": [-2, 0, -8], "size": [4, 4, 4], "inflate": 0.01, "pivot": [0, 2, -6], "rotation": [-90, 0, 0], "uv": [13, 14]}
					],
					"locators": {
						"lead": [0, 1.75, -3.95]
					}
				},
				{
					"name": "hat",
					"parent": "bone",
					"pivot": [0, 4, -6]
				},
				{
					"name": "bone5",
					"parent": "body",
					"pivot": [0, 2, 0],
					"cubes": [
						{"origin": [-2, -0.25, 0], "size": [4, 4.25, 4], "inflate": -0.01, "pivot": [0, 2, 2], "rotation": [90, 0, 0], "uv": [0, 9]}
					]
				},
				{
					"name": "bone6",
					"parent": "bone5",
					"pivot": [0, 2, 4],
					"cubes": [
						{"origin": [-2, 0, 4], "size": [4, 4, 4], "inflate": 0.01, "pivot": [0, 2, 6], "rotation": [-90, 0, 0], "uv": [0, 0]}
					]
				}
			]
		}
	]
}