{
	"format_version": "1.12.0",
	"minecraft:geometry": [
		{
			"description": {
				"identifier": "geometry.billeys_mobs.deinonychus",
				"texture_width": 64,
				"texture_height": 64,
				"visible_bounds_width": 5,
				"visible_bounds_height": 4,
				"visible_bounds_offset": [0, 1, 0]
			},
			"bones": [
				{
					"name": "ooo",
					"pivot": [0, 0, 0]
				},
				{
					"name": "body",
					"parent": "ooo",
					"pivot": [0, 9.25, 0],
					"cubes": [
						{"origin": [-3, 6.25, -6], "size": [6, 7, 12], "uv": [0, 20]}
					]
				},
				{
					"name": "left_leg",
					"parent": "body",
					"pivot": [2, 6.25, 4.35],
					"cubes": [
						{"origin": [0.5, 0, 3.35], "size": [2, 7, 2], "inflate": 0.01, "uv": [36, 20]}
					]
				},
				{
					"name": "left_toes",
					"parent": "left_leg",
					"pivot": [1, 1, 4.35],
					"cubes": [
						{"origin": [0.5, 0, 0.35], "size": [3, 2, 4], "uv": [32, 35]}
					]
				},
				{
					"name": "right_leg",
					"parent": "body",
					"pivot": [-2, 6.25, 4.35],
					"cubes": [
						{"origin": [-2.5, 0, 3.35], "size": [2, 7, 2], "inflate": 0.01, "uv": [23, 0]}
					]
				},
				{
					"name": "right_toes",
					"parent": "right_leg",
					"pivot": [-1, 1, 4.35],
					"cubes": [
						{"origin": [-3.5, 0, 0.35], "size": [3, 2, 4], "uv": [0, 9]}
					]
				},
				{
					"name": "right_arm",
					"parent": "body",
					"pivot": [-3, 9.25, -5.5],
					"cubes": [
						{"origin": [-3.5, 2.25, -5.5], "size": [1, 7, 5], "uv": [24, 20]},
						{"origin": [-2.5, 1.25, -5.5], "size": [1, 1, 3], "uv": [52, 7], "mirror": true}
					]
				},
				{
					"name": "left_arm",
					"parent": "body",
					"pivot": [3, 9.25, -5.5],
					"cubes": [
						{"origin": [2.5, 2.25, -5.5], "size": [1, 7, 5], "uv": [0, 20]},
						{"origin": [1.5, 1.25, -5.5], "size": [1, 1, 3], "uv": [42, 18]}
					]
				},
				{
					"name": "look",
					"parent": "body",
					"pivot": [0, 11.25, -6]
				},
				{
					"name": "neck",
					"parent": "look",
					"pivot": [0, 10.25, -5],
					"rotation": [-90, 0, 0],
					"cubes": [
						{"origin": [-1.5, 7.26, -9.01], "size": [3, 4, 5], "inflate": -0.01, "uv": [0, 0]},
						{"origin": [-1, 6.01, -8.01], "size": [2, 4, 5], "inflate": -0.01, "pivot": [0, 8.01, -5.51], "rotation": [17.5, 0, 0], "uv": [20, 45]}
					],
					"locators": {
						"lead": [0, 7.25, -6]
					}
				},
				{
					"name": "head",
					"parent": "neck",
					"pivot": [0, 9.75, -10.5],
					"cubes": [
						{"origin": [-1, 3.3, -10.1], "size": [2, 4, 1], "inflate": -0.01, "uv": [11, 0]},
						{"origin": [-1.5, 7.25, -12], "size": [3, 4, 2], "inflate": 0.01, "uv": [0, 39]},
						{"origin": [-2.5, 7, -13.5], "size": [5, 6, 3], "pivot": [0, 10, -12], "rotation": [-2.5, 0, 0], "uv": [0, 45]},
						{"origin": [-1.5, 9.25, -12.75], "size": [3, 4, 2], "pivot": [0.5, 10.75, -12.25], "rotation": [32.5, 0, 0], "uv": [36, 29]},
						{"origin": [-1, 3.25, -11.95], "size": [2, 4, 2], "inflate": 0.01, "uv": [10, 39]}
					]
				},
				{
					"name": "jaw",
					"parent": "head",
					"pivot": [0, 10.25, -10],
					"cubes": [
						{"origin": [-1, 3.3, -10.85], "size": [2, 4, 1], "inflate": -0.01, "uv": [40, 14]},
						{"origin": [-1, 3.25, -10], "size": [2, 4, 1], "uv": [26, 39]},
						{"origin": [-1.5, 7.25, -10], "size": [3, 4, 1], "uv": [18, 39]}
					]
				},
				{
					"name": "hat",
					"parent": "head",
					"pivot": [0, 9.25, -12],
					"rotation": [90, 0, 0]
				},
				{
					"name": "bowtie",
					"parent": "neck",
					"pivot": [0, 7.25, -6],
					"rotation": [90, 0, 0]
				},
				{
					"name": "tail",
					"parent": "body",
					"pivot": [0, 11, 6],
					"cubes": [
						{"origin": [-1.5, 10, 5], "size": [3, 3, 17], "inflate": 0.01, "uv": [0, 0]},
						{"origin": [-4.5, 8.75, 12], "size": [9, 3, 11], "uv": [23, 0]}
					]
				}
			]
		}
	]
}