{
	"format_version": "1.12.0",
	"minecraft:geometry": [
		{
			"description": {
				"identifier": "geometry.billeys_mobs.duckitem",
				"texture_width": 48,
				"texture_height": 48,
				"visible_bounds_width": 3,
				"visible_bounds_height": 3.5,
				"visible_bounds_offset": [0, 1.25, 0]
			},
			"bones": [
				{
					"name": "pop",
					"pivot": [0, 6, 0]
				},
				{
					"name": "rightItem",
					"parent": "pop",
					"pivot": [0, 6, 0]
				},
				{
					"name": "throwduck_bone2",
					"parent": "rightItem",
					"pivot": [0, 5.9, 0]
				},
				{
					"name": "throwduck_bone",
					"parent": "throwduck_bone2",
					"pivot": [0, 2, 0],
					"cubes": [
						{
							"origin": [-3, 2, -3],
							"size": [6, 8, 6],
							"pivot": [0, 6, 0],
							"rotation": [90, 0, 0],
							"uv": {
								"north": {"uv": [6.032, 7.032], "uv_size": [5.936, 7.936]},
								"east": {"uv": [0.032, 7.032], "uv_size": [5.936, 7.936]},
								"south": {"uv": [18.032, 7.032], "uv_size": [5.936, 7.936]},
								"west": {"uv": [12.032, 7.032], "uv_size": [5.936, 7.936]},
								"up": {"uv": [6.032, 1.032], "uv_size": [5.936, 5.936]},
								"down": {"uv": [12.032, 6.968], "uv_size": [5.936, -5.936]}
							}
						},
						{
							"origin": [3, 5, -3],
							"size": [1, 4, 6],
							"uv": {
								"north": {"uv": [6.032, 21.032], "uv_size": [0.936, 3.936]},
								"east": {"uv": [0.032, 21.032], "uv_size": [5.936, 3.936]},
								"south": {"uv": [13.032, 21.032], "uv_size": [0.936, 3.936]},
								"west": {"uv": [7.032, 21.032], "uv_size": [5.936, 3.936]},
								"up": {"uv": [6.032, 15.032], "uv_size": [0.936, 5.936]},
								"down": {"uv": [7.032, 20.968], "uv_size": [0.936, -5.936]}
							}
						},
						{
							"origin": [0, 0.025, -1],
							"size": [3, 0, 2],
							"uv": {
								"north": {"uv": [26.032, 7.032], "uv_size": [2.936, 0]},
								"east": {"uv": [24.032, 7.032], "uv_size": [1.936, 0]},
								"south": {"uv": [31.032, 7.032], "uv_size": [2.936, 0]},
								"west": {"uv": [29.032, 7.032], "uv_size": [1.936, 0]},
								"up": {"uv": [26.032, 5.032], "uv_size": [2.936, 1.936]},
								"down": {"uv": [29.032, 6.968], "uv_size": [2.936, -1.936]}
							}
						},
						{
							"origin": [1, 0.025, 1],
							"size": [1, 5, 0],
							"uv": {
								"north": {"uv": [33.032, 3.032], "uv_size": [0.936, 4.936]},
								"east": {"uv": [33.032, 3.032], "uv_size": [0, 4.936]},
								"south": {"uv": [34.032, 3.032], "uv_size": [0.936, 4.936]},
								"west": {"uv": [34.032, 3.032], "uv_size": [0, 4.936]},
								"up": {"uv": [33.032, 3.032], "uv_size": [0.936, 0]},
								"down": {"uv": [34.032, 3.032], "uv_size": [0.936, 0]}
							}
						},
						{
							"origin": [-3, 0.025, -1],
							"size": [3, 0, 2],
							"uv": {
								"north": {"uv": [26.032, 7.032], "uv_size": [2.936, 0]},
								"east": {"uv": [24.032, 7.032], "uv_size": [1.936, 0]},
								"south": {"uv": [31.032, 7.032], "uv_size": [2.936, 0]},
								"west": {"uv": [29.032, 7.032], "uv_size": [1.936, 0]},
								"up": {"uv": [26.032, 5.032], "uv_size": [2.936, 1.936]},
								"down": {"uv": [29.032, 6.968], "uv_size": [2.936, -1.936]}
							}
						},
						{
							"origin": [-2, 0.025, 1],
							"size": [1, 5, 0],
							"uv": {
								"north": {"uv": [31.032, 15.032], "uv_size": [0.936, 4.936]},
								"east": {"uv": [31.032, 15.032], "uv_size": [0, 4.936]},
								"south": {"uv": [32.032, 15.032], "uv_size": [0.936, 4.936]},
								"west": {"uv": [32.032, 15.032], "uv_size": [0, 4.936]},
								"up": {"uv": [31.032, 15.032], "uv_size": [0.936, 0]},
								"down": {"uv": [32.032, 15.032], "uv_size": [0.936, 0]}
							}
						},
						{
							"origin": [-2, 7, 3],
							"size": [4, 3, 2],
							"inflate": 0.01,
							"uv": {
								"north": {"uv": [9.032, 9.032], "uv_size": [3.936, 2.936]},
								"east": {"uv": [7.032, 9.032], "uv_size": [1.936, 2.936]},
								"south": {"uv": [15.032, 9.032], "uv_size": [3.936, 2.936]},
								"west": {"uv": [13.032, 9.032], "uv_size": [1.936, 2.936]},
								"up": {"uv": [9.032, 7.032], "uv_size": [3.936, 1.936]},
								"down": {"uv": [13.032, 8.968], "uv_size": [3.936, -1.936]}
							}
						},
						{
							"origin": [-4, 5, -3],
							"size": [1, 4, 6],
							"uv": {
								"north": {"uv": [20.032, 21.032], "uv_size": [0.936, 3.936]},
								"east": {"uv": [14.032, 21.032], "uv_size": [5.936, 3.936]},
								"south": {"uv": [27.032, 21.032], "uv_size": [0.936, 3.936]},
								"west": {"uv": [21.032, 21.032], "uv_size": [5.936, 3.936]},
								"up": {"uv": [20.032, 15.032], "uv_size": [0.936, 5.936]},
								"down": {"uv": [21.032, 20.968], "uv_size": [0.936, -5.936]}
							}
						},
						{
							"origin": [-2, 10, -6],
							"size": [4, 3, 3],
							"uv": {
								"north": {"uv": [29.032, 36.032], "uv_size": [3.936, 2.936]},
								"east": {"uv": [27.032, 31.032], "uv_size": [2.936, 2.936]},
								"south": {"uv": [36.032, 31.032], "uv_size": [3.936, 2.936]},
								"west": {"uv": [33.032, 31.032], "uv_size": [2.936, 2.936]},
								"up": {"uv": [30.032, 28.032], "uv_size": [3.936, 2.936]},
								"down": {"uv": [34.032, 30.968], "uv_size": [1.936, -2.936]}
							}
						},
						{
							"origin": [-2, 7, -5],
							"size": [4, 3, 2],
							"uv": {
								"north": {"uv": [2.032, 27.032], "uv_size": [3.936, 2.936]},
								"east": {"uv": [0.032, 27.032], "uv_size": [1.936, 2.936]},
								"south": {"uv": [6.032, 27.032], "uv_size": [4, 3]},
								"west": {"uv": [6.032, 27.032], "uv_size": [1.936, 2.936]},
								"up": {"uv": [2.032, 25.032], "uv_size": [2.936, 1.936]},
								"down": {"uv": [5.032, 26.968], "uv_size": [2.936, -1.936]}
							}
						}
					]
				},
				{
					"name": "throwduckbone",
					"parent": "throwduck_bone",
					"pivot": [0, 10.5, -6],
					"cubes": [
						{
							"origin": [-1, 10.5, -8],
							"size": [2, 0.5, 2],
							"uv": {
								"north": {"uv": [16.032, 35.032], "uv_size": [1.936, 0.936]},
								"east": {"uv": [14.032, 35.032], "uv_size": [1.936, 0.936]},
								"south": {"uv": [20.032, 35.032], "uv_size": [1.936, 0.936]},
								"west": {"uv": [18.032, 35.032], "uv_size": [1.936, 0.936]},
								"up": {"uv": [16.032, 33.032], "uv_size": [1.936, 1.936]},
								"down": {"uv": [20.032, 4.968], "uv_size": [1.936, -1.936]}
							}
						}
					]
				},
				{
					"name": "throwduckbone1",
					"parent": "throwduck_bone",
					"pivot": [0, 10.5, -6],
					"cubes": [
						{
							"origin": [-1, 10, -8],
							"size": [2, 0.5, 2],
							"uv": {
								"north": {"uv": [16.032, 35.032], "uv_size": [1.936, 0.936]},
								"east": {"uv": [14.032, 35.032], "uv_size": [1.936, 0.936]},
								"south": {"uv": [20.032, 35.032], "uv_size": [1.936, 0.936]},
								"west": {"uv": [18.032, 35.032], "uv_size": [1.936, 0.936]},
								"up": {"uv": [20.032, 3.032], "uv_size": [1.936, 1.936]},
								"down": {"uv": [18.032, 34.968], "uv_size": [1.936, -1.936]}
							}
						}
					]
				}
			]
		}
	]
}