{
	"format_version": "1.12.0",
	"minecraft:geometry": [
		{
			"description": {
				"identifier": "geometry.billduckproj",
				"texture_width": 48,
				"texture_height": 48,
				"visible_bounds_width": 2,
				"visible_bounds_height": 2.5,
				"visible_bounds_offset": [0, 0.75, 0]
			},
			"bones": [
				{
					"name": "body",
					"pivot": [0, 1.5, 0],
					"rotation": [90, 0, 0],
					"cubes": [
						{
							"origin": [-1.5, -2.5, -1.5],
							"size": [3, 1, 3],
							"uv": {
								"north": {"uv": [3, 28], "uv_size": [3, 1]},
								"east": {"uv": [0, 26], "uv_size": [3, 1]},
								"south": {"uv": [0, 25], "uv_size": [3, 1]},
								"west": {"uv": [5, 34], "uv_size": [3, 1]},
								"up": {"uv": [3, 31], "uv_size": [-3, -3]},
								"down": {"uv": [4, 34], "uv_size": [-3, -3]}
							}
						},
						{
							"origin": [0.15, -2.5, -1.5],
							"size": [1, 1, 1],
							"pivot": [0.5, -1.5, -0.5],
							"rotation": [0, -12.5, 0],
							"uv": {
								"north": {"uv": [47.032, 2.032], "uv_size": [0.936, 0.936]},
								"east": {"uv": [47.032, 2.032], "uv_size": [0.936, 0.936]},
								"south": {"uv": [47.032, 2.032], "uv_size": [0.936, 0.936]},
								"west": {"uv": [47.032, 2.032], "uv_size": [0.936, 0.936]},
								"up": {"uv": [47.968, 0.968], "uv_size": [-0.936, -0.936]},
								"down": {"uv": [47.968, 2.968], "uv_size": [-0.936, -0.936]}
							}
						},
						{
							"origin": [-1.15, -2.5, -1.5],
							"size": [1, 1, 1],
							"pivot": [-0.5, -1.5, -0.5],
							"rotation": [0, 12.5, 0],
							"uv": {
								"north": {"uv": [47.968, 2.032], "uv_size": [-0.936, 0.936]},
								"east": {"uv": [47.968, 2.032], "uv_size": [-0.936, 0.936]},
								"south": {"uv": [47.968, 2.032], "uv_size": [-0.936, 0.936]},
								"west": {"uv": [47.968, 2.032], "uv_size": [-0.936, 0.936]},
								"up": {"uv": [47.032, 0.968], "uv_size": [0.936, -0.936]},
								"down": {"uv": [47.032, 2.968], "uv_size": [0.936, -0.936]}
							}
						},
						{
							"origin": [-0.5, -2.5, -0.5],
							"size": [1, 6, 1],
							"uv": {
								"north": {"uv": [8.032, 6.032], "uv_size": [0.936, 5.936]},
								"east": {"uv": [8.032, 6.032], "uv_size": [0.936, 5.936]},
								"south": {"uv": [8.032, 6.032], "uv_size": [0.936, 5.936]},
								"west": {"uv": [8.032, 6.032], "uv_size": [0.936, 5.936]},
								"up": {"uv": [8.968, 5.968], "uv_size": [-0.936, -0.936]}
							}
						}
					]
				}
			]
		}
	]
}