{
	"format_version": "1.12.0",
	"minecraft:geometry": [
		{
			"description": {
				"identifier": "geometry.billeys_mobs.duckatrice",
				"texture_width": 128,
				"texture_height": 128,
				"visible_bounds_width": 8,
				"visible_bounds_height": 6,
				"visible_bounds_offset": [0, 2, 0]
			},
			"bones": [
				{
					"name": "ooo",
					"pivot": [0, 0, 0]
				},
				{
					"name": "body",
					"parent": "ooo",
					"pivot": [0, 25, 0]
				},
				{
					"name": "body_pivoted_at_rider",
					"parent": "body",
					"pivot": [0, 32, 6]
				},
				{
					"name": "ooo2",
					"parent": "body_pivoted_at_rider",
					"pivot": [0, 0, 0]
				},
				{
					"name": "body1",
					"parent": "ooo2",
					"pivot": [0, 18.5, 6],
					"cubes": [
						{"origin": [-5.5, 17, -12], "size": [11, 15, 24], "uv": [0, 0]}
					]
				},
				{
					"name": "Neck",
					"parent": "body1",
					"pivot": [0, 25.5, -10.5],
					"cubes": [
						{"origin": [-4, 21, -20], "size": [8, 9, 11], "uv": [46, 0]}
					]
				},
				{
					"name": "Neck2",
					"parent": "Neck",
					"pivot": [0, 25, -19],
					"cubes": [
						{"origin": [-2.5, 23, -22], "size": [5, 16, 6], "uv": [0, 0]}
					]
				},
				{
					"name": "Head",
					"parent": "Neck2",
					"pivot": [0, 37.5, -19.5],
					"cubes": [
						{"origin": [-3.5, 35, -24], "size": [7, 5, 6], "uv": [73, 0]},
						{"origin": [-2, 36, -30], "size": [4, 2, 6], "uv": [82, 87]},
						{"origin": [-2, 35, -30], "size": [4, 1, 6], "uv": [90, 69]}
					]
				},
				{
					"name": "saddle_head",
					"parent": "Head",
					"pivot": [0, 0, 0],
					"cubes": [
						{"origin": [-3.5, 35, -24], "size": [7, 5, 6], "inflate": 0.02, "uv": [0, 74]},
						{"origin": [1.5, 35, -25], "size": [1, 1, 1], "inflate": 0.01, "uv": [2, 90]},
						{"origin": [-2.5, 35, -25], "size": [1, 1, 1], "inflate": 0.01, "uv": [2, 90], "mirror": true},
						{"origin": [-2, 36, -29], "size": [4, 2, 6], "inflate": 0.02, "uv": [83, 108]}
					]
				},
				{
					"name": "rider_thing_left",
					"parent": "saddle_head",
					"pivot": [3.5, 37.5, -19.5],
					"rotation": [0, 10, 0],
					"cubes": [
						{"origin": [3.5, 35, -19.5], "size": [0, 4, 17], "uv": [0, 102]}
					]
				},
				{
					"name": "rider_thing_right",
					"parent": "saddle_head",
					"pivot": [-3.5, 37.5, -19.5],
					"rotation": [0, -10, 0],
					"cubes": [
						{"origin": [-3.5, 35, -19.5], "size": [0, 4, 17], "uv": [0, 102], "mirror": true}
					]
				},
				{
					"name": "Jaw",
					"parent": "Head",
					"pivot": [0, 36, -24],
					"cubes": [
						{"origin": [-1.5, 35, -29], "size": [3, 1, 5], "uv": [93, 0]}
					]
				},
				{
					"name": "saddle_jaw",
					"parent": "Jaw",
					"pivot": [0, 0, 0],
					"cubes": [
						{"origin": [-1.5, 35, -29], "size": [3, 1, 5], "inflate": 0.02, "uv": [49, 119]}
					]
				},
				{
					"name": "tongue",
					"parent": "Jaw",
					"pivot": [0, 36, -24],
					"cubes": [
						{"origin": [-1, 35.5, -27.25], "size": [2, 1, 3], "uv": [118, 0]}
					]
				},
				{
					"name": "hat",
					"parent": "Head",
					"pivot": [0, 40, -21]
				},
				{
					"name": "bowtie",
					"parent": "Neck2",
					"pivot": [0, 26.5, -22]
				},
				{
					"name": "Tail",
					"parent": "body1",
					"pivot": [0, 26, 10],
					"cubes": [
						{"origin": [-3.5, 21, 10], "size": [7, 10, 14], "uv": [35, 39]}
					]
				},
				{
					"name": "Tail2",
					"parent": "Tail",
					"pivot": [0, 27.5, 23],
					"cubes": [
						{"origin": [-1.5, 25, 22], "size": [3, 5, 29], "uv": [0, 39]},
						{"origin": [0, 30, 27], "size": [0, 2, 17], "uv": [46, 3]}
					]
				},
				{
					"name": "Left_Wing",
					"parent": "body1",
					"pivot": [5.5, 30, -3],
					"rotation": [0, 0, -2.5],
					"cubes": [
						{"origin": [5.5, 19, -10], "size": [2, 11, 14], "uv": [64, 50]},
						{"origin": [6.5, 23, -13], "size": [0, 3, 3], "uv": [41, 42]},
						{"origin": [6.5, 19, -13], "size": [0, 3, 3], "uv": [41, 42]}
					]
				},
				{
					"name": "Left_Feathers",
					"parent": "Left_Wing",
					"pivot": [6.5, 19, -10],
					"rotation": [80, 0, 0],
					"cubes": [
						{"origin": [6.5, -11, -10], "size": [0, 30, 16], "uv": [32, 57]}
					]
				},
				{
					"name": "Right_Wing",
					"parent": "body1",
					"pivot": [-5.5, 30, -3],
					"rotation": [0, 0, 2.5],
					"cubes": [
						{"origin": [-7.5, 19, -10], "size": [2, 11, 14], "uv": [64, 50]},
						{"origin": [-6.5, 23, -13], "size": [0, 3, 3], "uv": [41, 42], "mirror": true},
						{"origin": [-6.5, 19, -13], "size": [0, 3, 3], "uv": [41, 42], "mirror": true}
					]
				},
				{
					"name": "Right_Feathers",
					"parent": "Right_Wing",
					"pivot": [-6.5, 19, -10],
					"rotation": [80, 0, 0],
					"cubes": [
						{"origin": [-6.5, -11, -10], "size": [0, 30, 16], "uv": [32, 57], "mirror": true}
					]
				},
				{
					"name": "saddle_body",
					"parent": "body1",
					"pivot": [0, 0, 0],
					"cubes": [
						{"origin": [-5.5, 17, -3], "size": [11, 15, 9], "inflate": 0.02, "uv": [0, 86]}
					]
				},
				{
					"name": "Left_Leg",
					"parent": "ooo2",
					"pivot": [4.5, 19.5, 6],
					"cubes": [
						{"origin": [2.5, 14.5, 3.5], "size": [4, 7, 5], "inflate": 0.01, "uv": [81, 24], "mirror": true}
					]
				},
				{
					"name": "bone",
					"parent": "Left_Leg",
					"pivot": [4.5, 14.5, 4],
					"cubes": [
						{"origin": [3, 1, 4], "size": [3, 14, 4], "uv": [0, 45], "mirror": true}
					]
				},
				{
					"name": "Left_Foot",
					"parent": "bone",
					"pivot": [4.5, 1, 6],
					"cubes": [
						{"origin": [1.5, 0, 0], "size": [6, 2, 7], "uv": [77, 15]},
						{"origin": [3.5, 0, -3], "size": [2, 3, 7], "uv": [64, 84]},
						{"origin": [6.5, 0, -2], "size": [1, 2, 2], "uv": [46, 4]},
						{"origin": [1.5, 0, -2], "size": [1, 2, 2], "uv": [46, 0]}
					]
				},
				{
					"name": "Right_Leg",
					"parent": "ooo2",
					"pivot": [-4.5, 19.5, 6],
					"cubes": [
						{"origin": [-6.5, 14.5, 3.5], "size": [4, 7, 5], "inflate": 0.01, "uv": [81, 24]}
					]
				},
				{
					"name": "bone2",
					"parent": "Right_Leg",
					"pivot": [-4.5, 14.5, 4],
					"cubes": [
						{"origin": [-6, 1, 4], "size": [3, 14, 4], "uv": [0, 45]}
					]
				},
				{
					"name": "Right_Foot",
					"parent": "bone2",
					"pivot": [-4.5, 1, 6],
					"cubes": [
						{"origin": [-7.5, 0, 0], "size": [6, 2, 7], "uv": [77, 15]},
						{"origin": [-5.5, 0, -3], "size": [2, 3, 7], "uv": [83, 77]},
						{"origin": [-2.5, 0, -2], "size": [1, 2, 2], "uv": [10, 39]},
						{"origin": [-7.5, 0, -2], "size": [1, 2, 2], "uv": [0, 0]}
					]
				}
			]
		}
	]
}