{
	"format_version": "1.12.0",
	"minecraft:geometry": [
		{
			"description": {
				"identifier": "geometry.billeys_mobs.duckarmor",
				"texture_width": 48,
				"texture_height": 48,
				"visible_bounds_width": 2,
				"visible_bounds_height": 2.5,
				"visible_bounds_offset": [0, 0.75, 0]
			},
			"bones": [
				{
					"name": "ooo",
					"pivot": [0, 0, 0]
				},
				{
					"name": "body",
					"parent": "ooo",
					"pivot": [0, 4.925, 1]
				},
				{
					"name": "leg0",
					"parent": "body",
					"pivot": [-1.5, 3.125, 1]
				},
				{
					"name": "bone5",
					"parent": "leg0",
					"pivot": [-1.5, 0.025, 1]
				},
				{
					"name": "leg1",
					"parent": "body",
					"pivot": [1.5, 3.125, 1]
				},
				{
					"name": "bone4",
					"parent": "leg1",
					"pivot": [1.5, 0.025, 1]
				},
				{
					"name": "bone6",
					"parent": "body",
					"pivot": [0, 4.925, -2]
				},
				{
					"name": "bodynolegs",
					"parent": "bone6",
					"pivot": [0, 4.925, 1]
				},
				{
					"name": "bodylol",
					"parent": "bodynolegs",
					"pivot": [0, 5.925, 0],
					"cubes": [
						{
							"origin": [-3, 1.925, -3],
							"size": [6, 8, 6],
							"inflate": 0.155,
							"pivot": [0, 5.925, 0],
							"rotation": [90, 0, 0],
							"uv": {
								"north": {"uv": [12, 30], "uv_size": [6, 8]},
								"east": {"uv": [18, 40], "uv_size": [6, 8]},
								"south": {"uv": [18, 32], "uv_size": [6, 8]},
								"west": {"uv": [28, 35], "uv_size": [6, 8]},
								"up": {"uv": [34, 42], "uv_size": [6, 6]},
								"down": {"uv": [40, 42], "uv_size": [-6, 6]}
							}
						}
					]
				},
				{
					"name": "duck_tail",
					"parent": "bodylol",
					"pivot": [0, 9.05, 3.8],
					"cubes": [
						{
							"origin": [-1, 8.55, 3.3],
							"size": [2, 1, 1],
							"inflate": -0.05,
							"pivot": [0, 9.05, 3.8],
							"rotation": [45, 0, 0],
							"uv": {
								"north": {"uv": [47, 47], "uv_size": [1, 1]},
								"east": {"uv": [47, 47], "uv_size": [1, 1]},
								"south": {"uv": [47, 47], "uv_size": [1, 1]},
								"west": {"uv": [47, 47], "uv_size": [1, 1]},
								"up": {"uv": [48, 48], "uv_size": [-1, -1]},
								"down": {"uv": [48, 48], "uv_size": [-1, -1]}
							}
						}
					]
				},
				{
					"name": "duck_tail_flesh",
					"parent": "duck_tail",
					"pivot": [0, 7.9, 4.35]
				},
				{
					"name": "tcheste",
					"parent": "bodylol",
					"pivot": [0, 5.925, 0]
				},
				{
					"name": "wing0",
					"parent": "bodynolegs",
					"pivot": [-3, 8.925, 0],
					"cubes": [
						{
							"origin": [-4, 4.925, -3],
							"size": [1, 4, 6],
							"inflate": 0.15,
							"uv": {
								"north": {"uv": [42, 13], "uv_size": [1, 4]},
								"east": {"uv": [40, 38], "uv_size": [6, 4]},
								"south": {"uv": [47, 13], "uv_size": [1, 4]},
								"west": {"uv": [21, 21], "uv_size": [6, 4]},
								"up": {"uv": [10, 42], "uv_size": [1, 6]},
								"down": {"uv": [22, 15], "uv_size": [-1, 6]}
							}
						}
					]
				},
				{
					"name": "wing1",
					"parent": "bodynolegs",
					"pivot": [3.025, 8.925, 0],
					"cubes": [
						{
							"origin": [3, 4.925, -3],
							"size": [1, 4, 6],
							"inflate": 0.15,
							"uv": {
								"north": {"uv": [41, 39], "uv_size": [1, 4]},
								"east": {"uv": [0, 21], "uv_size": [6, 4]},
								"south": {"uv": [44, 39], "uv_size": [1, 4]},
								"west": {"uv": [42, 13], "uv_size": [6, 4]},
								"up": {"uv": [24, 40], "uv_size": [1, 6]},
								"down": {"uv": [8, 15], "uv_size": [-1, 6]}
							}
						}
					]
				},
				{
					"name": "head",
					"parent": "bodynolegs",
					"pivot": [0, 8, -4],
					"cubes": [
						{
							"origin": [-2, 7, -5],
							"size": [4, 3, 2],
							"inflate": 0.11,
							"uv": {
								"north": {"uv": [35.032, 42.032], "uv_size": [2.936, 2.936]},
								"east": {"uv": [24.032, 0], "uv_size": [1.936, 2.936]},
								"south": {"uv": [19.032, 33.032], "uv_size": [2.936, 2.936]},
								"west": {"uv": [24.032, 0], "uv_size": [1.936, 2.936]},
								"up": {"uv": [2.032, 25.032], "uv_size": [2.936, 1.936]},
								"down": {"uv": [35.032, 46.968], "uv_size": [2.936, -1.936]}
							}
						}
					]
				},
				{
					"name": "lol",
					"parent": "head",
					"pivot": [0, 11.5, -4.5]
				},
				{
					"name": "beak",
					"parent": "lol",
					"pivot": [0, 10.5, -6]
				},
				{
					"name": "bone",
					"parent": "beak",
					"pivot": [0, 10.5, -6]
				},
				{
					"name": "bone3",
					"parent": "beak",
					"pivot": [0, 10.5, -6]
				},
				{
					"name": "bone7",
					"parent": "lol",
					"pivot": [0, 11.67939, -4.19943],
					"cubes": [
						{
							"origin": [-2, 10, -6],
							"size": [4, 3, 3],
							"inflate": 0.12,
							"uv": {
								"north": {"uv": [11.032, 25.032], "uv_size": [1.936, 2.936]},
								"east": {"uv": [14.968, 25.032], "uv_size": [-2.936, 2.936]},
								"south": {"uv": [19.032, 34.032], "uv_size": [2.936, 2.936]},
								"west": {"uv": [12.032, 25.032], "uv_size": [2.936, 2.936]},
								"up": {"uv": [9.032, 16.032], "uv_size": [1.936, 1.936]},
								"down": {"uv": [33.032, 30.968], "uv_size": [2.936, -2.936]}
							}
						}
					]
				},
				{
					"name": "bone11",
					"parent": "bone7",
					"pivot": [0, 11.67939, -4.19943]
				},
				{
					"name": "bone10",
					"parent": "bone11",
					"pivot": [0, 8, -4.5],
					"cubes": [
						{
							"origin": [-2.02, 10, -5],
							"size": [4.04, 1, 1],
							"uv": {
								"north": {"uv": [1.032, 34.032], "uv_size": [2.936, 0.936]},
								"east": {"uv": [0.032, 34.032], "uv_size": [0.936, 0.936]},
								"south": {"uv": [5.032, 34.032], "uv_size": [2.936, 0.936]},
								"west": {"uv": [4.032, 34.032], "uv_size": [0.936, 0.936]},
								"up": {"uv": [1.032, 33.032], "uv_size": [2.936, 0.936]},
								"down": {"uv": [4.032, 33.968], "uv_size": [2.936, -0.936]}
							}
						}
					]
				},
				{
					"name": "bone9",
					"parent": "bone11",
					"pivot": [0, 13, -4.5],
					"cubes": [
						{
							"origin": [-2.02, 12, -5],
							"size": [4.04, 1, 1],
							"uv": {
								"north": {"uv": [1.032, 37.032], "uv_size": [2.936, 0.936]},
								"east": {"uv": [0.032, 37.032], "uv_size": [0.936, 0.936]},
								"south": {"uv": [5.032, 37.032], "uv_size": [2.936, 0.936]},
								"west": {"uv": [4.032, 37.032], "uv_size": [0.936, 0.936]},
								"up": {"uv": [1.032, 36.032], "uv_size": [2.936, 0.936]},
								"down": {"uv": [4.032, 36.968], "uv_size": [2.936, -0.936]}
							}
						}
					]
				}
			]
		}
	]
}