{
	"format_version": "1.12.0",
	"minecraft:geometry": [
		{
			"description": {
				"identifier": "geometry.efpesometer",
				"texture_width": 32,
				"texture_height": 32,
				"visible_bounds_width": 0,
				"visible_bounds_height": 0,
				"visible_bounds_offset": [0, 0, 0]
			},
			"bones": [
				{
					"name": "bone",
					"pivot": [0, 0, 0],
					"cubes": [
						{
							"origin": [-8, 0, 0],
							"size": [16, 10, 1],
							"uv": {
								"north": {"uv": [0, 0], "uv_size": [16, 10]},
								"east": {"uv": [16, 2], "uv_size": [1, 10]},
								"south": {"uv": [0, 10], "uv_size": [16, 10]},
								"west": {"uv": [16, 12], "uv_size": [1, 10]},
								"up": {"uv": [16, 0], "uv_size": [16, 1]},
								"down": {"uv": [16, 2], "uv_size": [16, -1]}
							}
						}
					]
				},
				{
					"name": "bone2",
					"parent": "bone",
					"pivot": [0, 0.5, 0],
					"cubes": [
						{
							"origin": [0, 0, -1],
							"size": [8, 1, 1],
							"uv": {
								"north": {"uv": [31, 18], "uv_size": [1, 1]},
								"east": {"uv": [31, 18], "uv_size": [1, 1]},
								"south": {"uv": [31, 18], "uv_size": [1, 1]},
								"west": {"uv": [31, 18], "uv_size": [1, 1]},
								"up": {"uv": [32, 19], "uv_size": [-1, -1]},
								"down": {"uv": [32, 19], "uv_size": [-1, -1]}
							}
						}
					]
				}
			]
		}
	]
}