{
	"format_version": "1.12.0",
	"minecraft:geometry": [
		{
			"description": {
				"identifier": "geometry.billeys_mobs.electriceel",
				"texture_width": 64,
				"texture_height": 64,
				"visible_bounds_width": 3,
				"visible_bounds_height": 2.5,
				"visible_bounds_offset": [0, 0.75, 0]
			},
			"bones": [
				{
					"name": "ooo",
					"pivot": [0, 0, 0]
				},
				{
					"name": "body",
					"parent": "ooo",
					"pivot": [0, 1, 0]
				},
				{
					"name": "bone3",
					"parent": "body",
					"pivot": [0, 1, -4],
					"cubes": [
						{
							"origin": [0, -1, -5],
							"size": [0, 1, 1],
							"uv": {
								"west": {"uv": [0.032, 0.032], "uv_size": [0.936, 0.936]}
							}
						},
						{
							"origin": [-1, 0, -6],
							"size": [2, 2, 2],
							"uv": {
								"north": {"uv": [20.032, 16.032], "uv_size": [0.936, 1.936]},
								"east": {"uv": [12.032, 16.032], "uv_size": [1.936, 1.936]},
								"south": {"uv": [21.032, 16.032], "uv_size": [0.936, 1.936]},
								"west": {"uv": [20.032, 16.032], "uv_size": [1.936, 1.936]},
								"up": {"uv": [16.032, 12.032], "uv_size": [1.936, 1.936]},
								"down": {"uv": [18.032, 13.968], "uv_size": [1.936, -1.936]}
							}
						}
					]
				},
				{
					"name": "bowtie",
					"parent": "bone3",
					"pivot": [0, 0, -5.5],
					"rotation": [90, 0, 0]
				},
				{
					"name": "bone8",
					"parent": "bone3",
					"pivot": [1, 0.5, -5],
					"cubes": [
						{
							"origin": [1, 0, -5],
							"size": [0, 1, 1],
							"pivot": [1, 0.5, -5],
							"rotation": [0, 50, 0],
							"uv": {
								"west": {"uv": [23.032, 16.032], "uv_size": [0.936, 0.936]}
							}
						}
					]
				},
				{
					"name": "bone9",
					"parent": "bone3",
					"pivot": [-1, 0.5, -5],
					"cubes": [
						{
							"origin": [-1, 0, -5],
							"size": [0, 1, 1],
							"pivot": [-1, 0.5, -5],
							"rotation": [0, -50, 0],
							"uv": {
								"east": {"uv": [23.968, 16.032], "uv_size": [-0.936, 0.936]}
							}
						}
					]
				},
				{
					"name": "head",
					"parent": "bone3",
					"pivot": [0, 1, -6],
					"cubes": [
						{
							"origin": [-1, 0, -8],
							"size": [2, 2, 2],
							"inflate": 0.01,
							"uv": {
								"north": {"uv": [16.032, 16.032], "uv_size": [1.936, 1.936]},
								"east": {"uv": [14.032, 16.032], "uv_size": [1.936, 1.936]},
								"south": {"uv": [20.032, 16.032], "uv_size": [0.936, 1.936]},
								"west": {"uv": [18.032, 16.032], "uv_size": [1.936, 1.936]},
								"up": {"uv": [16.032, 14.032], "uv_size": [1.936, 1.936]},
								"down": {"uv": [18.032, 15.968], "uv_size": [1.936, -1.936]}
							}
						}
					],
					"locators": {
						"zee": [0, 2, -7]
					}
				},
				{
					"name": "hat",
					"parent": "head",
					"pivot": [0, 2, -7]
				},
				{
					"name": "bone5",
					"parent": "bone3",
					"pivot": [0, 1, -4],
					"cubes": [
						{
							"origin": [0, -1, -4],
							"size": [0, 1, 2],
							"uv": {
								"west": {"uv": [1.032, 0.032], "uv_size": [1.936, 0.936]}
							}
						},
						{
							"origin": [-1, 0, -4],
							"size": [2, 2, 2],
							"inflate": 0.01,
							"uv": {
								"north": {"uv": [22.032, 16.032], "uv_size": [0.936, 1.936]},
								"east": {"uv": [10.032, 16.032], "uv_size": [1.936, 1.936]},
								"south": {"uv": [24.032, 16.032], "uv_size": [0.936, 1.936]},
								"west": {"uv": [22.032, 16.032], "uv_size": [1.936, 1.936]},
								"up": {"uv": [16.032, 10.032], "uv_size": [1.936, 1.936]},
								"down": {"uv": [18.032, 11.968], "uv_size": [1.936, -1.936]}
							}
						}
					]
				},
				{
					"name": "bone",
					"parent": "bone5",
					"pivot": [0, 1, -2],
					"cubes": [
						{
							"origin": [0, -1, -2],
							"size": [0, 1, 2],
							"uv": {
								"west": {"uv": [3.032, 0.032], "uv_size": [1.936, 0.936]}
							}
						},
						{
							"origin": [-1, 0, -2],
							"size": [2, 2, 2],
							"uv": {
								"north": {"uv": [23.032, 16.032], "uv_size": [0.936, 1.936]},
								"east": {"uv": [8.032, 16.032], "uv_size": [1.936, 1.936]},
								"south": {"uv": [25.032, 16.032], "uv_size": [0.936, 1.936]},
								"west": {"uv": [24.032, 16.032], "uv_size": [1.936, 1.936]},
								"up": {"uv": [16.032, 8.032], "uv_size": [1.936, 1.936]},
								"down": {"uv": [18.032, 9.968], "uv_size": [1.936, -1.936]}
							}
						}
					]
				},
				{
					"name": "bone2",
					"parent": "bone",
					"pivot": [0, 1, 0],
					"cubes": [
						{
							"origin": [0, -1, 0],
							"size": [0, 1, 2],
							"uv": {
								"west": {"uv": [3.032, 0.032], "uv_size": [1.936, 0.936]}
							}
						},
						{
							"origin": [-1, 0, 0],
							"size": [2, 2, 2],
							"inflate": 0.01,
							"uv": {
								"north": {"uv": [25.032, 16.032], "uv_size": [0.936, 1.936]},
								"east": {"uv": [6.032, 16.032], "uv_size": [1.936, 1.936]},
								"south": {"uv": [28.032, 16.032], "uv_size": [0.936, 1.936]},
								"west": {"uv": [26.032, 16.032], "uv_size": [1.936, 1.936]},
								"up": {"uv": [16.032, 6.032], "uv_size": [1.936, 1.936]},
								"down": {"uv": [18.032, 7.968], "uv_size": [1.936, -1.936]}
							}
						}
					]
				},
				{
					"name": "bone6",
					"parent": "bone2",
					"pivot": [0, 1, 2],
					"cubes": [
						{
							"origin": [-1, 0, 2],
							"size": [2, 2, 2],
							"uv": {
								"north": {"uv": [27.032, 16.032], "uv_size": [0.936, 1.936]},
								"east": {"uv": [4.032, 16.032], "uv_size": [1.936, 1.936]},
								"south": {"uv": [29.032, 16.032], "uv_size": [0.936, 1.936]},
								"west": {"uv": [28.032, 16.032], "uv_size": [1.936, 1.936]},
								"up": {"uv": [16.032, 4.032], "uv_size": [1.936, 1.936]},
								"down": {"uv": [18.032, 5.968], "uv_size": [1.936, -1.936]}
							}
						},
						{
							"origin": [0, -1, 2],
							"size": [0, 1, 2],
							"uv": {
								"west": {"uv": [5.032, 0.032], "uv_size": [1.936, 0.936]}
							}
						}
					]
				},
				{
					"name": "bone4",
					"parent": "bone6",
					"pivot": [0, 1, 4],
					"cubes": [
						{
							"origin": [0, -1, 4],
							"size": [0, 1, 2],
							"uv": {
								"west": {"uv": [7.032, 0.032], "uv_size": [1.936, 0.936]}
							}
						},
						{
							"origin": [-1, 0, 4],
							"size": [2, 2, 2],
							"inflate": 0.01,
							"uv": {
								"north": {"uv": [30.032, 16.032], "uv_size": [0.936, 1.936]},
								"east": {"uv": [2.032, 16.032], "uv_size": [1.936, 1.936]},
								"south": {"uv": [31.032, 16.032], "uv_size": [0.936, 1.936]},
								"west": {"uv": [30.032, 16.032], "uv_size": [1.936, 1.936]},
								"up": {"uv": [16.032, 2.032], "uv_size": [1.936, 1.936]},
								"down": {"uv": [18.032, 3.968], "uv_size": [1.936, -1.936]}
							}
						}
					]
				},
				{
					"name": "bone7",
					"parent": "bone4",
					"pivot": [0, 1, 6],
					"cubes": [
						{
							"origin": [-1, 0, 6],
							"size": [2, 2, 2],
							"uv": {
								"north": {"uv": [31.032, 16.032], "uv_size": [0.936, 1.936]},
								"east": {"uv": [0.032, 16.032], "uv_size": [1.936, 1.936]},
								"south": {"uv": [34.032, 16.032], "uv_size": [1.936, 1.936]},
								"west": {"uv": [32.032, 16.032], "uv_size": [1.936, 1.936]},
								"up": {"uv": [16.032, 0.032], "uv_size": [1.936, 1.936]},
								"down": {"uv": [18.032, 1.968], "uv_size": [1.936, -1.936]}
							}
						},
						{
							"origin": [0, -1, 6],
							"size": [0, 1, 1],
							"uv": {
								"west": {"uv": [9.032, 0.032], "uv_size": [0.936, 0.936]}
							}
						}
					]
				}
			]
		}
	]
}