{
	"format_version": "1.12.0",
	"minecraft:geometry": [
		{
			"description": {
				"identifier": "geometry.billeys_mobs.falcon",
				"texture_width": 32,
				"texture_height": 32,
				"visible_bounds_width": 36,
				"visible_bounds_height": 33,
				"visible_bounds_offset": [0, -14.5, 0]
			},
			"bones": [{
				"name": "ooo",
				"pivot": [
					0,
					0,
					0
				]
			},
			{
				"parent": "ooo",
					"name": "flyrotation",
					"pivot": [0, 4, 0]
				},
				{
					"name": "bone",
					"parent": "flyrotation",
					"pivot": [0, 0, 0]
				},
				{
					"name": "bone2",
					"parent": "bone",
					"pivot": [0, 1.725, 0.025],
					"rotation": [37.5, 0, 0]
				},
				{
					"name": "bone4",
					"parent": "bone2",
					"pivot": [0, 9.72711, 2.01895],
					"cubes": [
						{
							"origin": [-2, 1.72711, 0.01895],
							"size": [4, 8, 4],
							"uv": {
								"north": {"uv": [0, 0], "uv_size": [4, 8]},
								"east": {"uv": [4, 0], "uv_size": [4, 8]},
								"south": {"uv": [0, 8], "uv_size": [4, 8]},
								"west": {"uv": [8, 0], "uv_size": [4, 8]},
								"up": {"uv": [13, 6], "uv_size": [4, 4]},
								"down": {"uv": [13, 14], "uv_size": [4, -4]}
							}
						}
					]
				},
				{
					"name": "neck",
					"parent": "bone2",
					"pivot": [0, 9.725, 1.525],
					"rotation": [-37.5, 0, 0]
				},
				{
					"name": "bone3",
					"parent": "neck",
					"pivot": [0, 9.725, 1.6875],
					"cubes": [
						{
							"origin": [-1.5, 8.725, 0.525],
							"size": [3, 2, 2.325],
							"uv": {
								"north": {"uv": [17, 12], "uv_size": [3, 2]},
								"east": {"uv": [15, 4], "uv_size": [2, 2]},
								"south": {"uv": [4, 18], "uv_size": [3, 2]},
								"west": {"uv": [19, 2], "uv_size": [2, 2]},
								"up": {"uv": [7, 18], "uv_size": [3, 2]},
								"down": {"uv": [10, 20], "uv_size": [3, -2]}
							}
						}
					]
				},
				{
					"name": "head",
					"parent": "neck",
					"pivot": [0, 10.70874, 1.15671],
					"cubes": [
						{
							"origin": [-2, 10.41123, -0.84],
							"size": [4, 4, 4],
							"inflate": -0.3,
							"uv": {
								"north": {"uv": [4, 14], "uv_size": [4, 4]},
								"east": {"uv": [8, 14], "uv_size": [4, 4]},
								"south": {"uv": [12, 14], "uv_size": [4, 4]},
								"west": {"uv": [15, 0], "uv_size": [4, 4]},
								"up": {"uv": [0, 16], "uv_size": [4, 4]},
								"down": {"uv": [16, 18], "uv_size": [4, -4]}
							}
						}
					],
					"locators": {
						"lead": [0, 10.7087, 1.1567],
						"zee": [0, 14, 1]
					}
				},
				{
					"name": "pom",
					"parent": "head",
					"pivot": [0, 12.83623, 0.31],
					"cubes": [
						{
							"origin": [-2, 12.11123, 0.01],
							"size": [4, 1.45, 1.45],
							"inflate": -0.291,
							"uv": {
								"north": {"uv": [16, 1], "uv_size": [1, 1]},
								"east": {"uv": [16, 1], "uv_size": [1, 1]},
								"south": {"uv": [16, 1], "uv_size": [1, 1]},
								"west": {"uv": [16, 1], "uv_size": [1, 1]},
								"up": {"uv": [17, 2], "uv_size": [-1, -1]},
								"down": {"uv": [17, 2], "uv_size": [-1, -1]}
							}
						}
					]
				},
				{
					"name": "eyelid",
					"parent": "head",
					"pivot": [0, 13.2627, 1.16],
					"cubes": [
						{
							"origin": [-2, 12.9622, 0.01],
							"size": [4, 0.601, 2.3],
							"inflate": -0.3,
							"uv": {
								"north": {"uv": [31, 0], "uv_size": [1, 1]},
								"east": {"uv": [31, 0], "uv_size": [1, 1]},
								"south": {"uv": [31, 0], "uv_size": [1, 1]},
								"west": {"uv": [31, 0], "uv_size": [1, 1]},
								"up": {"uv": [32, 1], "uv_size": [-1, -1]},
								"down": {"uv": [32, 1], "uv_size": [-1, -1]}
							}
						}
					]
				},
				{
					"name": "eyelid2",
					"parent": "head",
					"pivot": [0, 12.41173, 1.16],
					"cubes": [
						{
							"origin": [-2, 12.11123, 0.01],
							"size": [4, 0.601, 2.3],
							"inflate": -0.3,
							"uv": {
								"north": {"uv": [31, 0], "uv_size": [1, 1]},
								"east": {"uv": [31, 0], "uv_size": [1, 1]},
								"south": {"uv": [31, 0], "uv_size": [1, 1]},
								"west": {"uv": [31, 0], "uv_size": [1, 1]},
								"up": {"uv": [32, 1], "uv_size": [-1, -1]},
								"down": {"uv": [32, 1], "uv_size": [-1, -1]}
							}
						}
					]
				},
				{
					"name": "beak",
					"parent": "head",
					"pivot": [0, 11.98408, -0.54],
					"cubes": [
						{
							"origin": [-0.925, 11.90485, -1.76405],
							"size": [1.85, 0.575, 1.3],
							"inflate": -0.076,
							"uv": {
								"north": {"uv": [20, 12], "uv_size": [2, 1]},
								"east": {"uv": [21, 10], "uv_size": [1, 1]},
								"south": {"uv": [20, 13], "uv_size": [2, 1]},
								"west": {"uv": [21, 16], "uv_size": [1, 1]},
								"up": {"uv": [20, 14], "uv_size": [2, 1]},
								"down": {"uv": [20, 16], "uv_size": [2, -1]}
							}
						}
					]
				},
				{
					"name": "beak2",
					"parent": "beak",
					"pivot": [0, 12.41123, -1.39],
					"cubes": [
						{
							"origin": [-0.925, 10.77979, -1.91461],
							"size": [1.85, 1.7, 0.6],
							"inflate": -0.075,
							"uv": {
								"north": {"uv": [0, 20], "uv_size": [2, 2]},
								"east": {"uv": [12, 6], "uv_size": [1, 2]},
								"south": {"uv": [2, 20], "uv_size": [2, 2]},
								"west": {"uv": [20, 16], "uv_size": [1, 2]},
								"up": {"uv": [17, 20], "uv_size": [2, 1]},
								"down": {"uv": [20, 19], "uv_size": [2, -1]}
							}
						}
					]
				},
				{
					"name": "beak3",
					"parent": "beak",
					"pivot": [0, 11.98405, -0.5651],
					"cubes": [
						{
							"origin": [-0.925, 11.47985, -1.48905],
							"size": [1.85, 0.6, 1.025],
							"inflate": -0.077,
							"uv": {
								"north": {"uv": [19, 20], "uv_size": [2, 1]},
								"east": {"uv": [17, 21], "uv_size": [1, 1]},
								"south": {"uv": [20, 19], "uv_size": [2, 1]},
								"west": {"uv": [21, 17], "uv_size": [1, 1]},
								"up": {"uv": [21, 2], "uv_size": [2, 1]},
								"down": {"uv": [21, 4], "uv_size": [2, -1]}
							}
						}
					]
				},
				{
					"name": "wing0",
					"parent": "bone2",
					"pivot": [2, 9.725, 2.525]
				},
				{
					"name": "bone13",
					"parent": "wing0",
					"pivot": [2.375, 9.725, 2.525],
					"cubes": [
						{
							"origin": [2, 8.725, 1.025],
							"size": [0.75, 1, 3],
							"uv": {
								"north": {"uv": [13, 18], "uv_size": [0.75, 1]},
								"east": {"uv": [4, 8], "uv_size": [3, 1]},
								"south": {"uv": [14, 18], "uv_size": [0.75, 1]},
								"west": {"uv": [7, 8], "uv_size": [3, 1]},
								"up": {"uv": [20, 5], "uv_size": [1, 3]},
								"down": {"uv": [8, 23], "uv_size": [1, -3]}
							}
						}
					]
				},
				{
					"name": "bone7",
					"parent": "bone13",
					"pivot": [2.375, 8.725, 2.525],
					"cubes": [
						{
							"origin": [2, 7.725, 1.025],
							"size": [0.75, 1, 3],
							"uv": {
								"north": {"uv": [13, 18], "uv_size": [0.75, 1]},
								"east": {"uv": [4, 9], "uv_size": [3, 1]},
								"south": {"uv": [14, 19], "uv_size": [0.75, 1]},
								"west": {"uv": [7, 9], "uv_size": [3, 1]},
								"up": {"uv": [20, 5], "uv_size": [1, 3]},
								"down": {"uv": [8, 23], "uv_size": [1, -3]}
							}
						}
					]
				},
				{
					"name": "winga0",
					"parent": "bone7",
					"pivot": [2.35, 7.725, 2.5],
					"cubes": [
						{
							"origin": [2, 6.725, 1.025],
							"size": [0.75, 1, 3],
							"uv": {
								"north": {"uv": [13, 20], "uv_size": [0.75, 1]},
								"east": {"uv": [4, 10], "uv_size": [3, 1]},
								"south": {"uv": [14, 20], "uv_size": [0.75, 1]},
								"west": {"uv": [7, 10], "uv_size": [3, 1]},
								"up": {"uv": [20, 5], "uv_size": [1, 3]},
								"down": {"uv": [8, 23], "uv_size": [1, -3]}
							}
						}
					]
				},
				{
					"name": "bone8",
					"parent": "winga0",
					"pivot": [2.35, 6.725, 2.5],
					"cubes": [
						{
							"origin": [2, 5.725, 1.025],
							"size": [0.75, 1, 3],
							"uv": {
								"north": {"uv": [13, 21], "uv_size": [0.75, 1]},
								"east": {"uv": [4, 11], "uv_size": [3, 1]},
								"south": {"uv": [14, 21], "uv_size": [0.75, 1]},
								"west": {"uv": [7, 11], "uv_size": [3, 1]},
								"up": {"uv": [20, 5], "uv_size": [1, 3]},
								"down": {"uv": [8, 23], "uv_size": [1, -3]}
							}
						}
					]
				},
				{
					"name": "wingb0",
					"parent": "bone8",
					"pivot": [2.35, 5.725, 2.525],
					"cubes": [
						{
							"origin": [2, 4.725, 1.025],
							"size": [0.75, 1, 3],
							"uv": {
								"north": {"uv": [13, 22], "uv_size": [0.75, 1]},
								"east": {"uv": [4, 12], "uv_size": [3, 1]},
								"south": {"uv": [14, 22], "uv_size": [0.75, 1]},
								"west": {"uv": [7, 12], "uv_size": [3, 1]},
								"up": {"uv": [20, 5], "uv_size": [1, 3]},
								"down": {"uv": [8, 23], "uv_size": [1, -3]}
							}
						}
					]
				},
				{
					"name": "bone6",
					"parent": "wingb0",
					"pivot": [2.35, 4.725, 2.525],
					"cubes": [
						{
							"origin": [2, 3.725, 1.025],
							"size": [0.75, 1, 3],
							"uv": {
								"north": {"uv": [13, 23], "uv_size": [0.75, 1]},
								"east": {"uv": [4, 13], "uv_size": [3, 1]},
								"south": {"uv": [14, 23], "uv_size": [0.75, 1]},
								"west": {"uv": [7, 13], "uv_size": [3, 1]},
								"up": {"uv": [20, 5], "uv_size": [1, 3]},
								"down": {"uv": [8, 23], "uv_size": [1, -3]}
							}
						}
					]
				},
				{
					"name": "bone5",
					"parent": "bone6",
					"pivot": [2.375, 3.725, 3],
					"cubes": [
						{
							"origin": [2, 2.725, 2.025],
							"size": [0.75, 1, 2],
							"uv": {
								"north": {"uv": [18, 21], "uv_size": [1, 1]},
								"east": {"uv": [4, 21], "uv_size": [2, 1]},
								"south": {"uv": [19, 21], "uv_size": [1, 1]},
								"west": {"uv": [21, 5], "uv_size": [2, 1]},
								"up": {"uv": [20, 5], "uv_size": [1, 2]},
								"down": {"uv": [21, 8], "uv_size": [1, -2]}
							}
						}
					]
				},
				{
					"name": "wing1",
					"parent": "bone2",
					"pivot": [-2, 9.725, 2.525]
				},
				{
					"name": "bone14",
					"parent": "wing1",
					"pivot": [-2.375, 9.725, 2.525],
					"cubes": [
						{
							"origin": [-2.75, 8.725, 1.025],
							"size": [0.75, 1, 3],
							"uv": {
								"north": {"uv": [13.75, 18], "uv_size": [-0.75, 1]},
								"east": {"uv": [10, 8], "uv_size": [-3, 1]},
								"south": {"uv": [14.75, 18], "uv_size": [-0.75, 1]},
								"west": {"uv": [7, 8], "uv_size": [-3, 1]},
								"up": {"uv": [21, 5], "uv_size": [-1, 3]},
								"down": {"uv": [6, 11], "uv_size": [-1, -3]}
							}
						}
					]
				},
				{
					"name": "bone9",
					"parent": "bone14",
					"pivot": [-2.375, 8.725, 2.525],
					"cubes": [
						{
							"origin": [-2.75, 7.725, 1.025],
							"size": [0.75, 1, 3],
							"uv": {
								"north": {"uv": [13.75, 18], "uv_size": [-0.75, 1]},
								"east": {"uv": [10, 9], "uv_size": [-3, 1]},
								"south": {"uv": [14.75, 19], "uv_size": [-0.75, 1]},
								"west": {"uv": [7, 9], "uv_size": [-3, 1]},
								"up": {"uv": [21, 5], "uv_size": [-1, 3]},
								"down": {"uv": [9, 23], "uv_size": [-1, -3]}
							}
						}
					]
				},
				{
					"name": "winga1",
					"parent": "bone9",
					"pivot": [-2.35, 7.725, 2.5],
					"cubes": [
						{
							"origin": [-2.75, 6.725, 1.025],
							"size": [0.75, 1, 3],
							"uv": {
								"north": {"uv": [13.75, 20], "uv_size": [-0.75, 1]},
								"east": {"uv": [10, 10], "uv_size": [-3, 1]},
								"south": {"uv": [14.75, 20], "uv_size": [-0.75, 1]},
								"west": {"uv": [7, 10], "uv_size": [-3, 1]},
								"up": {"uv": [21, 5], "uv_size": [-1, 3]},
								"down": {"uv": [9, 23], "uv_size": [-1, -3]}
							}
						}
					]
				},
				{
					"name": "bone10",
					"parent": "winga1",
					"pivot": [-2.35, 6.725, 2.5],
					"cubes": [
						{
							"origin": [-2.75, 5.725, 1.025],
							"size": [0.75, 1, 3],
							"uv": {
								"north": {"uv": [13.75, 21], "uv_size": [-0.75, 1]},
								"east": {"uv": [10, 11], "uv_size": [-3, 1]},
								"south": {"uv": [14.75, 21], "uv_size": [-0.75, 1]},
								"west": {"uv": [7, 11], "uv_size": [-3, 1]},
								"up": {"uv": [21, 5], "uv_size": [-1, 3]},
								"down": {"uv": [9, 23], "uv_size": [-1, -3]}
							}
						}
					]
				},
				{
					"name": "wingb1",
					"parent": "bone10",
					"pivot": [-2.35, 5.725, 2.525],
					"cubes": [
						{
							"origin": [-2.75, 4.725, 1.025],
							"size": [0.75, 1, 3],
							"uv": {
								"north": {"uv": [13.75, 22], "uv_size": [-0.75, 1]},
								"east": {"uv": [10, 12], "uv_size": [-3, 1]},
								"south": {"uv": [14.75, 22], "uv_size": [-0.75, 1]},
								"west": {"uv": [7, 12], "uv_size": [-3, 1]},
								"up": {"uv": [21, 5], "uv_size": [-1, 3]},
								"down": {"uv": [9, 23], "uv_size": [-1, -3]}
							}
						}
					]
				},
				{
					"name": "bone11",
					"parent": "wingb1",
					"pivot": [-2.35, 4.725, 2.525],
					"cubes": [
						{
							"origin": [-2.75, 3.725, 1.025],
							"size": [0.75, 1, 3],
							"uv": {
								"north": {"uv": [13.75, 23], "uv_size": [-0.75, 1]},
								"east": {"uv": [10, 13], "uv_size": [-3, 1]},
								"south": {"uv": [14.75, 23], "uv_size": [-0.75, 1]},
								"west": {"uv": [7, 13], "uv_size": [-3, 1]},
								"up": {"uv": [21, 5], "uv_size": [-1, 3]},
								"down": {"uv": [9, 23], "uv_size": [-1, -3]}
							}
						}
					]
				},
				{
					"name": "bone12",
					"parent": "bone11",
					"pivot": [-2.375, 3.725, 3],
					"cubes": [
						{
							"origin": [-2.75, 2.725, 2.025],
							"size": [0.75, 1, 2],
							"uv": {
								"north": {"uv": [19, 21], "uv_size": [-1, 1]},
								"east": {"uv": [23, 5], "uv_size": [-2, 1]},
								"south": {"uv": [20, 21], "uv_size": [-1, 1]},
								"west": {"uv": [6, 21], "uv_size": [-2, 1]},
								"up": {"uv": [9, 11], "uv_size": [-1, 2]},
								"down": {"uv": [22, 8], "uv_size": [-1, -2]}
							}
						}
					]
				},
				{
					"name": "tail",
					"parent": "bone2",
					"pivot": [0, 1.725, 4.025],
					"rotation": [7.5, 0, 0],
					"cubes": [
						{
							"origin": [-1.5, 1.73788, 4.02928],
							"size": [3, 1, 4],
							"inflate": 0.01,
							"uv": {
								"north": {"uv": [10, 20], "uv_size": [3, 1]},
								"east": {"uv": [4, 20], "uv_size": [4, 1]},
								"south": {"uv": [20, 11], "uv_size": [3, 1]},
								"west": {"uv": [20, 4], "uv_size": [4, 1]},
								"up": {"uv": [17, 4], "uv_size": [3, 4]},
								"down": {"uv": [17, 12], "uv_size": [3, -4]}
							}
						}
					]
				},
				{
					"name": "legs",
					"parent": "bone",
					"pivot": [0, 0, 0]
				},
				{
					"name": "leg",
					"parent": "legs",
					"pivot": [-1.25, 1.75, 0],
					"cubes": [
						{
							"origin": [-1.675, 0.025, 0],
							"size": [0.85, 2, 0],
							"uv": {
								"north": {"uv": [11, 21], "uv_size": [1, 2]},
								"east": {"uv": [0, 0], "uv_size": [0, 2]},
								"west": {"uv": [0, 0], "uv_size": [0, 2]},
								"up": {"uv": [0, 0], "uv_size": [1, 0]},
								"down": {"uv": [0, 0], "uv_size": [1, 0]}
							}
						}
					]
				},
				{
					"name": "foot",
					"parent": "leg",
					"pivot": [-1.25, 0.025, 0],
					"cubes": [
						{
							"origin": [-2.5, 0.025, -1.7],
							"size": [2.5, 0, 1.7],
							"uv": {
								"north": {"uv": [0, 0], "uv_size": [3, 0]},
								"east": {"uv": [0, 0], "uv_size": [2, 0]},
								"south": {"uv": [0, 0], "uv_size": [3, 0]},
								"west": {"uv": [0, 0], "uv_size": [2, 0]},
								"up": {"uv": [17, 18], "uv_size": [3, 2]}
							}
						}
					]
				},
				{
					"name": "leg2",
					"parent": "legs",
					"pivot": [1.25, 1.75, 0],
					"cubes": [
						{
							"origin": [0.825, 0.025, 0],
							"size": [0.85, 2, 0],
							"uv": {
								"north": {"uv": [12, 21], "uv_size": [1, 2]},
								"east": {"uv": [0, 0], "uv_size": [0, 2]},
								"west": {"uv": [0, 0], "uv_size": [0, 2]},
								"up": {"uv": [0, 0], "uv_size": [1, 0]},
								"down": {"uv": [0, 0], "uv_size": [1, 0]}
							}
						}
					]
				},
				{
					"name": "foot2",
					"parent": "leg2",
					"pivot": [1.25, 0.025, 0],
					"cubes": [
						{
							"origin": [0, 0.025, -1.7],
							"size": [2.5, 0, 1.7],
							"uv": {
								"north": {"uv": [0, 0], "uv_size": [3, 0]},
								"east": {"uv": [0, 0], "uv_size": [2, 0]},
								"south": {"uv": [0, 0], "uv_size": [3, 0]},
								"west": {"uv": [0, 0], "uv_size": [2, 0]},
								"up": {"uv": [19, 0], "uv_size": [3, 2]}
							}
						}
					]
				}
			]
		}
	]
}