{
	"format_version": "1.12.0",
	"minecraft:geometry": [
		{
			"description": {
				"identifier": "geometry.fpicklecatglow",
				"texture_width": 64,
				"texture_height": 32,
				"visible_bounds_width": 4,
				"visible_bounds_height": 3,
				"visible_bounds_offset": [0, 1.5, 0]
			},
			"bones": [{
				"name": "ooo",
				"pivot": [
					0,
					0,
					0
				]
			},
			{
				"parent": "ooo",
					"name": "body",
					"pivot": [0, 7, 1],
					"rotation": [20, 0, 0],
					"locators": {
						"lead": [0, 20, -1]
					}
				},
				{
					"name": "head",
					"parent": "body",
					"pivot": [0, 20, -1],
					"rotation": [-20, 0, 0],
					"cubes": [
						{
							"origin": [-0.5, 21, -4.02],
							"size": [1, 1, 0],
							"uv": {
								"north": {"uv": [0, 0], "uv_size": [1, 1]},
								"south": {"uv": [7, 26], "uv_size": [3, 2]}
							}
						},
						{
							"origin": [1.5, 22, -3.02],
							"size": [1, 1, 0],
							"uv": {
								"north": {"uv": [9, 6], "uv_size": [1, 1]},
								"south": {"uv": [7, 26], "uv_size": [3, 2]}
							}
						},
						{
							"origin": [-2.5, 22, -3.02],
							"size": [1, 1, 0],
							"uv": {
								"north": {"uv": [9, 6], "uv_size": [1, 1]},
								"south": {"uv": [7, 26], "uv_size": [3, 2]}
							}
						}
					]
				},
				{
					"name": "tail3",
					"parent": "body",
					"pivot": [0, 6, 3],
					"rotation": [25, 0, 0]
				},
				{
					"name": "tail4",
					"parent": "tail3",
					"pivot": [0, -1.5, 3.125],
					"rotation": [75, 0, 0]
				},
				{
					"name": "bone",
					"parent": "body",
					"pivot": [1.1, 6, -1]
				},
				{
					"name": "backLegLeft",
					"parent": "bone",
					"pivot": [1.1, 6, -1],
					"rotation": [-25, 0, 0]
				},
				{
					"name": "boneLeft",
					"parent": "backLegLeft",
					"pivot": [1.1, 6, -1]
				},
				{
					"name": "backLegRight",
					"parent": "body",
					"pivot": [-1.1, 6, -1],
					"rotation": [-25, 0, 0]
				},
				{
					"name": "boneRight",
					"parent": "backLegRight",
					"pivot": [-1.1, 6, -1]
				},
				{
					"name": "frontLegL",
					"parent": "body",
					"pivot": [1.2, 17, -1],
					"rotation": [-45, -5, -10]
				},
				{
					"name": "foot0",
					"parent": "frontLegL",
					"pivot": [1.3, 12.3, -1],
					"rotation": [35, 0, 0]
				},
				{
					"name": "frontLegR",
					"parent": "body",
					"pivot": [-1.2, 17, -1],
					"rotation": [-45, 0, 10]
				},
				{
					"name": "foot1",
					"parent": "frontLegR",
					"pivot": [-1.2, 12.3, -1],
					"rotation": [35, 0, 0]
				},
				{
					"name": "bodylol",
					"parent": "body",
					"pivot": [0, 13, 1]
				},
				{
					"name": "bodyxd",
					"parent": "bodylol",
					"pivot": [0, 13, 1]
				},
				{
					"name": "wing0",
					"parent": "bodylol",
					"pivot": [0, 13.5, 4],
					"rotation": [0, 10, 0],
					"cubes": [
						{
							"origin": [-9.5076, 6, 2.28682],
							"size": [8, 13, 0],
							"inflate": 2,
							"uv": {
								"south": {"uv": [56, 6], "uv_size": [8, 13]}
							}
						}
					]
				},
				{
					"name": "wing1",
					"parent": "bodylol",
					"pivot": [0, 13.5, 4],
					"rotation": [0, -10, 0],
					"cubes": [
						{
							"origin": [1.4924, 6, 2.11318],
							"size": [8, 13, 0],
							"inflate": 2,
							"uv": {
								"south": {"uv": [56, 19], "uv_size": [8, 13]}
							}
						}
					]
				},
				{
					"name": "pickles",
					"parent": "bodylol",
					"pivot": [0, 14, 1],
					"rotation": [-90, 0, 0]
				},
				{
					"name": "pickle6",
					"parent": "pickles",
					"pivot": [1.6, 18.1, -5],
					"rotation": [0, -77.5, 0],
					"cubes": [
						{
							"origin": [1.12843, 16.1, -2.47157],
							"size": [0, 3.5, 1.4],
							"pivot": [-1.7, 16.1, -4.5],
							"rotation": [0, 45, 0],
							"uv": {
								"north": {"uv": [0, 0], "uv_size": [1, 1]},
								"south": {"uv": [40, 16], "uv_size": [0, 2]},
								"west": {"uv": [41, 16], "uv_size": [2, 5]},
								"up": {"uv": [1, 1], "uv_size": [-1, -1]},
								"down": {"uv": [1, 1], "uv_size": [-1, -1]}
							}
						},
						{
							"origin": [1.02843, 16.1, -8.12843],
							"size": [0, 3.5, 1.4],
							"pivot": [-1.7, 16.1, -4.5],
							"rotation": [0, -45, 0],
							"uv": {
								"north": {"uv": [0, 0], "uv_size": [1, 1]},
								"south": {"uv": [40, 16], "uv_size": [0, 2]},
								"west": {"uv": [53, 16], "uv_size": [2, 5]},
								"up": {"uv": [1, 1], "uv_size": [-1, -1]},
								"down": {"uv": [1, 1], "uv_size": [-1, -1]}
							}
						}
					]
				},
				{
					"name": "pickle2",
					"parent": "pickles",
					"pivot": [-0.25, 17, -1.5],
					"rotation": [0, -12.5, 0],
					"cubes": [
						{
							"origin": [-0.25, 18.5, -2],
							"size": [0, 2.5, 1],
							"pivot": [-0.25, 18.5, -1.5],
							"rotation": [0, 45, 0],
							"uv": {
								"north": {"uv": [0, 0], "uv_size": [1, 1]},
								"south": {"uv": [40, 16], "uv_size": [0, 2]},
								"west": {"uv": [41, 16], "uv_size": [2, 5]},
								"up": {"uv": [1, 1], "uv_size": [-1, -1]},
								"down": {"uv": [1, 1], "uv_size": [-1, -1]}
							}
						},
						{
							"origin": [-0.25, 18.5, -2],
							"size": [0, 2.5, 1],
							"pivot": [-0.25, 18.5, -1.5],
							"rotation": [0, -45, 0],
							"uv": {
								"north": {"uv": [0, 0], "uv_size": [1, 1]},
								"south": {"uv": [40, 16], "uv_size": [0, 2]},
								"west": {"uv": [53, 16], "uv_size": [2, 5]},
								"up": {"uv": [1, 1], "uv_size": [-1, -1]},
								"down": {"uv": [1, 1], "uv_size": [-1, -1]}
							}
						}
					]
				},
				{
					"name": "pickle3",
					"parent": "pickles",
					"pivot": [4, 15.6, -3],
					"rotation": [0, -90, 0],
					"cubes": [
						{
							"origin": [7.52843, 16.6, 2.52843],
							"size": [0, 3.5, 1.4],
							"pivot": [4.7, 15.6, 0.5],
							"rotation": [0, 45, 0],
							"uv": {
								"north": {"uv": [0, 0], "uv_size": [1, 1]},
								"south": {"uv": [40, 16], "uv_size": [0, 2]},
								"west": {"uv": [53, 16], "uv_size": [2, 5]},
								"up": {"uv": [1, 1], "uv_size": [-1, -1]},
								"down": {"uv": [1, 1], "uv_size": [-1, -1]}
							}
						},
						{
							"origin": [7.42843, 15.6, -3.12843],
							"size": [0, 3.5, 1.4],
							"pivot": [4.7, 15.6, 0.5],
							"rotation": [0, -45, 0],
							"uv": {
								"north": {"uv": [0, 0], "uv_size": [1, 1]},
								"south": {"uv": [40, 16], "uv_size": [0, 2]},
								"west": {"uv": [41, 17], "uv_size": [2, 4]},
								"up": {"uv": [1, 1], "uv_size": [-1, -1]},
								"down": {"uv": [1, 1], "uv_size": [-1, -1]}
							}
						}
					]
				},
				{
					"name": "pickle5",
					"parent": "pickles",
					"pivot": [3.55, 17.3, 3],
					"rotation": [0, -80, 0],
					"cubes": [
						{
							"origin": [3.58006, 17.5898, 5.82304],
							"size": [0, 0.966, 0.3864],
							"pivot": [2.79941, 17.5898, 5.2632],
							"rotation": [0, 45, 0],
							"uv": {
								"north": {"uv": [0, 0], "uv_size": [1, 1]},
								"south": {"uv": [40, 16], "uv_size": [0, 2]},
								"west": {"uv": [41, 16], "uv_size": [2, 5]},
								"up": {"uv": [1, 1], "uv_size": [-1, -1]},
								"down": {"uv": [1, 1], "uv_size": [-1, -1]}
							}
						},
						{
							"origin": [3.58006, 17.5898, 4.26176],
							"size": [0, 0.966, 0.3864],
							"pivot": [2.79941, 17.5898, 5.2632],
							"rotation": [0, -45, 0],
							"uv": {
								"north": {"uv": [0, 0], "uv_size": [1, 1]},
								"south": {"uv": [40, 16], "uv_size": [0, 2]},
								"west": {"uv": [53, 16], "uv_size": [2, 5]},
								"up": {"uv": [1, 1], "uv_size": [-1, -1]},
								"down": {"uv": [1, 1], "uv_size": [-1, -1]}
							}
						}
					]
				},
				{
					"name": "pickle",
					"parent": "pickles",
					"pivot": [3.75, 17.6, 5],
					"rotation": [0, -90, 0],
					"cubes": [
						{
							"origin": [3.80445, 18.125, 10.11421],
							"size": [0, 1.75, 0.7],
							"pivot": [2.39024, 18.125, 9.1],
							"rotation": [0, 45, 0],
							"uv": {
								"north": {"uv": [0, 0], "uv_size": [1, 1]},
								"south": {"uv": [40, 16], "uv_size": [0, 2]},
								"west": {"uv": [41, 16], "uv_size": [2, 5]},
								"up": {"uv": [1, 1], "uv_size": [-1, -1]},
								"down": {"uv": [1, 1], "uv_size": [-1, -1]}
							}
						},
						{
							"origin": [3.80445, 18.125, 7.28579],
							"size": [0, 1.75, 0.7],
							"pivot": [2.39024, 18.125, 9.1],
							"rotation": [0, -45, 0],
							"uv": {
								"north": {"uv": [0, 0], "uv_size": [1, 1]},
								"south": {"uv": [40, 16], "uv_size": [0, 2]},
								"west": {"uv": [53, 16], "uv_size": [2, 5]},
								"up": {"uv": [1, 1], "uv_size": [-1, -1]},
								"down": {"uv": [1, 1], "uv_size": [-1, -1]}
							}
						}
					]
				}
			]
		}
	]
}