{
	"format_version": "1.12.0",
	"minecraft:geometry": [
		{
			"description": {
				"identifier": "geometry.billeys_mobs.giraffe_cat",
				"texture_width": 64,
				"texture_height": 32,
				"visible_bounds_width": 5,
				"visible_bounds_height": 4,
				"visible_bounds_offset": [0, 1, 0]
			},
			"bones": [
				{
					"name": "ooo",
					"pivot": [0, 0, 0]
				},
				{
					"name": "bone",
					"parent": "ooo",
					"pivot": [0, 10, -7]
				},
				{
					"name": "body",
					"parent": "bone",
					"pivot": [0, 10, 1]
				},
				{
					"name": "bodynohead",
					"parent": "body",
					"pivot": [0, 10, 1]
				},
				{
					"name": "bodyxd",
					"parent": "bodynohead",
					"pivot": [0, 10, 1],
					"cubes": [
						{"origin": [-2, 2, -2], "size": [4, 16, 6], "pivot": [0, 10, 1], "rotation": [90, 0, 0], "uv": [20, 0]}
					]
				},
				{
					"name": "uhhhh",
					"parent": "bodyxd",
					"pivot": [0, 10, 1]
				},
				{
					"name": "neck2",
					"parent": "bodynohead",
					"pivot": [0, 9.99, -7]
				},
				{
					"name": "neck",
					"parent": "neck2",
					"pivot": [0, 12, -7.3],
					"rotation": [5, 0, 0],
					"cubes": [
						{"origin": [-2, 10, -8.8], "size": [4, 12, 3], "inflate": 0.01, "uv": [23, 3]},
						{"origin": [0, 13, -5.8], "size": [0, 9, 2], "uv": [53, 0]}
					]
				},
				{
					"name": "bowtie",
					"parent": "neck",
					"pivot": [0, 13, -9]
				},
				{
					"name": "head2",
					"parent": "neck",
					"pivot": [0, 22, -6.8]
				},
				{
					"name": "head",
					"parent": "head2",
					"pivot": [0, 24, -7.8],
					"rotation": [-5, 0, 0],
					"cubes": [
						{"origin": [-2.5, 22, -10.8], "size": [5, 4, 5], "uv": [0, 0]},
						{"origin": [0, 22, -5.8], "size": [0, 4, 2], "uv": [53, 0]}
					],
					"locators": {
						"lead": [0, 24, -7.8]
					}
				},
				{
					"name": "snout",
					"parent": "head",
					"pivot": [0, 23.01562, -10.8],
					"cubes": [
						{"origin": [-1.5, 22.01562, -11.8], "size": [3, 2, 2], "inflate": 0.01, "uv": [0, 24]}
					]
				},
				{
					"name": "ear",
					"parent": "head",
					"pivot": [-1.5, 26.5, -5.8],
					"cubes": [
						{"origin": [-2, 26, -7.8], "size": [1, 1, 2], "inflate": 0.01, "uv": [0, 10]}
					]
				},
				{
					"name": "ear2",
					"parent": "head",
					"pivot": [1.5, 26.5, -5.8],
					"cubes": [
						{"origin": [1, 26, -7.8], "size": [1, 1, 2], "inflate": 0.01, "uv": [6, 10]}
					]
				},
				{
					"name": "hat",
					"parent": "head",
					"pivot": [0, 26, -8.3]
				},
				{
					"name": "backLegL",
					"parent": "bodynohead",
					"pivot": [1.1, 9, 7],
					"cubes": [
						{"origin": [0.1, 0, 6], "size": [2, 9, 2], "uv": [40, 0]}
					]
				},
				{
					"name": "backLegR",
					"parent": "bodynohead",
					"pivot": [-1.1, 9, 7],
					"cubes": [
						{"origin": [-2.1, 0, 6], "size": [2, 9, 2], "uv": [40, 0], "mirror": true}
					]
				},
				{
					"name": "frontLegL",
					"parent": "bodynohead",
					"pivot": [1.2, 10.8, -4],
					"cubes": [
						{
							"origin": [0.2, 0, -5],
							"size": [2, 11, 2],
							"uv": {
								"north": {"uv": [44, 2], "uv_size": [-2, 10]},
								"east": {"uv": [46, 2], "uv_size": [-2, 10]},
								"south": {"uv": [48, 2], "uv_size": [-2, 10]},
								"west": {"uv": [42, 2], "uv_size": [-2, 10]},
								"up": {"uv": [44, 0], "uv_size": [-2, 2]},
								"down": {"uv": [46, 2], "uv_size": [-2, -2]}
							}
						}
					]
				},
				{
					"name": "frontLegR",
					"parent": "bodynohead",
					"pivot": [-1.2, 10.8, -4],
					"cubes": [
						{
							"origin": [-2.2, 0, -5],
							"size": [2, 11, 2],
							"uv": {
								"north": {"uv": [42, 2], "uv_size": [2, 10]},
								"east": {"uv": [40, 2], "uv_size": [2, 10]},
								"south": {"uv": [46, 2], "uv_size": [2, 10]},
								"west": {"uv": [44, 2], "uv_size": [2, 10]},
								"up": {"uv": [42, 0], "uv_size": [2, 2]},
								"down": {"uv": [44, 2], "uv_size": [2, -2]}
							}
						}
					]
				},
				{
					"name": "tail3",
					"parent": "bodynohead",
					"pivot": [0, 12, 8],
					"rotation": [90, 0, 0],
					"cubes": [
						{"origin": [-0.5, 4, 8], "size": [1, 8, 1], "inflate": 0.01, "uv": [0, 15]}
					]
				},
				{
					"name": "tail4",
					"parent": "tail3",
					"pivot": [0, 4, 8],
					"cubes": [
						{"origin": [-0.5, -4, 8], "size": [1, 8, 1], "inflate": 0.01, "uv": [4, 15]}
					]
				}
			]
		}
	]
}