{
	"format_version": "1.12.0",
	"minecraft:geometry": [
		{
			"description": {
				"identifier": "geometry.billeys_mobs.goosehat",
				"texture_width": 48,
				"texture_height": 48,
				"visible_bounds_width": 2,
				"visible_bounds_height": 3.5,
				"visible_bounds_offset": [0, 1.25, 0]
			},
			"bones": [{
				"name": "ooo",
				"pivot": [
					0,
					0,
					0
				]
			},
			{
				"parent": "ooo",
					"name": "body",
					"pivot": [0, 5, 1]
				},
				{
					"name": "leg0",
					"parent": "body",
					"pivot": [-2, 5, 1]
				},
				{
					"name": "bone5",
					"parent": "leg0",
					"pivot": [0, 0, 1]
				},
				{
					"name": "leg1",
					"parent": "body",
					"pivot": [1, 5, 1]
				},
				{
					"name": "bone4",
					"parent": "leg1",
					"pivot": [0, 0, 1]
				},
				{
					"name": "bone6",
					"parent": "body",
					"pivot": [0, 5, -2]
				},
				{
					"name": "bodynolegs",
					"parent": "bone6",
					"pivot": [0, 7, 1]
				},
				{
					"name": "head",
					"parent": "bodynolegs",
					"pivot": [0, 10, -4],
					"locators": {
						"lead": [0, 11.35, -5]
					}
				},
				{
					"name": "bone2",
					"parent": "head",
					"pivot": [0, 12, -4]
				},
				{
					"name": "bone118",
					"parent": "bone2",
					"pivot": [0, 0.6, -0.75]
				},
				{
					"name": "lol",
					"parent": "bone2",
					"pivot": [0, 15, -4],
					"locators": {
						"zee": [0, 17, -4.5]
					}
				},
				{
					"name": "bone7",
					"parent": "lol",
					"pivot": [0, 15.50439, -4.22443]
				},
				{
					"name": "bone11",
					"parent": "bone7",
					"pivot": [0, 15.50439, -4.22443]
				},
				{
					"name": "bone10",
					"parent": "bone11",
					"pivot": [0, 14, -5],
					"cubes": [
						{"origin": [-1, 14, -5], "size": [2, 1, 1], "uv": [13.548, 29.952]}
					]
				},
				{
					"name": "bone9",
					"parent": "bone11",
					"pivot": [0, 17, -5],
					"cubes": [
						{"origin": [-1, 16, -5], "size": [2, 1, 1], "uv": [13.548, 0]}
					]
				},
				{
					"name": "beak",
					"parent": "lol",
					"pivot": [0, 14.5, -6]
				},
				{
					"name": "bone",
					"parent": "beak",
					"pivot": [0, 14.5, -6]
				},
				{
					"name": "bone3",
					"parent": "beak",
					"pivot": [0, 14.5, -6]
				},
				{
					"name": "angryitem",
					"parent": "beak",
					"pivot": [0, 14.5, -6]
				},
				{
					"name": "rightArm",
					"parent": "angryitem",
					"pivot": [0, 14.5, -6]
				},
				{
					"name": "rightItem",
					"parent": "rightArm",
					"pivot": [0, 14.5, -6]
				},
				{
					"name": "hat",
					"parent": "lol",
					"pivot": [0, 17, -4.5],
					"cubes": [
						{"origin": [-2, 16, -7], "size": [4, 1, 5], "uv": [27, 8]},
						{"origin": [-1, 17, -6], "size": [2, 3, 3], "uv": [6, 10]}
					]
				},
				{
					"name": "bodylol",
					"parent": "bodynolegs",
					"pivot": [0, 8, 0]
				},
				{
					"name": "wing0",
					"parent": "bodynolegs",
					"pivot": [-3.2, 10.45, 0]
				},
				{
					"name": "wing1",
					"parent": "bodynolegs",
					"pivot": [3.2, 10.45, 0]
				}
			]
		}
	]
}