{
	"format_version": "1.12.0",
	"minecraft:geometry": [
		{
			"description": {
				"identifier": "geometry.billeys_mobs.goose",
				"texture_width": 64,
				"texture_height": 64,
				"visible_bounds_width": 2,
				"visible_bounds_height": 4,
				"visible_bounds_offset": [0, 1, 0]
			},
			"bones": [{
				"name": "ooo",
				"pivot": [
					0,
					0,
					0
				]
			},
			{
				"parent": "ooo",
					"name": "body",
					"pivot": [0, 5, 1]
				},
				{
					"name": "leg0",
					"parent": "body",
					"pivot": [-2, 5, 1],
					"cubes": [
						{"origin": [-2, 0, 1], "size": [1, 6, 0], "uv": [9, 31]}
					]
				},
				{
					"name": "bone5",
					"parent": "leg0",
					"pivot": [0, 0, 1],
					"cubes": [
						{"origin": [-3, 0, -2], "size": [3, 0, 3], "uv": [0, 27]}
					]
				},
				{
					"name": "leg1",
					"parent": "body",
					"pivot": [1, 5, 1],
					"cubes": [
						{"origin": [1, 0, 1], "size": [1, 6, 0], "uv": [19, 14]}
					]
				},
				{
					"name": "bone4",
					"parent": "leg1",
					"pivot": [0, 0, 1],
					"cubes": [
						{"origin": [0, 0, -2], "size": [3, 0, 3], "uv": [23, 17]}
					]
				},
				{
					"name": "bone6",
					"parent": "body",
					"pivot": [0, 5, -2]
				},
				{
					"name": "bodynolegs",
					"parent": "bone6",
					"pivot": [0, 7, 1]
				},
				{
					"name": "head",
					"parent": "bodynolegs",
					"pivot": [0, 9, -4],
					"cubes": [
						{"origin": [-1, 8, -5], "size": [2, 4, 2], "inflate": 0.01, "uv": [13, 27]}
					],
					"locators": {
						"lead": [0, 10.35, -5]
					}
				},
				{
					"name": "bone2",
					"parent": "head",
					"pivot": [0, 12, -3]
				},
				{
					"name": "hide_on_baby",
					"parent": "bone2",
					"pivot": [0, 0, 0],
					"cubes": [
						{"origin": [-1, 11, -4], "size": [2, 3, 2], "uv": [0, 31]}
					]
				},
				{
					"name": "lol",
					"parent": "bone2",
					"pivot": [0, 14.5, -3],
					"locators": {
						"zee": [0, 17.875, -3.5]
					}
				},
				{
					"name": "bone7",
					"parent": "lol",
					"pivot": [0, 15.37939, -3.22443],
					"cubes": [
						{"origin": [-1, 14, -5], "size": [2, 3, 3], "inflate": 0.01, "uv": [8, 14]}
					]
				},
				{
					"name": "bone11",
					"parent": "bone7",
					"pivot": [0, 15.5, -3]
				},
				{
					"name": "bone10",
					"parent": "bone11",
					"pivot": [0, 14, -3.5],
					"cubes": [
						{"origin": [-1, 14, -4], "size": [2, 1, 1], "inflate": 0.01, "uv": [32, 3]}
					]
				},
				{
					"name": "bone9",
					"parent": "bone11",
					"pivot": [0, 17, -3.5],
					"cubes": [
						{"origin": [-1, 16, -4], "size": [2, 1, 1], "inflate": 0.01, "uv": [0, 18]}
					]
				},
				{
					"name": "hat",
					"parent": "lol",
					"pivot": [0, 16.875, -3.5]
				},
				{
					"name": "beak",
					"parent": "lol",
					"pivot": [0, 14.375, -5]
				},
				{
					"name": "bone",
					"parent": "beak",
					"pivot": [0, 14.375, -5],
					"cubes": [
						{
							"origin": [-1, 14.5, -7],
							"size": [2, 0.5, 2],
							"uv": {
								"north": {"uv": [0.032, 3.032], "uv_size": [1.936, 0.936]},
								"east": {"uv": [0.032, 0.032], "uv_size": [1.936, 0]},
								"south": {"uv": [36.032, 0.032], "uv_size": [1.936, 0.936]},
								"west": {"uv": [1.968, 0.032], "uv_size": [-1.936, 0.936]},
								"up": {"uv": [20.032, 0.032], "uv_size": [1.936, 1.936]},
								"down": {"uv": [22.032, 1.936], "uv_size": [1.936, -1.904]}
							}
						}
					]
				},
				{
					"name": "bone12",
					"parent": "bone",
					"pivot": [0, 0, 0],
					"cubes": [
						{"origin": [-1, 15, -6], "size": [2, 1, 1], "uv": [0, 15]}
					]
				},
				{
					"name": "bone3",
					"parent": "beak",
					"pivot": [0, 14.375, -5],
					"cubes": [
						{
							"origin": [-1, 14, -7],
							"size": [2, 0.5, 2],
							"uv": {
								"north": {"uv": [0.032, 3.032], "uv_size": [1.936, 0.936]},
								"east": {"uv": [0.032, 0.032], "uv_size": [1.936, 0.936]},
								"south": {"uv": [36.032, 0.032], "uv_size": [1.936, 0.936]},
								"west": {"uv": [1.968, 0.032], "uv_size": [-1.936, 0.936]},
								"up": {"uv": [34.032, 0.032], "uv_size": [1.936, 1.936]},
								"down": {"uv": [36.032, 1.968], "uv_size": [1.936, -1.936]}
							}
						}
					]
				},
				{
					"name": "bone8",
					"parent": "beak",
					"pivot": [0, 14.375, -5.5]
				},
				{
					"name": "angryitem",
					"parent": "bone8",
					"pivot": [0, 14.375, -5]
				},
				{
					"name": "rightArm",
					"parent": "angryitem",
					"pivot": [0, 14.375, -5]
				},
				{
					"name": "rightItem",
					"parent": "rightArm",
					"pivot": [0, 14.375, -5]
				},
				{
					"name": "bodylol",
					"parent": "bodynolegs",
					"pivot": [0, 8, 0],
					"cubes": [
						{"origin": [-3, 4, -3], "size": [6, 8, 5], "pivot": [0, 8, 0], "rotation": [90, 0, 0], "uv": [0, 0]}
					]
				},
				{
					"name": "duck_tail",
					"parent": "bodylol",
					"pivot": [0, 11, 4],
					"cubes": [
						{"origin": [-2, 8.9, 3], "size": [4, 1, 4], "uv": [23, 11]}
					]
				},
				{
					"name": "wing0",
					"parent": "bodynolegs",
					"pivot": [-3.2, 10.45, 0],
					"cubes": [
						{"origin": [-4, 6, -3], "size": [1, 4, 6], "uv": [24, 21]},
						{"origin": [-3.1, 6, 0], "size": [0, 5, 4], "uv": [21, 17]}
					]
				},
				{
					"name": "wing1",
					"parent": "bodynolegs",
					"pivot": [3.2, 10.45, 0],
					"cubes": [
						{"origin": [3, 6, -3], "size": [1, 4, 6], "uv": [23, 0]},
						{"origin": [3.1, 6, 0], "size": [0, 5, 4], "uv": [6, 17]}
					]
				}
			]
		}
	]
}