{
	"format_version": "1.12.0",
	"minecraft:geometry": [
		{
			"description": {
				"identifier": "geometry.billeys_mobs.gwshark",
				"texture_width": 128,
				"texture_height": 128,
				"visible_bounds_width": 6,
				"visible_bounds_height": 2,
				"visible_bounds_offset": [0, 1, 0]
			},
			"bones": [
				{
					"name": "ooo",
					"pivot": [0, 0, 0]
				},
				{
					"name": "body",
					"parent": "ooo",
					"pivot": [0, 5, 0],
					"cubes": [
						{"origin": [-5, 0, -13], "size": [10, 10, 19], "uv": [0, 0]}
					]
				},
				{
					"name": "bowtie",
					"parent": "body",
					"pivot": [0, 0, -13],
					"rotation": [45, 0, 0]
				},
				{
					"name": "head",
					"parent": "body",
					"pivot": [0, 5, -13],
					"cubes": [
						{"origin": [-5, 4, -24], "size": [10, 5, 11], "uv": [0, 29]}
					],
					"locators": {
						"lead": [0, 2, -13]
					}
				},
				{
					"name": "jaw",
					"parent": "head",
					"pivot": [0, 4, -13],
					"cubes": [
						{"origin": [-4, 2, -22], "size": [8, 2, 9], "uv": [39, 0]}
					]
				},
				{
					"name": "hat",
					"parent": "head",
					"pivot": [0, 9, -18.5]
				},
				{
					"name": "top_fin",
					"parent": "body",
					"pivot": [0, 10, -3],
					"rotation": [-32.5, 0, 0],
					"cubes": [
						{"origin": [-1, 8, -3], "size": [2, 10, 4], "uv": [0, 0]}
					]
				},
				{
					"name": "back_body",
					"parent": "body",
					"pivot": [0, 5, 6],
					"cubes": [
						{"origin": [-4, 1, 5], "size": [8, 8, 11], "uv": [31, 35], "mirror": true}
					]
				},
				{
					"name": "tail_fin",
					"parent": "back_body",
					"pivot": [0, 5, 15],
					"rotation": [-5, 0, 0],
					"cubes": [
						{"origin": [-1.00913, -3.42949, 14.98493], "size": [2, 21, 6], "pivot": [-0.00913, 6.57051, 17.98493], "rotation": [0, 180, 0], "uv": [0, 59]}
					]
				},
				{
					"name": "left_hind_fin",
					"parent": "back_body",
					"pivot": [4, 2, 8],
					"rotation": [0, -35, 40],
					"cubes": [
						{"origin": [4, 1, 8], "size": [5, 1, 3], "uv": [24, 54]}
					]
				},
				{
					"name": "right_hind_fin",
					"parent": "back_body",
					"pivot": [-4, 2, 8],
					"rotation": [0, 35, -40],
					"cubes": [
						{"origin": [-9, 1, 8], "size": [5, 1, 3], "uv": [24, 54], "mirror": true}
					]
				},
				{
					"name": "back_top_fin",
					"parent": "back_body",
					"pivot": [0, 10, -3],
					"rotation": [-32.5, 0, 0],
					"cubes": [
						{"origin": [-0.5, 9, 7], "size": [1, 9, 3], "uv": [16, 46]}
					]
				},
				{
					"name": "left_fin",
					"parent": "body",
					"pivot": [5, 2, -8],
					"rotation": [0, -35, 40],
					"cubes": [
						{"origin": [3, 1, -10], "size": [10, 1, 4], "uv": [39, 11]}
					]
				},
				{
					"name": "right_fin",
					"parent": "body",
					"pivot": [-5, 2, -8],
					"rotation": [0, 35, -40],
					"cubes": [
						{"origin": [-13, 1, -10], "size": [10, 1, 4], "uv": [31, 29]}
					]
				}
			]
		}
	]
}