{
	"format_version": "1.12.0",
	"minecraft:geometry": [
		{
			"description": {
				"identifier": "geometry.billeys_mobs.hammerhead_shark",
				"texture_width": 128,
				"texture_height": 128,
				"visible_bounds_width": 6,
				"visible_bounds_height": 2,
				"visible_bounds_offset": [0, 1, 0]
			},
			"bones": [
				{
					"name": "ooo",
					"pivot": [0, 0, 0]
				},
				{
					"name": "body",
					"parent": "ooo",
					"pivot": [0, 4, -1],
					"cubes": [
						{"origin": [-4, 0, -10.5], "size": [8, 8, 19], "uv": [1, 0]}
					]
				},
				{
					"name": "bowtie",
					"parent": "body",
					"pivot": [0, 0, -10.5],
					"rotation": [45, 0, 0]
				},
				{
					"name": "head",
					"parent": "body",
					"pivot": [0, 4, -10.5],
					"cubes": [
						{"origin": [-3, 3, -16.5], "size": [6, 4, 7], "uv": [6, 31]},
						{"origin": [-8.5, 3.5, -19.5], "size": [17, 3, 5], "uv": [36, 54]}
					],
					"locators": {
						"lead": [0, 1.25, -10.5]
					}
				},
				{
					"name": "hat",
					"parent": "head",
					"pivot": [0, 7, -13]
				},
				{
					"name": "jaw",
					"parent": "head",
					"pivot": [0, 3, -10.5],
					"cubes": [
						{"origin": [-2.5, 1.25, -15.5], "size": [5, 2, 6], "uv": [46, 3]}
					]
				},
				{
					"name": "top_fin",
					"parent": "body",
					"pivot": [0, 8, -0.5],
					"rotation": [-32.5, 0, 0],
					"cubes": [
						{"origin": [-1, 6, -0.5], "size": [2, 10, 4], "uv": [0, 0]}
					]
				},
				{
					"name": "back_body",
					"parent": "body",
					"pivot": [0, 4, 8.5],
					"cubes": [
						{"origin": [-3, 1, 7.5], "size": [6, 6, 13], "uv": [30, 35], "mirror": true}
					]
				},
				{
					"name": "tail_fin",
					"parent": "back_body",
					"pivot": [0, 3, 19.5],
					"rotation": [-12.5, 0, 0],
					"cubes": [
						{"origin": [-1, -5.42949, 20.48493], "size": [2, 23, 5], "pivot": [0, 4.57051, 22.48493], "rotation": [0, 180, 0], "uv": [1, 60]}
					]
				},
				{
					"name": "left_hind_fin",
					"parent": "back_body",
					"pivot": [2, 3, 12.5],
					"rotation": [0, -35, 40],
					"cubes": [
						{"origin": [3.15405, 1.87674, 11.69193], "size": [5, 1, 3], "uv": [24, 54]}
					]
				},
				{
					"name": "right_hind_fin",
					"parent": "back_body",
					"pivot": [-3, 2, 12.5],
					"rotation": [0, 35, -40],
					"cubes": [
						{"origin": [-8, 1, 12.5], "size": [5, 1, 3], "uv": [24, 54], "mirror": true}
					]
				},
				{
					"name": "back_top_fin",
					"parent": "back_body",
					"pivot": [0, 8, 1.5],
					"rotation": [-32.5, 0, 0],
					"cubes": [
						{"origin": [-0.5, 8, 11.5], "size": [1, 9, 3], "uv": [16, 46]}
					]
				},
				{
					"name": "left_fin",
					"parent": "body",
					"pivot": [4, 2, -4.5],
					"rotation": [0, -35, 40],
					"cubes": [
						{"origin": [2, 1, -6.5], "size": [10, 1, 4], "uv": [39, 11]}
					]
				},
				{
					"name": "right_fin",
					"parent": "body",
					"pivot": [-4, 2, -4.5],
					"rotation": [0, 35, -40],
					"cubes": [
						{"origin": [-12, 1, -6.5], "size": [10, 1, 4], "uv": [31, 29]}
					]
				}
			]
		}
	]
}