{
	"format_version": "1.12.0",
	"minecraft:geometry": [
		{
			"description": {
				"identifier": "geometry.billeys_mobs.hamster",
				"texture_width": 32,
				"texture_height": 32,
				"visible_bounds_width": 3,
				"visible_bounds_height": 2.5,
				"visible_bounds_offset": [0, 0.75, 0]
			},
			"bones": [
				{
					"name": "ooo",
					"pivot": [0, 0, 0]
				},
				{
					"name": "body",
					"parent": "ooo",
					"pivot": [0, 0, 0]
				},
				{
					"name": "whole",
					"parent": "body",
					"pivot": [0, 0, 1]
				},
				{
					"name": "boner",
					"parent": "whole",
					"pivot": [0, 3, 1],
					"cubes": [
						{"origin": [-2.5, 1, -2], "size": [5, 4, 3], "inflate": 0.02, "uv": [0, 9]}
					]
				},
				{
					"name": "bowtie",
					"parent": "boner",
					"pivot": [0, 1, -2],
					"rotation": [90, 0, 0]
				},
				{
					"name": "front_legs",
					"parent": "boner",
					"pivot": [0, 1, 0]
				},
				{
					"name": "leg0",
					"parent": "front_legs",
					"pivot": [1.5, 1, 0],
					"rotation": [-60, 0, 0],
					"cubes": [
						{"origin": [1, -1, 0], "size": [1, 2, 0], "uv": [15, 0], "mirror": true}
					]
				},
				{
					"name": "leg1",
					"parent": "front_legs",
					"pivot": [-1.5, 1, 0],
					"rotation": [-60, 0, 0],
					"cubes": [
						{"origin": [-2, -1, 0], "size": [1, 2, 0], "uv": [15, 0]}
					]
				},
				{
					"name": "head",
					"parent": "boner",
					"pivot": [0, 3.5, -3],
					"cubes": [
						{"origin": [-2, 2, -5], "size": [4, 3, 3], "inflate": 0.01, "uv": [17, 9]}
					]
				},
				{
					"name": "hat",
					"parent": "head",
					"pivot": [0, 5, -3.5]
				},
				{
					"name": "sniffer",
					"parent": "head",
					"pivot": [0, 3.5, -5],
					"cubes": [
						{"origin": [-1.5, 2, -6], "size": [3, 2.01, 1], "uv": [19, 5]}
					]
				},
				{
					"name": "ear2",
					"parent": "head",
					"pivot": [2, 5, -3],
					"cubes": [
						{"origin": [1, 4, -3], "size": [2, 2, 0], "uv": [27, 16], "mirror": true}
					]
				},
				{
					"name": "ear3",
					"parent": "head",
					"pivot": [-2, 5, -3],
					"cubes": [
						{"origin": [-3, 4, -3], "size": [2, 2, 0], "uv": [27, 16]}
					]
				},
				{
					"name": "bone",
					"parent": "boner",
					"pivot": [0, 3, 1],
					"cubes": [
						{"origin": [-2.5, 1, 1], "size": [5, 4, 4], "inflate": 0.01, "uv": [0, 0]}
					]
				},
				{
					"name": "butt",
					"parent": "bone",
					"pivot": [0, 3, 5],
					"cubes": [
						{"origin": [-1.5, 2, 4], "size": [3, 2, 2], "uv": [16, 16]}
					]
				},
				{
					"name": "back_legs",
					"parent": "bone",
					"pivot": [0, 2.5, 2.5]
				},
				{
					"name": "leg2",
					"parent": "back_legs",
					"pivot": [2.5, 2.5, 2.5],
					"cubes": [
						{"origin": [2, 1, 1], "size": [1, 3, 3], "inflate": 0.01, "uv": [0, 17]}
					]
				},
				{
					"name": "leg2a",
					"parent": "leg2",
					"pivot": [1.5, 1, 4],
					"cubes": [
						{"origin": [0.5, 0, 4], "size": [2, 2, 0], "uv": [28, 0]}
					]
				},
				{
					"name": "left_foot",
					"parent": "leg2a",
					"pivot": [1.5, 0, 4],
					"cubes": [
						{"origin": [0.5, 0, 3], "size": [2, 0, 1], "uv": [5, 17]}
					]
				},
				{
					"name": "leg3",
					"parent": "back_legs",
					"pivot": [-2.5, 2.5, 2.5],
					"cubes": [
						{"origin": [-3, 1, 1], "size": [1, 3, 3], "inflate": 0.01, "uv": [0, 17], "mirror": true}
					]
				},
				{
					"name": "leg2a2",
					"parent": "leg3",
					"pivot": [-1.5, 1, 4],
					"cubes": [
						{"origin": [-2.5, 0, 4], "size": [2, 2, 0], "uv": [28, 0], "mirror": true}
					]
				},
				{
					"name": "right_foot",
					"parent": "leg2a2",
					"pivot": [-1.5, 0, 4],
					"cubes": [
						{"origin": [-2.5, 0, 3], "size": [2, 0, 1], "uv": [5, 17], "mirror": true}
					]
				}
			]
		}
	]
}