{
	"format_version": "1.12.0",
	"minecraft:geometry": [
		{
			"description": {
				"identifier": "geometry.billeys_mobs.kiwisheared",
				"texture_width": 64,
				"texture_height": 64,
				"visible_bounds_width": 2,
				"visible_bounds_height": 2.5,
				"visible_bounds_offset": [0, 0.75, 0]
			},
			"bones": [{
				"name": "ooo",
				"pivot": [
					0,
					0,
					0
				]
			},
			{
				"parent": "ooo",
					"name": "bone6",
					"pivot": [0, 0, 0]
				},
				{
					"name": "death",
					"parent": "bone6",
					"pivot": [0, 0, 0]
				},
				{
					"name": "body",
					"parent": "death",
					"pivot": [0, 0, 2]
				},
				{
					"name": "leg0",
					"parent": "body",
					"pivot": [2, 4, 3]
				},
				{
					"name": "bone0",
					"parent": "leg0",
					"pivot": [2, 0, 3]
				},
				{
					"name": "leg1",
					"parent": "body",
					"pivot": [-2, 4, 3]
				},
				{
					"name": "bone1",
					"parent": "leg1",
					"pivot": [-2, 0, 3]
				},
				{
					"name": "body2",
					"parent": "body",
					"pivot": [0, 3, 3],
					"cubes": [
						{"origin": [-2.5, 3, -2], "size": [5, 7, 7], "inflate": 0.01, "uv": [0, 0]}
					]
				},
				{
					"name": "fluff1",
					"parent": "body2",
					"pivot": [0, 0, 2]
				},
				{
					"name": "head",
					"parent": "body2",
					"pivot": [0, 9, -2],
					"cubes": [
						{"origin": [-1.5, 6, -5], "size": [3, 6, 4], "inflate": 0.01, "uv": [20, 10]}
					]
				},
				{
					"name": "fluff2",
					"parent": "head",
					"pivot": [0, 0, 2]
				},
				{
					"name": "hat",
					"parent": "head",
					"pivot": [0, 12, -3]
				},
				{
					"name": "beak",
					"parent": "head",
					"pivot": [-2.5, 3, 2]
				},
				{
					"name": "bone5",
					"parent": "beak",
					"pivot": [0, 10.5, -5]
				},
				{
					"name": "bone4",
					"parent": "beak",
					"pivot": [0, 10.5, -5]
				}
			]
		}
	]
}