{
	"format_version": "1.12.0",
	"minecraft:geometry": [
		{
			"description": {
				"identifier": "geometry.billeys_mobs.mantis",
				"texture_width": 128,
				"texture_height": 64,
				"visible_bounds_width": 4,
				"visible_bounds_height": 4.5,
				"visible_bounds_offset": [0, 1.75, 0]
			},
			"bones": [{
				"name": "ooo",
				"pivot": [
					0,
					0,
					0
				]
			},
			{
				"parent": "ooo",
					"name": "body",
					"pivot": [0, 9, 0],
					"cubes": [
						{"origin": [-5, 6, -7], "size": [10, 8, 23], "uv": [2, 2]}
					]
				},
				{
					"name": "bone5",
					"parent": "body",
					"pivot": [0, 0, 0]
				},
				{
					"name": "left_wing",
					"parent": "bone5",
					"pivot": [3, 14.4, -2.5],
					"cubes": [
						{"origin": [0.4, 9, -3], "size": [5, 5, 19], "inflate": 0.41, "uv": [80, 13]}
					]
				},
				{
					"name": "right_wing",
					"parent": "bone5",
					"pivot": [-3, 14.4, -2.5],
					"cubes": [
						{"origin": [-5.4, 9, -3], "size": [5, 5, 19], "inflate": 0.41, "uv": [80, 13], "mirror": true}
					]
				},
				{
					"name": "bone2",
					"parent": "body",
					"pivot": [0, 11.5, -4.4],
					"cubes": [
						{"origin": [-3, 9, -6], "size": [6, 18, 6], "pivot": [0, 0, 0], "rotation": [10, 0, 0], "uv": [76, 40]}
					]
				},
				{
					"name": "left_arm",
					"parent": "bone2",
					"pivot": [4, 23, -6],
					"cubes": [
						{"origin": [2, 6.4, -14.5], "size": [2, 18, 3], "pivot": [3, 6, -13], "rotation": [-22.5, 0, 0], "uv": [59, 0]}
					]
				},
				{
					"name": "bone3",
					"parent": "left_arm",
					"pivot": [3, 6, -11.5],
					"cubes": [
						{"origin": [2, 6.7, -17.5], "size": [2, 18, 3], "inflate": 0.01, "pivot": [3, 24, -9], "rotation": [10, 0, 0], "uv": [48, 0]},
						{"origin": [3, 7, -20.5], "size": [0, 14, 3], "inflate": 0.01, "pivot": [3, 24, -9], "rotation": [10, 0, 0], "uv": [0, 6]}
					]
				},
				{
					"name": "bone",
					"parent": "bone3",
					"pivot": [3, 23.25, -17.5],
					"cubes": [
						{"origin": [2, 7, -17], "size": [2, 16, 2], "pivot": [3, 24, -17], "rotation": [-35, 0, 0], "uv": [70, 0]},
						{"origin": [3, 6.62011, -20.79516], "size": [0, 16, 3], "pivot": [3, 14.62011, -19.29516], "rotation": [-145, 0, 180], "uv": [0, 4]}
					]
				},
				{
					"name": "right_arm",
					"parent": "bone2",
					"pivot": [-4, 23, -6],
					"cubes": [
						{"origin": [-4, 6.4, -14.5], "size": [2, 18, 3], "pivot": [-3, 6, -13], "rotation": [-22.5, 0, 0], "uv": [59, 0], "mirror": true}
					]
				},
				{
					"name": "bone4",
					"parent": "right_arm",
					"pivot": [-3, 6, -11.5],
					"cubes": [
						{"origin": [-4, 6.7, -17.5], "size": [2, 18, 3], "inflate": 0.01, "pivot": [-3, 24, -9], "rotation": [10, 0, 0], "uv": [48, 0], "mirror": true},
						{"origin": [-3, 7, -20.5], "size": [0, 14, 3], "inflate": 0.01, "pivot": [-3, 24, -9], "rotation": [10, 0, 0], "uv": [0, 6], "mirror": true}
					]
				},
				{
					"name": "bone6",
					"parent": "bone4",
					"pivot": [-3, 23.25, -17.5],
					"cubes": [
						{"origin": [-4, 7, -17], "size": [2, 16, 2], "pivot": [-3, 24, -17], "rotation": [-35, 0, 0], "uv": [70, 0], "mirror": true},
						{"origin": [-3, 6.62011, -20.79516], "size": [0, 16, 3], "pivot": [-3, 14.62011, -19.29516], "rotation": [-145, 0, -180], "uv": [0, 4], "mirror": true}
					]
				},
				{
					"name": "head",
					"parent": "bone2",
					"pivot": [0, 27, -7],
					"cubes": [
						{"origin": [-5, 25, -16], "size": [10, 6, 13], "uv": [26, 34]},
						{"origin": [2, 29, -13], "size": [4, 4, 8], "uv": [79, 0]},
						{"origin": [-6, 29, -13], "size": [4, 4, 8], "uv": [79, 0], "mirror": true},
						{"origin": [-4, 28, -21], "size": [8, 0, 5], "pivot": [0, 28, -16], "rotation": [10, 0, 0], "uv": [0, 0]}
					]
				},
				{
					"name": "left_antenna",
					"parent": "head",
					"pivot": [1.5, 31, -6.5],
					"rotation": [5, 0, 5],
					"cubes": [
						{"origin": [1.5, 30, -13], "size": [0, 17, 7], "uv": [111, -1]}
					]
				},
				{
					"name": "right_antenna",
					"parent": "head",
					"pivot": [-1.5, 31, -6.5],
					"rotation": [5, 0, -5],
					"cubes": [
						{"origin": [-1.5, 30, -13], "size": [0, 17, 7], "uv": [111, -1], "mirror": true}
					]
				},
				{
					"name": "left_leg",
					"parent": "body",
					"pivot": [4, 8, -2],
					"rotation": [0, 20, 30],
					"cubes": [
						{"origin": [4, 7, -3], "size": [17, 2, 2], "inflate": 0.25, "uv": [0, 37]}
					]
				},
				{
					"name": "right_leg",
					"parent": "body",
					"pivot": [-4, 8, -2],
					"rotation": [0, -20, -30],
					"cubes": [
						{"origin": [-21, 7, -3], "size": [17, 2, 2], "inflate": 0.25, "uv": [0, 37], "mirror": true}
					]
				},
				{
					"name": "left_leg2",
					"parent": "body",
					"pivot": [4, 8, 2],
					"rotation": [0, -20, 30],
					"cubes": [
						{"origin": [4, 7, 0], "size": [17, 2, 2], "inflate": 0.25, "uv": [0, 37]}
					]
				},
				{
					"name": "right_leg2",
					"parent": "body",
					"pivot": [-4, 8, 2],
					"rotation": [0, 20, -30],
					"cubes": [
						{"origin": [-21, 7, 0], "size": [17, 2, 2], "inflate": 0.25, "uv": [0, 37], "mirror": true}
					]
				}
			]
		}
	]
}