{
	"format_version": "1.12.0",
	"minecraft:geometry": [
		{
			"description": {
				"identifier": "geometry.billeys_mobs.mercat",
				"texture_width": 64,
				"texture_height": 64,
				"visible_bounds_width": 4,
				"visible_bounds_height": 4,
				"visible_bounds_offset": [0, 1, 0]
			},
			"bones": [
				{
					"name": "ooo",
					"pivot": [0, 0, 0]
				},
				{
					"name": "body",
					"parent": "ooo",
					"pivot": [0, 2.5, 0],
					"rotation": [90, 0, 0],
					"cubes": [
						{"origin": [-3, 2.5, -2.5], "size": [6, 7, 5], "inflate": 0.01, "uv": [0, 0]},
						{"origin": [-2.5, 2.5, -2], "size": [5, 7, 4], "uv": [0, 22]}
					]
				},
				{
					"name": "bowtie",
					"parent": "body",
					"pivot": [0, 9.5, -2.5],
					"rotation": [-45, 0, 0]
				},
				{
					"name": "bone2",
					"parent": "body",
					"pivot": [0, 2.5, 2.5]
				},
				{
					"name": "bone3",
					"parent": "bone2",
					"pivot": [0, 2.5, 0]
				},
				{
					"name": "bone",
					"parent": "bone3",
					"pivot": [0, 2.5, -2.5],
					"cubes": [
						{"origin": [-3, -2.5, -2.5], "size": [6, 5, 5], "uv": [0, 12]},
						{"origin": [-2, -2.5, -1.5], "size": [4, 5, 3], "inflate": -0.01, "uv": [18, 26]},
						{"origin": [-0.5, 0.5, 2.5], "size": [1, 2, 4], "pivot": [0, 2.5, 2.5], "rotation": [-37.5, 0, 0], "uv": [10, 33]}
					]
				},
				{
					"name": "tail3",
					"parent": "bone",
					"pivot": [0, -2.5, 0],
					"rotation": [0, -90, -90],
					"cubes": [
						{"origin": [-1.5, -4.5, -2], "size": [3, 4, 2], "uv": [0, 33]},
						{"origin": [-1.5, -4.5, -0.01], "size": [3, 4, 5.01], "uv": [24, 9]},
						{"origin": [-0.5, -3.5, -0.01], "size": [1, 2, 5.01], "uv": [42, 0]}
					]
				},
				{
					"name": "fluke",
					"parent": "tail3",
					"pivot": [0, -2.5, 4],
					"cubes": [
						{"origin": [-0.5, -13, -0.5], "size": [1, 4, 8], "inflate": 0.01, "pivot": [0, -5.5, 0.5], "rotation": [90, 0, 0], "uv": [14, 14]}
					]
				},
				{
					"name": "backLegL",
					"parent": "bone",
					"pivot": [3, -1, -1.5],
					"rotation": [0, -40, 0],
					"cubes": [
						{"origin": [2, -1.5, -3.5], "size": [1, 2, 3], "inflate": -0.01, "uv": [20, 34]}
					]
				},
				{
					"name": "backLegR",
					"parent": "bone",
					"pivot": [-3, -1, -1.5],
					"rotation": [0, 40, 0],
					"cubes": [
						{"origin": [-3, -1.5, -3.5], "size": [1, 2, 3], "inflate": -0.01, "uv": [19, 9]}
					]
				},
				{
					"name": "head",
					"parent": "body",
					"pivot": [0, 10.5, 0.5],
					"rotation": [-90, 0, 0],
					"cubes": [
						{"origin": [-2.5, 8.5, -3.5], "size": [5, 4, 5], "uv": [22, 0]},
						{"origin": [-1.5, 8.5, -4.5], "size": [3, 2, 1], "uv": [18, 1]},
						{"origin": [-2, 12.25, -0.5], "size": [1, 1, 2], "pivot": [-1, 12.5, 0.5], "rotation": [0, -12.5, -20], "uv": [35, 9]},
						{"origin": [1, 12.25, -0.5], "size": [1, 1, 2], "pivot": [1, 12.5, 0.5], "rotation": [0, 12.5, 20], "uv": [24, 18]}
					],
					"locators": {
						"lead": [0, 8.5, 1.5]
					}
				},
				{
					"name": "hat",
					"parent": "head",
					"pivot": [0, 12.5, -1]
				},
				{
					"name": "frontLegL",
					"parent": "body",
					"pivot": [3, 7.5, -1.5],
					"rotation": [0, -40, 0],
					"cubes": [
						{"origin": [2, 6.5, -5.5], "size": [1, 2, 5], "uv": [27, 29]}
					]
				},
				{
					"name": "frontLegR",
					"parent": "body",
					"pivot": [-3, 7.5, -1.5],
					"rotation": [0, 40, 0],
					"cubes": [
						{"origin": [-3, 6.5, -5.5], "size": [1, 2, 5], "uv": [29, 21]}
					]
				}
			]
		}
	]
}