{
	"format_version": "1.12.0",
	"minecraft:geometry": [
		{
			"description": {
				"identifier": "geometry.billeys_mobs.mercathat",
				"texture_width": 48,
				"texture_height": 48,
				"visible_bounds_width": 4,
				"visible_bounds_height": 3,
				"visible_bounds_offset": [0, 0.5, 0]
			},
			"bones": [{
				"name": "ooo",
				"pivot": [
					0,
					0,
					0
				]
			},
			{
				"parent": "ooo",
					"name": "body",
					"pivot": [0, 2.5, 0],
					"rotation": [90, 0, 0]
				},
				{
					"name": "bone2",
					"parent": "body",
					"pivot": [0, 2.5, 2.5]
				},
				{
					"name": "bone3",
					"parent": "bone2",
					"pivot": [0, 2.5, 0]
				},
				{
					"name": "bone",
					"parent": "bone3",
					"pivot": [0, 2.5, -2.5]
				},
				{
					"name": "tail3",
					"parent": "bone",
					"pivot": [0, -2.5, 0],
					"rotation": [0, -90, -90]
				},
				{
					"name": "tail4",
					"parent": "tail3",
					"pivot": [0, -2.5, 3],
					"rotation": [90, 0, 0]
				},
				{
					"name": "fluke",
					"parent": "tail4",
					"pivot": [0, -6.5, 3],
					"rotation": [-90, 0, 0]
				},
				{
					"name": "backLegL",
					"parent": "bone",
					"pivot": [3, -1, -1.5],
					"rotation": [0, -40, 0]
				},
				{
					"name": "backLegR",
					"parent": "bone",
					"pivot": [-3, -1, -1.5],
					"rotation": [0, 40, 0]
				},
				{
					"name": "head",
					"parent": "body",
					"pivot": [0, 10.5, 0.5],
					"rotation": [-90, 0, 0]
				},
				{
					"name": "hat",
					"parent": "head",
					"pivot": [0, 12.5, -1],
					"cubes": [
						{"origin": [-1.5, 12.5, -2.5], "size": [3, 1, 3], "inflate": 0.01, "uv": [6.016, 11.016]},
						{"origin": [-1, 13, -2], "size": [2, 3, 2], "inflate": 0.01, "uv": [7.016, 14.016]}
					]
				},
				{
					"name": "frontLegL",
					"parent": "body",
					"pivot": [3, 7.5, -1.5],
					"rotation": [0, -40, 0]
				},
				{
					"name": "frontLegR",
					"parent": "body",
					"pivot": [-3, 7.5, -1.5],
					"rotation": [0, 40, 0]
				}
			]
		}
	]
}