{
	"format_version": "1.12.0",
	"minecraft:geometry": [
		{
			"description": {
				"identifier": "geometry.billeys_mobs.netherrat",
				"texture_width": 64,
				"texture_height": 64,
				"visible_bounds_width": 4,
				"visible_bounds_height": 3,
				"visible_bounds_offset": [0, 0.5, 0]
			},
			"bones": [
				{
					"name": "ooo",
					"pivot": [0, 0, 0]
				},
				{
					"name": "death",
					"parent": "ooo",
					"pivot": [0, 0, 0]
				},
				{
					"name": "fly_rotation",
					"parent": "death",
					"pivot": [0, 3.5, 0.5]
				},
				{
					"name": "body",
					"parent": "fly_rotation",
					"pivot": [0, 3.5, -0.5],
					"cubes": [
						{"origin": [-2, 1.5, 0.5], "size": [4, 4, 7], "inflate": 0.01, "uv": [0, 14]},
						{"origin": [0, 5.5, 0.5], "size": [0, 2, 6], "uv": [46, 2]}
					]
				},
				{
					"name": "frontbody",
					"parent": "body",
					"pivot": [0, 3.5, 0.5],
					"cubes": [
						{"origin": [0, 5.5, -2.5], "size": [0, 2, 4], "uv": [30, 10]},
						{"origin": [-2, 1.5, -2.5], "size": [4, 4, 4], "uv": [15, 0]}
					],
					"locators": {
						"lead": [0, 2, -2.5]
					}
				},
				{
					"name": "bowtie",
					"parent": "frontbody",
					"pivot": [0, 1.5, -2.5]
				},
				{
					"name": "rightflap",
					"parent": "frontbody",
					"pivot": [1.5, 1.5, -0.5]
				},
				{
					"name": "frontrightpaw",
					"parent": "rightflap",
					"pivot": [1.5, 1.5, -0.5],
					"rotation": [-60, 0, 0],
					"cubes": [
						{"origin": [1, -1.5, -0.5], "size": [1, 3, 0], "uv": [0, 15]}
					]
				},
				{
					"name": "rightfoldedwing",
					"parent": "frontrightpaw",
					"pivot": [2, 0, -0.5],
					"cubes": [
						{"origin": [2, -0.5, -0.5], "size": [2, 5, 0], "uv": [0, 27]}
					]
				},
				{
					"name": "rightwing",
					"parent": "frontrightpaw",
					"pivot": [2, -0.5, -0.5],
					"cubes": [
						{"origin": [2, -1.5, -0.5], "size": [4, 7, 0], "uv": [34, 0]}
					]
				},
				{
					"name": "rightwing2",
					"parent": "rightwing",
					"pivot": [5.99, -0.5, -0.5],
					"cubes": [
						{"origin": [5.99, -1.5, -0.5], "size": [6, 7, 0], "uv": [43, 0]}
					]
				},
				{
					"name": "leftflap",
					"parent": "frontbody",
					"pivot": [-1.5, 1.5, -0.5]
				},
				{
					"name": "frontleftpaw",
					"parent": "leftflap",
					"pivot": [-1.5, 1.5, -0.5],
					"rotation": [-60, 0, 0],
					"cubes": [
						{"origin": [-2, -1.5, -0.5], "size": [1, 4, 0], "uv": [0, 14], "mirror": true}
					]
				},
				{
					"name": "leftfoldedwing",
					"parent": "frontleftpaw",
					"pivot": [-2, 0, -0.5],
					"cubes": [
						{"origin": [-4, -0.5, -0.5], "size": [2, 5, 0], "uv": [0, 27], "mirror": true}
					]
				},
				{
					"name": "leftwing",
					"parent": "frontleftpaw",
					"pivot": [-2, -0.5, -0.5],
					"cubes": [
						{"origin": [-6, -1.5, -0.5], "size": [4, 7, 0], "uv": [34, 0], "mirror": true}
					]
				},
				{
					"name": "leftwing2",
					"parent": "leftwing",
					"pivot": [-5.99, -0.5, -0.5],
					"cubes": [
						{"origin": [-11.99, -1.5, -0.5], "size": [6, 7, 0], "uv": [43, 0], "mirror": true}
					]
				},
				{
					"name": "head",
					"parent": "frontbody",
					"pivot": [0, 3.5, -3.5],
					"cubes": [
						{"origin": [-2, 2, -5.5], "size": [4, 3, 3], "inflate": 0.01, "uv": [18, 14]},
						{"origin": [0, 5, -4.5], "size": [0, 2, 2], "uv": [33, 15]}
					]
				},
				{
					"name": "eyes",
					"parent": "head",
					"pivot": [0, 0, 0],
					"cubes": [
						{"origin": [-2, 3, -4.5], "size": [4, 1, 1], "inflate": 0.02, "uv": [51, 58]}
					]
				},
				{
					"name": "rightear",
					"parent": "head",
					"pivot": [-1, 4, -3],
					"cubes": [
						{"origin": [-3, 4, -3], "size": [2, 2, 0], "uv": [15, 9]}
					]
				},
				{
					"name": "leftear",
					"parent": "head",
					"pivot": [1, 4, -3],
					"cubes": [
						{"origin": [1, 4, -3], "size": [2, 2, 0], "uv": [15, 9], "mirror": true}
					]
				},
				{
					"name": "snout",
					"parent": "head",
					"pivot": [0, 3, -5.5],
					"cubes": [
						{
							"origin": [-1.5, 3, -8],
							"size": [3, 1, 3],
							"uv": {
								"north": {"uv": [25, 28], "uv_size": [3, 1]},
								"east": {"uv": [22, 28], "uv_size": [3, 1]},
								"south": {"uv": [31, 28], "uv_size": [3, 1]},
								"west": {"uv": [28, 28], "uv_size": [3, 1]},
								"up": {"uv": [25, 25], "uv_size": [3, 3]},
								"down": {"uv": [15, 3], "uv_size": [3, -3]}
							}
						},
						{"origin": [-3.5, 2, -6.5], "size": [7, 3, 0], "uv": [25, 21]},
						{"origin": [-1.5, 1, -7.99], "size": [3, 2, 1], "inflate": 0.01, "uv": [22, 9], "mirror": true}
					]
				},
				{
					"name": "jaw",
					"parent": "snout",
					"pivot": [0, 3, -5.5],
					"cubes": [
						{
							"origin": [-1.5, 2, -8],
							"size": [3, 1, 3],
							"uv": {
								"north": {"uv": [25, 29], "uv_size": [3, 1]},
								"east": {"uv": [22, 29], "uv_size": [3, 1]},
								"south": {"uv": [31, 29], "uv_size": [3, 1]},
								"west": {"uv": [28, 29], "uv_size": [3, 1]},
								"up": {"uv": [15, 0], "uv_size": [3, 3]},
								"down": {"uv": [28, 28], "uv_size": [3, -3]}
							}
						}
					]
				},
				{
					"name": "hat",
					"parent": "head",
					"pivot": [0, 5, -4]
				},
				{
					"name": "leftbackleg",
					"parent": "body",
					"pivot": [-2, 3, 4.5],
					"cubes": [
						{"origin": [-3, 1, 3.5], "size": [2, 3, 3], "uv": [0, 0], "mirror": true}
					]
				},
				{
					"name": "leftbackleg2",
					"parent": "leftbackleg",
					"pivot": [-2, 1, 6.5],
					"cubes": [
						{"origin": [-3, 0, 6.5], "size": [2, 1, 0], "uv": [7, 7], "mirror": true}
					]
				},
				{
					"name": "leftfoot",
					"parent": "leftbackleg2",
					"pivot": [-2, 0, 6.5],
					"cubes": [
						{"origin": [-3, 0, 4.5], "size": [2, 0, 2], "uv": [0, 7], "mirror": true}
					]
				},
				{
					"name": "rightbackleg",
					"parent": "body",
					"pivot": [2, 3, 4.5],
					"cubes": [
						{"origin": [1, 1, 3.5], "size": [2, 3, 3], "uv": [0, 0]}
					]
				},
				{
					"name": "rightbackleg2",
					"parent": "rightbackleg",
					"pivot": [2, 1, 6.5],
					"cubes": [
						{"origin": [1, 0, 6.5], "size": [2, 1, 0], "uv": [7, 7]}
					]
				},
				{
					"name": "rightfoot",
					"parent": "rightbackleg2",
					"pivot": [2, 0, 6.5],
					"cubes": [
						{"origin": [1, 0, 4.5], "size": [2, 0, 2], "uv": [0, 7]}
					]
				},
				{
					"name": "tail",
					"parent": "body",
					"pivot": [0, 3.5, 7.5],
					"cubes": [
						{"origin": [-0.5, 3, 6.5], "size": [1, 1, 7], "pivot": [0, 3.5, 7.5], "rotation": [-16, 0, 0], "uv": [5, 5]}
					]
				}
			]
		}
	]
}