{
	"format_version": "1.12.0",
	"minecraft:geometry": [
		{
			"description": {
				"identifier": "geometry.billeys_mobs.penguin_adelie",
				"texture_width": 32,
				"texture_height": 32,
				"visible_bounds_width": 2,
				"visible_bounds_height": 2.5,
				"visible_bounds_offset": [0, 0.75, 0]
			},
			"bones": [{
				"name": "ooo",
				"pivot": [
					0,
					0,
					0
				]
			},
			{
				"parent": "ooo",
					"name": "body",
					"pivot": [0, 7, 0],
					"cubes": [
						{"origin": [-3, 1, -2.5], "size": [6, 8, 4], "uv": [0, 7]}
					]
				},
				{
					"name": "head",
					"parent": "body",
					"pivot": [0, 9, -1],
					"cubes": [
						{"origin": [-2, 9, -2.5], "size": [4, 3, 3], "uv": [0, 0]}
					]
				},
				{
					"name": "beak",
					"parent": "head",
					"pivot": [0, 10.5, -2.5],
					"cubes": [
						{"origin": [-1, 10, -4.5], "size": [2, 1, 2], "uv": [17, 0]}
					]
				},
				{
					"name": "left_wing",
					"parent": "body",
					"pivot": [3, 8, -0.5],
					"cubes": [
						{"origin": [3, 3, -1.5], "size": [1, 5, 2], "uv": [26, 0]}
					]
				},
				{
					"name": "right_wing",
					"parent": "body",
					"pivot": [-3, 8, -0.5],
					"cubes": [
						{"origin": [-4, 3, -1.5], "size": [1, 5, 2], "uv": [26, 0], "mirror": true}
					]
				},
				{
					"name": "left_leg",
					"parent": "body",
					"pivot": [1.5, 1, -1],
					"cubes": [
						{"origin": [1, 0, -1], "size": [1, 2, 0], "uv": [21, 7]}
					]
				},
				{
					"name": "left_toes",
					"parent": "left_leg",
					"pivot": [1.5, 0, -1],
					"cubes": [
						{"origin": [0, 0, -3], "size": [3, 0, 2], "uv": [19, 13]}
					]
				},
				{
					"name": "right_leg",
					"parent": "body",
					"pivot": [-1.5, 1, -1],
					"cubes": [
						{"origin": [-2, 0, -1], "size": [1, 3, 0], "uv": [21, 6], "mirror": true}
					]
				},
				{
					"name": "right_toes",
					"parent": "right_leg",
					"pivot": [-1.5, 0, -1],
					"cubes": [
						{"origin": [-3, 0, -3], "size": [3, 0, 2], "uv": [19, 13]}
					]
				},
				{
					"name": "tail",
					"parent": "body",
					"pivot": [0, 2, 1.5],
					"rotation": [-22.5, 0, 0],
					"cubes": [
						{"origin": [-1, 1, 1.5], "size": [2, 1, 3], "uv": [21, 8]}
					]
				}
			]
		}
	]
}