{
	"format_version": "1.12.0",
	"minecraft:geometry": [
		{
			"description": {
				"identifier": "geometry.billeys_mobs.orangepenguin",
				"texture_width": 64,
				"texture_height": 64,
				"visible_bounds_width": 3,
				"visible_bounds_height": 4,
				"visible_bounds_offset": [0, 1, 0]
			},
			"bones": [{
				"name": "ooo",
				"pivot": [
					0,
					0,
					0
				]
			},
			{
				"parent": "ooo",
					"name": "body",
					"pivot": [0, 5, 0]
				},
				{
					"name": "block1",
					"parent": "body",
					"pivot": [0, 0, 0]
				},
				{
					"name": "leftLeg",
					"parent": "block1",
					"pivot": [3, 1, -3],
					"cubes": [
						{
							"origin": [2, 0, -6],
							"size": [2, 1, 4],
							"inflate": 0.01,
							"uv": {
								"north": {"uv": [4.032, 31.032], "uv_size": [1.936, 0.936]},
								"east": {"uv": [0.032, 31.032], "uv_size": [3.936, 0.936]},
								"south": {"uv": [10.032, 31.032], "uv_size": [1.936, 0.936]},
								"west": {"uv": [6.032, 31.032], "uv_size": [3.936, 0.936]},
								"up": {"uv": [4.032, 27.032], "uv_size": [1.936, 3.936]},
								"down": {"uv": [6.032, 30.968], "uv_size": [1.936, -3.936]}
							}
						}
					]
				},
				{
					"name": "rightLeg",
					"parent": "block1",
					"pivot": [-3, 1, -3],
					"cubes": [
						{
							"origin": [-4, 0, -6],
							"size": [2, 1, 4],
							"inflate": 0.01,
							"uv": {
								"north": {"uv": [4.032, 31.032], "uv_size": [1.936, 0.936]},
								"east": {"uv": [0.032, 31.032], "uv_size": [3.936, 0.936]},
								"south": {"uv": [10.032, 31.032], "uv_size": [1.936, 0.936]},
								"west": {"uv": [6.032, 31.032], "uv_size": [3.936, 0.936]},
								"up": {"uv": [4.032, 27.032], "uv_size": [1.936, 3.936]},
								"down": {"uv": [6.032, 30.968], "uv_size": [1.936, -3.936]}
							}
						}
					]
				},
				{
					"name": "walking",
					"parent": "block1",
					"pivot": [0, 1, 0.5],
					"locators": {
						"lead": [0, 0, 1]
					}
				},
				{
					"name": "bone4",
					"parent": "walking",
					"pivot": [0, 9, 1],
					"cubes": [
						{
							"origin": [-4, 1, -4],
							"size": [8, 8, 8],
							"uv": {
								"north": {"uv": [7.032, 7.032], "uv_size": [7.936, 7.936]},
								"east": {"uv": [0.032, 7.032], "uv_size": [7.936, 7.936]},
								"south": {"uv": [22.032, 7.032], "uv_size": [7.936, 7.936]},
								"west": {"uv": [15.032, 7.032], "uv_size": [7.936, 7.936]},
								"up": {"uv": [11.032, 7], "uv_size": [7.936, 7.936]},
								"down": {"uv": [15.032, 7.968], "uv_size": [7.936, -7.936]}
							}
						}
					]
				},
				{
					"name": "bowtie",
					"parent": "bone4",
					"pivot": [0, 7.5, -4]
				},
				{
					"name": "head",
					"parent": "walking",
					"pivot": [0, 10, 0],
					"cubes": [
						{
							"origin": [-3, 9, -3],
							"size": [6, 6, 6],
							"uv": {
								"north": {"uv": [6.032, 21.032], "uv_size": [5.936, 5.936]},
								"east": {"uv": [0.032, 21.032], "uv_size": [5.936, 5.936]},
								"south": {"uv": [18.032, 21.032], "uv_size": [5.936, 5.936]},
								"west": {"uv": [12.032, 21.032], "uv_size": [5.936, 5.936]},
								"up": {"uv": [6.032, 15.032], "uv_size": [5.936, 5.936]},
								"down": {"uv": [12.032, 20.968], "uv_size": [5.936, -5.936]}
							}
						}
					]
				},
				{
					"name": "bone",
					"parent": "head",
					"pivot": [0, -5, -0.5]
				},
				{
					"name": "eye",
					"parent": "head",
					"pivot": [2.01, 12, -0.75],
					"cubes": [
						{
							"origin": [2.01, 10.5, -2.25],
							"size": [0, 3, 3],
							"uv": {
								"north": {"uv": [3, 15], "uv_size": [0, 3]},
								"east": {"uv": [0, 15], "uv_size": [3, 3]},
								"south": {"uv": [6, 15], "uv_size": [0, 3]},
								"west": {"uv": [3, 15], "uv_size": [3, 3]},
								"up": {"uv": [3, 12], "uv_size": [0, 3]},
								"down": {"uv": [3, 15], "uv_size": [0, -3]}
							}
						}
					]
				},
				{
					"name": "eye2",
					"parent": "head",
					"pivot": [-2.01, 12, -0.75],
					"cubes": [
						{
							"origin": [-2.01, 10.5, -2.25],
							"size": [0, 3, 3],
							"uv": {
								"north": {"uv": [3, 3], "uv_size": [0, 3]},
								"east": {"uv": [0, 3], "uv_size": [3, 3]},
								"south": {"uv": [6, 3], "uv_size": [0, 3]},
								"west": {"uv": [3, 3], "uv_size": [3, 3]},
								"up": {"uv": [3, 0], "uv_size": [0, 3]},
								"down": {"uv": [3, 3], "uv_size": [0, -3]}
							}
						}
					]
				},
				{
					"name": "hat",
					"parent": "head",
					"pivot": [0, 15, 0]
				},
				{
					"name": "beak",
					"parent": "head",
					"pivot": [0, 11, -3],
					"cubes": [
						{
							"origin": [-1, 11, -6],
							"size": [2, 1, 3],
							"uv": {
								"north": {"uv": [24.032, 28.032], "uv_size": [1.936, 0.936]},
								"east": {"uv": [21.032, 28.032], "uv_size": [2.936, 0.936]},
								"south": {"uv": [29.032, 28.032], "uv_size": [1.936, 0.936]},
								"west": {"uv": [26.032, 28.032], "uv_size": [2.936, 0.936]},
								"up": {"uv": [24.032, 25.032], "uv_size": [1.936, 2.936]},
								"down": {"uv": [26.032, 27.968], "uv_size": [1.936, -2.936]}
							}
						},
						{
							"origin": [-1, 11, -3],
							"size": [2, 1, 3],
							"uv": {
								"north": {"uv": [26, 3], "uv_size": [2, 1]},
								"east": {"uv": [23, 3], "uv_size": [3, 1]},
								"south": {"uv": [31, 3], "uv_size": [2, 1]},
								"west": {"uv": [28, 3], "uv_size": [3, 1]},
								"up": {"uv": [26, 0], "uv_size": [2, 3]},
								"down": {"uv": [28, 3], "uv_size": [2, -3]}
							}
						}
					]
				},
				{
					"name": "mouth",
					"parent": "beak",
					"pivot": [0, 11, -3],
					"cubes": [
						{
							"origin": [-1, 10, -5],
							"size": [2, 1, 2],
							"uv": {
								"north": {"uv": [25.032, 6.032], "uv_size": [1.936, 0.936]},
								"east": {"uv": [23.032, 6.032], "uv_size": [1.936, 0.936]},
								"south": {"uv": [29.032, 6.032], "uv_size": [1.936, 0.936]},
								"west": {"uv": [27.032, 6.032], "uv_size": [1.936, 0.936]},
								"up": {"uv": [25.032, 4.032], "uv_size": [1.936, 1.936]},
								"down": {"uv": [27.032, 5.968], "uv_size": [1.936, -1.936]}
							}
						},
						{
							"origin": [-1, 10, -3],
							"size": [2, 1, 2],
							"uv": {
								"north": {"uv": [20, 17], "uv_size": [2, 1]},
								"east": {"uv": [18, 17], "uv_size": [2, 1]},
								"south": {"uv": [24, 17], "uv_size": [2, 1]},
								"west": {"uv": [22, 17], "uv_size": [2, 1]},
								"up": {"uv": [20, 15], "uv_size": [2, 2]},
								"down": {"uv": [22, 17], "uv_size": [2, -2]}
							}
						}
					]
				},
				{
					"name": "leaf",
					"parent": "head",
					"pivot": [0, 15, 0]
				},
				{
					"name": "bone5",
					"parent": "leaf",
					"pivot": [0, 15, 0],
					"rotation": [-180, -60, 155],
					"cubes": [
						{
							"origin": [-5, 17, 0],
							"size": [5, 6, 0],
							"uv": {
								"north": {"uv": [35.032, 3.032], "uv_size": [4.936, 5.936]},
								"down": {"uv": [45.032, 1.032], "uv_size": [11.936, -0.064]}
							}
						}
					]
				},
				{
					"name": "bone3",
					"parent": "leaf",
					"pivot": [0, 18, 1],
					"rotation": [0, 90, 0],
					"cubes": [
						{
							"origin": [-5, 13, 1],
							"size": [6, 9, 0],
							"uv": {
								"north": {"uv": [35.032, 3.032], "uv_size": [5.936, 8.936]},
								"down": {"uv": [45.032, 1.032], "uv_size": [11.936, -0.064]}
							}
						}
					]
				},
				{
					"name": "bone2",
					"parent": "leaf",
					"pivot": [0, 15, 0],
					"rotation": [0, 0, -25],
					"cubes": [
						{
							"origin": [-6, 13, 0],
							"size": [6, 10, 0],
							"uv": {
								"north": {"uv": [35.06, 3.06], "uv_size": [5.88, 9.88]},
								"down": {"uv": [45.032, 0.94], "uv_size": [11.936, 0.092]}
							}
						}
					]
				},
				{
					"name": "leaf_orange",
					"parent": "head",
					"pivot": [0, 15, 0]
				},
				{
					"name": "leaf_orange2",
					"parent": "leaf_orange",
					"pivot": [0, 15, -1],
					"rotation": [30, -27, 37],
					"cubes": [
						{
							"origin": [-4.5, 12.5, -1],
							"size": [7, 7, 0],
							"uv": {
								"north": {"uv": [41.032, 30.032], "uv_size": [6.936, 6.936]},
								"down": {"uv": [45.032, 1.032], "uv_size": [11.936, -0.064]}
							}
						}
					]
				},
				{
					"name": "leaf_orange1",
					"parent": "leaf_orange",
					"pivot": [0, 15, 1.05],
					"rotation": [-150, 27, 143],
					"cubes": [
						{
							"origin": [-4.5, 12.5, 1.05],
							"size": [7, 7, 0],
							"uv": {
								"north": {"uv": [41.032, 30.032], "uv_size": [6.936, 6.936]},
								"down": {"uv": [45.032, 1.032], "uv_size": [11.936, -0.064]}
							}
						}
					]
				},
				{
					"name": "leaf_orange3",
					"parent": "leaf_orange",
					"pivot": [1, 15, 0],
					"rotation": [-91.06752, -45.36438, 130.25285],
					"cubes": [
						{
							"origin": [-3.5, 12.5, 0],
							"size": [7, 7, 0],
							"uv": {
								"north": {"uv": [41.032, 30.032], "uv_size": [6.936, 6.936]},
								"down": {"uv": [45.032, 1.032], "uv_size": [11.936, -0.064]}
							}
						}
					]
				},
				{
					"name": "leaf_orange4",
					"parent": "leaf_orange",
					"pivot": [-1, 15, 0],
					"rotation": [88.93248, 45.36438, 49.74715],
					"cubes": [
						{
							"origin": [-5.5, 12.5, 0],
							"size": [7, 7, 0],
							"uv": {
								"north": {"uv": [41.032, 30.032], "uv_size": [6.936, 6.936]},
								"down": {"uv": [45.032, 1.032], "uv_size": [11.936, -0.064]}
							}
						}
					]
				},
				{
					"name": "leaf_orange5",
					"parent": "leaf_orange",
					"pivot": [0, 17.15, 0],
					"cubes": [
						{
							"origin": [-1.5, 15.65, -1.5],
							"size": [3, 3, 3],
							"uv": {
								"north": {"uv": [19.032, 7.032], "uv_size": [2.936, 2.936]},
								"east": {"uv": [23.032, 8.032], "uv_size": [2.936, 2.936]},
								"south": {"uv": [15.032, 9.032], "uv_size": [2.936, 2.936]},
								"west": {"uv": [8.032, 8.032], "uv_size": [2.936, 2.936]},
								"up": {"uv": [29.968, 9.968], "uv_size": [-2.936, -2.936]},
								"down": {"uv": [2.968, 9.968], "uv_size": [-2.936, -2.936]}
							}
						}
					]
				},
				{
					"name": "leftArm",
					"parent": "walking",
					"pivot": [-4, 9, -0.5],
					"rotation": [0, 0, 5],
					"cubes": [
						{
							"origin": [-5, 2, -2],
							"size": [1, 7, 3],
							"uv": {
								"north": {"uv": [6.032, 7.032], "uv_size": [0.936, 6.936]},
								"east": {"uv": [3.032, 7.032], "uv_size": [2.936, 6.936]},
								"south": {"uv": [4.032, 7.032], "uv_size": [0.936, 6.936]},
								"west": {"uv": [28.032, 18.032], "uv_size": [2.936, 6.936]},
								"up": {"uv": [28.032, 7.032], "uv_size": [0.936, 2.936]},
								"down": {"uv": [4.032, 14.968], "uv_size": [0.936, -2.936]}
							}
						}
					]
				},
				{
					"name": "rightArm",
					"parent": "walking",
					"pivot": [4, 9, -0.5],
					"rotation": [0, 0, -5],
					"cubes": [
						{
							"origin": [4, 2, -2],
							"size": [1, 7, 3],
							"uv": {
								"north": {"uv": [17.968, 7.032], "uv_size": [-0.936, 6.936]},
								"east": {"uv": [30.968, 18.032], "uv_size": [-2.936, 6.936]},
								"south": {"uv": [19.968, 7.032], "uv_size": [-0.936, 6.936]},
								"west": {"uv": [19.968, 7.032], "uv_size": [-2.936, 6.936]},
								"up": {"uv": [12.968, 2.032], "uv_size": [-0.936, 2.936]},
								"down": {"uv": [18.968, 14.968], "uv_size": [-0.936, -2.936]}
							}
						}
					]
				}
			]
		}
	]
}