{
	"format_version": "1.10.0",
	"geometry.parrothat": {
		"texturewidth": 48,
		"textureheight": 48,
		"visible_bounds_width": 2,
		"visible_bounds_height": 2,
		"visible_bounds_offset": [0, 1, 0],
		"bones": [{
			"name": "ooo",
			"pivot": [
				0,
				0,
				0
			]
		},
		{
			"parent": "ooo",
				"name": "body",
				"pivot": [0, 7.5, -3]
			},
			{
				"name": "head",
				"parent": "body",
				"pivot": [0, 8.3, -2.8]
			},
			{
				"name": "head2",
				"parent": "head",
				"pivot": [0, 26, -1]
			},
			{
				"name": "hat",
				"parent": "head2",
				"pivot": [0, 10.75, -4.525],
				"cubes": [
					{"origin": [-1.5, 10.8, -5.325], "size": [3, 1, 3], "uv": [31, 10]},
					{"origin": [-0.875, 11.8, -4.7], "size": [1.75, 2, 1.75], "uv": [5, 1]}
				]
			}
		]
	}
}