{
	"format_version": "1.12.0",
	"minecraft:geometry": [
		{
			"description": {
				"identifier": "geometry.billeys_mobs.penguin_little",
				"texture_width": 32,
				"texture_height": 32,
				"visible_bounds_width": 2,
				"visible_bounds_height": 2.5,
				"visible_bounds_offset": [0, 0.75, 0]
			},
			"bones": [
				{
					"name": "ooo",
					"pivot": [0, 0, 0]
				},
				{
					"name": "zero",
					"parent": "ooo",
					"pivot": [0, 0, 0]
				},
				{
					"name": "body",
					"parent": "zero",
					"pivot": [0, 5.5, 0],
					"cubes": [
						{"origin": [-2.5, 1, -2], "size": [5, 5, 4], "uv": [0, 7]}
					]
				},
				{
					"name": "bowtie",
					"parent": "body",
					"pivot": [0, 5, -2]
				},
				{
					"name": "head",
					"parent": "body",
					"pivot": [0, 6.75, -0.5],
					"cubes": [
						{"origin": [-1.5, 6, -2], "size": [3, 3, 3], "uv": [0, 0]}
					]
				},
				{
					"name": "beak",
					"parent": "head",
					"pivot": [0, 7.5, -2],
					"cubes": [
						{
							"origin": [-0.5, 7.5, -4],
							"size": [1, 0.5, 2],
							"inflate": 0.01,
							"uv": {
								"north": {"uv": [16, 3], "uv_size": [1, 1]},
								"east": {"uv": [14, 3], "uv_size": [2, 1]},
								"south": {"uv": [19, 3], "uv_size": [1, 1]},
								"west": {"uv": [17, 3], "uv_size": [2, 1]},
								"up": {"uv": [16, 1], "uv_size": [1, 2]},
								"down": {"uv": [26, 16], "uv_size": [1, -2]}
							}
						}
					]
				},
				{
					"name": "jaw",
					"parent": "beak",
					"pivot": [0, 7.5, -2],
					"cubes": [
						{
							"origin": [-0.5, 7, -4],
							"size": [1, 0.5, 2],
							"uv": {
								"north": {"uv": [16, 3], "uv_size": [1, 1]},
								"east": {"uv": [14, 3], "uv_size": [2, 1]},
								"south": {"uv": [19, 3], "uv_size": [1, 1]},
								"west": {"uv": [17, 3], "uv_size": [2, 1]},
								"up": {"uv": [26, 14], "uv_size": [1, 2]},
								"down": {"uv": [17, 3], "uv_size": [1, -2]}
							}
						}
					]
				},
				{
					"name": "hat",
					"parent": "head",
					"pivot": [0, 9, -0.5]
				},
				{
					"name": "right_angry_eye",
					"parent": "head",
					"pivot": [-0.5, 7.5, -0.5],
					"cubes": [
						{"origin": [-0.5, 6, -2], "size": [0, 3, 3], "inflate": -0.01, "uv": [26, 14], "mirror": true}
					]
				},
				{
					"name": "left_angry_eye",
					"parent": "head",
					"pivot": [0.5, 7.5, -0.5],
					"cubes": [
						{"origin": [0.5, 6, -2], "size": [0, 3, 3], "inflate": -0.01, "uv": [26, 14]}
					]
				},
				{
					"name": "left_wing",
					"parent": "body",
					"pivot": [2.5, 5, 0],
					"cubes": [
						{"origin": [2.5, 2, -1.03], "size": [1, 3, 2], "uv": [26, 0]}
					]
				},
				{
					"name": "right_wing",
					"parent": "body",
					"pivot": [-2.5, 5, 0],
					"cubes": [
						{"origin": [-3.5, 2, -1.03], "size": [1, 3, 2], "uv": [26, 0], "mirror": true}
					]
				},
				{
					"name": "left_leg",
					"parent": "body",
					"pivot": [1.5, 2, 0],
					"cubes": [
						{"origin": [1, 0, 0], "size": [1, 2, 0], "uv": [22, 1]}
					]
				},
				{
					"name": "left_toes",
					"parent": "left_leg",
					"pivot": [1.5, 0, 0],
					"cubes": [
						{"origin": [0, 0, -2], "size": [3, 0, 2], "uv": [17, 13]}
					]
				},
				{
					"name": "right_leg",
					"parent": "body",
					"pivot": [-1.5, 2, 0],
					"cubes": [
						{"origin": [-2, 0, 0], "size": [1, 3, 0], "uv": [22, 0], "mirror": true}
					]
				},
				{
					"name": "right_toes",
					"parent": "right_leg",
					"pivot": [-1.5, 0, 0],
					"cubes": [
						{"origin": [-3, 0, -2], "size": [3, 0, 2], "uv": [17, 13]}
					]
				},
				{
					"name": "tail",
					"parent": "body",
					"pivot": [0, 2, 2],
					"rotation": [-22.5, 0, 0],
					"cubes": [
						{"origin": [-1, 1, 2], "size": [2, 1, 2], "uv": [22, 9]}
					]
				}
			]
		}
	]
}