{
	"format_version": "1.12.0",
	"minecraft:geometry": [
		{
			"description": {
				"identifier": "geometry.billeys_mobs.penguin",
				"texture_width": 64,
				"texture_height": 64,
				"visible_bounds_width": 3,
				"visible_bounds_height": 3,
				"visible_bounds_offset": [0, 0.5, 0]
			},
			"bones": [{
				"name": "ooo",
				"pivot": [
					0,
					0,
					0
				]
			},
			{
				"parent": "ooo",
					"name": "body",
					"pivot": [0, 9, 0]
				},
				{
					"name": "block1",
					"parent": "body",
					"pivot": [0, 0, 0]
				},
				{
					"name": "leftLeg",
					"parent": "block1",
					"pivot": [3, 1, -2],
					"cubes": [
						{
							"origin": [2, 0, -5],
							"size": [2, 1, 4],
							"inflate": 0.01,
							"uv": {
								"north": {"uv": [12.032, 45.032], "uv_size": [1.936, 0.936]},
								"east": {"uv": [8.032, 45.032], "uv_size": [3.936, 0.936]},
								"south": {"uv": [18.032, 45.032], "uv_size": [1.936, 0.936]},
								"west": {"uv": [14.032, 45.032], "uv_size": [3.936, 0.936]},
								"up": {"uv": [12.032, 41.032], "uv_size": [1.936, 3.936]},
								"down": {"uv": [15.968, 44.968], "uv_size": [-1.936, -3.936]}
							}
						}
					]
				},
				{
					"name": "rightLeg",
					"parent": "block1",
					"pivot": [-3, 1, -2],
					"cubes": [
						{
							"origin": [-4, 0, -5],
							"size": [2, 1, 4],
							"inflate": 0.01,
							"uv": {
								"north": {"uv": [12.032, 40.032], "uv_size": [1.936, 0.936]},
								"east": {"uv": [8.032, 40.032], "uv_size": [3.936, 0.936]},
								"south": {"uv": [18.032, 40.032], "uv_size": [1.936, 0.936]},
								"west": {"uv": [14.032, 40.032], "uv_size": [3.936, 0.936]},
								"up": {"uv": [12.032, 36.032], "uv_size": [1.936, 3.936]},
								"down": {"uv": [15.968, 39.968], "uv_size": [-1.936, -3.936]}
							}
						}
					]
				},
				{
					"name": "walking",
					"parent": "block1",
					"pivot": [0, 1, 0.5],
					"locators": {
						"lead": [0, 0, 1]
					}
				},
				{
					"name": "bone4",
					"parent": "walking",
					"pivot": [0, 9, 1],
					"cubes": [
						{
							"origin": [-4, 1, -3],
							"size": [8, 11, 6],
							"uv": {
								"north": {"uv": [7.032, 7.032], "uv_size": [7.936, 10.936]},
								"east": {"uv": [0.032, 7.032], "uv_size": [6.936, 10.936]},
								"south": {"uv": [22.032, 7.032], "uv_size": [7.936, 10.936]},
								"west": {"uv": [15.032, 7.032], "uv_size": [6.936, 10.936]},
								"up": {"uv": [7.032, 1.032], "uv_size": [7.936, 5.936]},
								"down": {"uv": [22.968, 5.968], "uv_size": [-7.936, -5.936]}
							}
						}
					]
				},
				{
					"name": "block2",
					"parent": "walking",
					"pivot": [0, 19.1, 2.8]
				},
				{
					"name": "rightArm",
					"parent": "block2",
					"pivot": [4, 12, -0.5],
					"rotation": [0, 0, -5],
					"cubes": [
						{
							"origin": [4, 3, -2],
							"size": [1, 9, 3],
							"uv": {
								"north": {"uv": [3.032, 39.032], "uv_size": [0.936, 8.936]},
								"east": {"uv": [0.032, 39.032], "uv_size": [2.936, 8.936]},
								"south": {"uv": [7.032, 39.032], "uv_size": [0.936, 8.936]},
								"west": {"uv": [4.032, 39.032], "uv_size": [2.936, 8.936]},
								"up": {"uv": [3.032, 36.032], "uv_size": [0.936, 2.936]},
								"down": {"uv": [4.968, 38.968], "uv_size": [-0.936, -2.936]}
							}
						}
					]
				},
				{
					"name": "leftArm",
					"parent": "block2",
					"pivot": [-4, 12, -0.5],
					"rotation": [0, 0, 5],
					"cubes": [
						{
							"origin": [-5, 3, -2],
							"size": [1, 9, 3],
							"uv": {
								"north": {"uv": [35.032, 23.032], "uv_size": [0.936, 8.936]},
								"east": {"uv": [32.032, 23.032], "uv_size": [2.936, 8.936]},
								"south": {"uv": [39.032, 23.032], "uv_size": [0.936, 8.936]},
								"west": {"uv": [36.032, 23.032], "uv_size": [2.936, 8.936]},
								"up": {"uv": [35.032, 20.032], "uv_size": [0.936, 2.936]},
								"down": {"uv": [36.968, 22.968], "uv_size": [-0.936, -2.936]}
							}
						}
					]
				},
				{
					"name": "head",
					"parent": "block2",
					"pivot": [0, 15, 0],
					"cubes": [
						{
							"origin": [-3, 12, -3],
							"size": [6, 6, 6],
							"uv": {
								"north": {"uv": [8, 28], "uv_size": [6, 6]},
								"east": {"uv": [1.032, 29.032], "uv_size": [6, 6]},
								"south": {"uv": [25, 30], "uv_size": [6, 6]},
								"west": {"uv": [17, 29], "uv_size": [6, 6]},
								"up": {"uv": [9, 21], "uv_size": [6, 6]},
								"down": {"uv": [23, 27], "uv_size": [-6, -6]}
							}
						}
					]
				},
				{
					"name": "bone",
					"parent": "head",
					"pivot": [0, -2, -0.5]
				},
				{
					"name": "eye",
					"parent": "head",
					"pivot": [2.01, 15, -0.75],
					"cubes": [
						{
							"origin": [2.01, 13.5, -2.25],
							"size": [0, 3, 3],
							"uv": {
								"north": {"uv": [21.032, 51.032], "uv_size": [0, 2.936]},
								"east": {"uv": [18.032, 51.032], "uv_size": [2.936, 2.936]},
								"south": {"uv": [24.032, 51.032], "uv_size": [0, 2.936]},
								"west": {"uv": [21.032, 51.032], "uv_size": [2.936, 2.936]},
								"up": {"uv": [21.032, 48.032], "uv_size": [0, 2.936]},
								"down": {"uv": [21.032, 50.968], "uv_size": [0, -2.936]}
							}
						}
					]
				},
				{
					"name": "eye2",
					"parent": "head",
					"pivot": [-2.01, 15, -0.75],
					"cubes": [
						{
							"origin": [-2.01, 13.5, -2.25],
							"size": [0, 3, 3],
							"uv": {
								"north": {"uv": [13.032, 51.032], "uv_size": [0, 2.936]},
								"east": {"uv": [10.032, 51.032], "uv_size": [2.936, 2.936]},
								"south": {"uv": [16.032, 51.032], "uv_size": [0, 2.936]},
								"west": {"uv": [13.032, 51.032], "uv_size": [2.936, 2.936]},
								"up": {"uv": [13.032, 48.032], "uv_size": [0, 2.936]},
								"down": {"uv": [13.032, 50.968], "uv_size": [0, -2.936]}
							}
						}
					]
				},
				{
					"name": "hat",
					"parent": "head",
					"pivot": [0, -2, 0]
				},
				{
					"name": "beak",
					"parent": "head",
					"pivot": [0, 14, -3],
					"cubes": [
						{
							"origin": [-1, 14, -6],
							"size": [2, 1, 3],
							"uv": {
								"north": {"uv": [3.032, 51.032], "uv_size": [1.936, 0.936]},
								"east": {"uv": [0.032, 51.032], "uv_size": [2.936, 0.936]},
								"south": {"uv": [8.032, 51.032], "uv_size": [1.936, 0.936]},
								"west": {"uv": [5.032, 51.032], "uv_size": [2.936, 0.936]},
								"up": {"uv": [3.032, 48.032], "uv_size": [1.936, 2.936]},
								"down": {"uv": [6.968, 50.968], "uv_size": [-1.936, -2.936]}
							}
						},
						{
							"origin": [-1, 14, -3],
							"size": [2, 1, 3],
							"uv": {
								"north": {"uv": [3.032, 51.032], "uv_size": [1.936, 0.936]},
								"east": {"uv": [0.032, 51.032], "uv_size": [2.936, 0.936]},
								"south": {"uv": [8.032, 51.032], "uv_size": [1.936, 0.936]},
								"west": {"uv": [5.032, 51.032], "uv_size": [2.936, 0.936]},
								"up": {"uv": [3.032, 48.032], "uv_size": [1.936, 2.936]},
								"down": {"uv": [6.968, 50.968], "uv_size": [-1.936, -2.936]}
							}
						}
					]
				},
				{
					"name": "mouth",
					"parent": "beak",
					"pivot": [0, 14, -3],
					"cubes": [
						{
							"origin": [-1, 13, -5],
							"size": [2, 1, 2],
							"uv": {
								"north": {"uv": [28.032, 50.032], "uv_size": [1.936, 0.936]},
								"east": {"uv": [26.032, 50.032], "uv_size": [1.936, 0.936]},
								"south": {"uv": [32.032, 50.032], "uv_size": [1.936, 0.936]},
								"west": {"uv": [30.032, 50.032], "uv_size": [1.936, 0.936]},
								"up": {"uv": [28.032, 48.032], "uv_size": [1.936, 1.936]},
								"down": {"uv": [31.968, 49.968], "uv_size": [-1.936, -1.936]}
							}
						},
						{
							"origin": [-1, 13, -3],
							"size": [2, 1, 2],
							"uv": {
								"north": {"uv": [28.032, 50.032], "uv_size": [1.936, 0.936]},
								"east": {"uv": [26.032, 50.032], "uv_size": [1.936, 0.936]},
								"south": {"uv": [32.032, 50.032], "uv_size": [1.936, 0.936]},
								"west": {"uv": [30.032, 50.032], "uv_size": [1.936, 0.936]},
								"up": {"uv": [28.032, 48.032], "uv_size": [1.936, 1.936]},
								"down": {"uv": [31.968, 49.968], "uv_size": [-1.936, -1.936]}
							}
						}
					]
				}
			]
		}
	]
}