{
	"format_version": "1.12.0",
	"minecraft:geometry": [
		{
			"description": {
				"identifier": "geometry.billeys_mobs.penguin_adelie",
				"texture_width": 32,
				"texture_height": 32,
				"visible_bounds_width": 2,
				"visible_bounds_height": 2.5,
				"visible_bounds_offset": [0, 0.75, 0]
			},
			"bones": [{
				"name": "ooo",
				"pivot": [
					0,
					0,
					0
				]
			},
			{
				"parent": "ooo",
					"name": "zero",
					"pivot": [0, 0, 0]
				},
				{
					"name": "body",
					"parent": "zero",
					"pivot": [0, 5.5, 0],
					"cubes": [
						{"origin": [-3, 1, -2], "size": [6, 8, 4], "uv": [0, 7]}
					]
				},
				{
					"name": "bowtie",
					"parent": "body",
					"pivot": [0, 7.5, -2]
				},
				{
					"name": "head",
					"parent": "body",
					"pivot": [0, 9.75, -0.5],
					"cubes": [
						{"origin": [-2, 9, -2], "size": [4, 3, 3], "uv": [0, 0]}
					],
					"locators": {
						"lead": [0, 9, -2]
					}
				},
				{
					"name": "right_angry_eye",
					"parent": "head",
					"pivot": [-1, 10.5, -0.5],
					"cubes": [
						{"origin": [-1, 9, -2], "size": [0, 3, 3], "inflate": -0.01, "uv": [26, 17], "mirror": true}
					]
				},
				{
					"name": "left_angry_eye",
					"parent": "head",
					"pivot": [1, 10.5, -0.5],
					"cubes": [
						{"origin": [1, 9, -2], "size": [0, 3, 3], "inflate": -0.01, "uv": [26, 17]}
					]
				},
				{
					"name": "beak",
					"parent": "head",
					"pivot": [0, 10.5, -2],
					"cubes": [
						{"origin": [-0.5, 10.5, -4], "size": [1, 1, 2], "uv": [15, 0]}
					]
				},
				{
					"name": "jaw",
					"parent": "beak",
					"pivot": [0, 10.5, -2],
					"cubes": [
						{"origin": [-0.5, 9.5, -4], "size": [1, 1, 2], "uv": [16, 4]}
					]
				},
				{
					"name": "hat",
					"parent": "head",
					"pivot": [0, 12, -0.5]
				},
				{
					"name": "left_wing",
					"parent": "body",
					"pivot": [3, 8, 0],
					"cubes": [
						{"origin": [3, 3, -1], "size": [1, 5, 2], "uv": [26, 0]}
					]
				},
				{
					"name": "right_wing",
					"parent": "body",
					"pivot": [-3, 8, 0],
					"cubes": [
						{"origin": [-4, 3, -1], "size": [1, 5, 2], "uv": [26, 0], "mirror": true}
					]
				},
				{
					"name": "left_leg",
					"parent": "body",
					"pivot": [1.5, 2, -0.5],
					"cubes": [
						{"origin": [1, 0, -0.5], "size": [1, 2, 0], "uv": [22, 1]}
					]
				},
				{
					"name": "left_toes",
					"parent": "left_leg",
					"pivot": [1.5, 0, -0.5],
					"cubes": [
						{"origin": [0, 0, -2.5], "size": [3, 0, 2], "uv": [15, 8]}
					]
				},
				{
					"name": "right_leg",
					"parent": "body",
					"pivot": [-1.5, 2, -0.5],
					"cubes": [
						{"origin": [-2, 0, -0.5], "size": [1, 3, 0], "uv": [22, 0], "mirror": true}
					]
				},
				{
					"name": "right_toes",
					"parent": "right_leg",
					"pivot": [-1.5, 0, -0.5],
					"cubes": [
						{"origin": [-3, 0, -2.5], "size": [3, 0, 2], "uv": [15, 8]}
					]
				},
				{
					"name": "tail",
					"parent": "body",
					"pivot": [0, 2, 2],
					"rotation": [-22.5, 0, 0],
					"cubes": [
						{"origin": [-1, 1, 2], "size": [2, 1, 3], "uv": [21, 8]}
					]
				}
			]
		}
	]
}