{
	"format_version": "1.12.0",
	"minecraft:geometry": [
		{
			"description": {
				"identifier": "geometry.billeys_mobs.penguin_boots",
				"texture_width": 32,
				"texture_height": 16,
				"visible_bounds_width": 10,
				"visible_bounds_height": 3,
				"visible_bounds_offset": [0, 1.5, 0]
			},
			"bones": [
				{
					"name": "leftLeg",
					"pivot": [1.9, 12, 0],
					"mirror": true,
					"cubes": [
						{"origin": [-0.1, 0.25, -2], "size": [4, 2.3, 4], "inflate": 0.55, "uv": [15, 2]},
						{"origin": [-0.6, 0, -6.5], "size": [5, 1, 4], "inflate": 0.01, "uv": [0, 0], "mirror": false}
					]
				},
				{
					"name": "rightLeg",
					"pivot": [-1.9, 12, 0],
					"mirror": true,
					"cubes": [
						{"origin": [-4.4, 0, -6.5], "size": [5, 1, 4], "uv": [0, 0]},
						{"origin": [-3.9, 0.25, -2], "size": [4, 2.3, 4], "inflate": 0.55, "uv": [15, 2], "mirror": false}
					]
				}
			]
		}
	]
}