{
	"format_version": "1.12.0",
	"minecraft:geometry": [
		{
			"description": {
				"identifier": "geometry.billeys_mobs.penguin_emperor",
				"texture_width": 64,
				"texture_height": 64,
				"visible_bounds_width": 3,
				"visible_bounds_height": 2.5,
				"visible_bounds_offset": [0, 0.75, 0]
			},
			"bones": [{
				"name": "ooo",
				"pivot": [
					0,
					0,
					0
				]
			},
			{
				"parent": "ooo",
					"name": "zero",
					"pivot": [0, 0, 0]
				},
				{
					"name": "body",
					"parent": "zero",
					"pivot": [0, 8.5, 0],
					"cubes": [
						{"origin": [-3.5, 2, -3], "size": [7, 13, 6], "uv": [0, 0]}
					]
				},
				{
					"name": "bowtie",
					"parent": "body",
					"pivot": [0, 13.5, -3]
				},
				{
					"name": "head",
					"parent": "body",
					"pivot": [0, 16, -1],
					"cubes": [
						{"origin": [-2, 15, -3], "size": [4, 4, 4], "uv": [0, 20]}
					]
				},
				{
					"name": "beak",
					"parent": "head",
					"pivot": [0, 17.5, -3],
					"cubes": [
						{"origin": [-0.5, 17.5, -6], "size": [1, 1, 3], "uv": [18, 21]}
					]
				},
				{
					"name": "jaw",
					"parent": "beak",
					"pivot": [0, 17.5, -3],
					"cubes": [
						{"origin": [-0.5, 16.5, -6], "size": [1, 1, 3], "uv": [27, 16]}
					]
				},
				{
					"name": "hat",
					"parent": "head",
					"pivot": [0, 19, -1]
				},
				{
					"name": "right_angry_eye",
					"parent": "head",
					"pivot": [0, 19, -1],
					"cubes": [
						{"origin": [-1, 16, -3], "size": [0, 3, 3], "inflate": -0.01, "uv": [58, -3], "mirror": true}
					]
				},
				{
					"name": "left_angry_eye",
					"parent": "head",
					"pivot": [1, 17.5, -1.5],
					"cubes": [
						{"origin": [1, 16, -3], "size": [0, 3, 3], "inflate": -0.01, "uv": [58, -3]}
					]
				},
				{
					"name": "left_wing",
					"parent": "body",
					"pivot": [3.5, 13, -0.5],
					"cubes": [
						{"origin": [3.5, 4, -2], "size": [1, 9, 3], "uv": [36, 0]}
					]
				},
				{
					"name": "right_wing",
					"parent": "body",
					"pivot": [-3.5, 13, -0.5],
					"cubes": [
						{"origin": [-4.5, 4, -2], "size": [1, 9, 3], "uv": [36, 0], "mirror": true}
					]
				},
				{
					"name": "left_leg",
					"parent": "body",
					"pivot": [2, 3, 0],
					"cubes": [
						{"origin": [1.5, 0, 0], "size": [1, 3, 0], "uv": [0, 0]},
						{"origin": [1, 1, -1], "size": [2, 2, 2], "uv": [27, 6]}
					]
				},
				{
					"name": "left_toes",
					"parent": "left_leg",
					"pivot": [2, 0, 0],
					"cubes": [
						{"origin": [0.5, 0, -3], "size": [3, 0, 3], "uv": [11, 20]}
					]
				},
				{
					"name": "right_leg",
					"parent": "body",
					"pivot": [-2, 3, 0],
					"cubes": [
						{"origin": [-2.5, 0, 0], "size": [1, 3, 0], "uv": [0, 0], "mirror": true},
						{"origin": [-3, 1, -1], "size": [2, 2, 2], "uv": [27, 6], "mirror": true}
					]
				},
				{
					"name": "right_toes",
					"parent": "right_leg",
					"pivot": [-2, 0, 0],
					"cubes": [
						{"origin": [-3.5, 0, -3], "size": [3, 0, 3], "uv": [11, 20], "mirror": true}
					]
				},
				{
					"name": "tail",
					"parent": "body",
					"pivot": [0, 3, 3],
					"rotation": [-22.5, 0, 0],
					"cubes": [
						{"origin": [-1.5, 2, 3], "size": [3, 1, 4], "uv": [21, 0]}
					]
				}
			]
		}
	]
}