{
	"format_version": "1.12.0",
	"minecraft:geometry": [
		{
			"description": {
				"identifier": "geometry.ppoop",
				"texture_width": 48,
				"texture_height": 16,
				"visible_bounds_width": 2,
				"visible_bounds_height": 1,
				"visible_bounds_offset": [0, 0.5, 0]
			},
			"bones": [{
				"name": "ooo",
				"pivot": [
					0,
					0,
					0
				]
			},
			{
				"parent": "ooo",
					"name": "body",
					"pivot": [0, 0, 0],
					"cubes": [
						{
							"origin": [-1.5, -0.8, -1.5],
							"size": [3, 4, 3],
							"inflate": -0.9,
							"uv": {
								"north": {"uv": [5, 7], "uv_size": [3, 4]},
								"east": {"uv": [2, 7], "uv_size": [3, 4]},
								"south": {"uv": [11, 7], "uv_size": [3, 4]},
								"west": {"uv": [8, 7], "uv_size": [3, 4]},
								"up": {"uv": [5, 4], "uv_size": [3, 3]},
								"down": {"uv": [11, 4], "uv_size": [-3, 3]}
							}
						}
					]
				},
				{
					"name": "body2",
					"pivot": [0, 0, 0],
					"cubes": [
						{
							"origin": [-2, 0, -2],
							"size": [4, 0, 4],
							"uv": {
								"north": {"uv": [32, 8], "uv_size": [4, 0]},
								"east": {"uv": [28, 8], "uv_size": [4, 0]},
								"south": {"uv": [40, 8], "uv_size": [4, 0]},
								"west": {"uv": [36, 8], "uv_size": [4, 0]},
								"up": {"uv": [32, 4], "uv_size": [4, 4]}
							}
						}
					]
				}
			]
		}
	]
}