{
	"format_version": "1.12.0",
	"minecraft:geometry": [
		{
			"description": {
				"identifier": "geometry.billeys_mobs.pigeon",
				"texture_width": 32,
				"texture_height": 32,
				"visible_bounds_width": 3,
				"visible_bounds_height": 2.5,
				"visible_bounds_offset": [0, 0.75, 0]
			},
			"bones": [
				{
					"name": "ooo",
					"pivot": [0, 0, 0]
				},
				{
					"name": "body_walking",
					"parent": "ooo",
					"pivot": [0, 3, 1]
				},
				{
					"name": "bodynolegs",
					"parent": "body_walking",
					"pivot": [0, 2, 0]
				},
				{
					"name": "body1",
					"parent": "bodynolegs",
					"pivot": [0, 5, 0],
					"rotation": [40, 0, 0],
					"cubes": [
						{"origin": [-2, 1, -2], "size": [4, 8, 4], "uv": [0, 0]}
					]
				},
				{
					"name": "wing1",
					"parent": "body1",
					"pivot": [2, 8, 1],
					"cubes": [
						{"origin": [2, 3, -1], "size": [1, 5, 3], "uv": [11, 15]}
					]
				},
				{
					"name": "wing0",
					"parent": "body1",
					"pivot": [-2, 8, 2],
					"cubes": [
						{"origin": [-3, 3, -1], "size": [1, 5, 3], "uv": [11, 15], "mirror": true}
					]
				},
				{
					"name": "tail",
					"parent": "body1",
					"pivot": [0, 2, 2],
					"rotation": [-17.5, 0, 0],
					"cubes": [
						{"origin": [-2, 1, 2], "size": [4, 1, 3], "inflate": 0.01, "uv": [0, 12]}
					]
				},
				{
					"name": "backpack",
					"parent": "body1",
					"pivot": [0, 5, 0],
					"cubes": [
						{"origin": [-2, 1, 0], "size": [4, 8, 2], "inflate": 0.02, "uv": [20, 22]}
					]
				},
				{
					"name": "sack",
					"parent": "backpack",
					"pivot": [0, 0, 0],
					"cubes": [
						{"origin": [-1, 3, 2], "size": [2, 5, 1], "uv": [1, 26]}
					]
				},
				{
					"name": "necc",
					"parent": "bodynolegs",
					"pivot": [0, 8, -3],
					"cubes": [
						{"origin": [-1.5, 7, -3.5], "size": [3, 2, 2], "uv": [12, 0]}
					],
					"locators": {
						"lead": [0, 9, -3.5]
					}
				},
				{
					"name": "head",
					"parent": "necc",
					"pivot": [0, 10, -2.5],
					"cubes": [
						{"origin": [-1.5, 9, -4.5], "size": [3, 3, 3], "inflate": 0.01, "uv": [13, 9], "mirror": true},
						{"origin": [-1.5, 9, -4.5], "size": [3, 3, 3], "inflate": -0.09, "uv": [20, 2]}
					],
					"locators": {
						"locator": [0, 13, -3]
					}
				},
				{
					"name": "nose",
					"parent": "head",
					"pivot": [0, 9.5, -4.5]
				},
				{
					"name": "bone",
					"parent": "nose",
					"pivot": [0, 9.5, -4.5],
					"cubes": [
						{
							"origin": [-0.5, 9.5, -6.5],
							"size": [1, 0.5, 2],
							"inflate": 0.01,
							"uv": {
								"north": {"uv": [2, 18], "uv_size": [1, 1]},
								"east": {"uv": [0, 18], "uv_size": [2, 1]},
								"south": {"uv": [5, 18], "uv_size": [1, 1]},
								"west": {"uv": [3, 18], "uv_size": [2, 1]},
								"up": {"uv": [2, 16], "uv_size": [1, 2]},
								"down": {"uv": [8, 18], "uv_size": [1, -2]}
							}
						}
					]
				},
				{
					"name": "bone2",
					"parent": "nose",
					"pivot": [0, 9.5, -4.5],
					"cubes": [
						{
							"origin": [-0.5, 9, -6.5],
							"size": [1, 0.5, 2],
							"uv": {
								"north": {"uv": [2, 18], "uv_size": [1, 1]},
								"east": {"uv": [0, 18], "uv_size": [2, 1]},
								"south": {"uv": [5, 18], "uv_size": [1, 1]},
								"west": {"uv": [3, 18], "uv_size": [2, 1]},
								"up": {"uv": [8, 16], "uv_size": [1, 2]},
								"down": {"uv": [3, 18], "uv_size": [1, -2]}
							}
						}
					]
				},
				{
					"name": "hat",
					"parent": "head",
					"pivot": [0, 12, -3]
				},
				{
					"name": "upper_eyelids",
					"parent": "head",
					"pivot": [0, 12, -2.9],
					"cubes": [
						{
							"origin": [-1.52, 11, -3.5],
							"size": [3.04, 1, 1],
							"uv": {
								"north": {"uv": [20, 12], "uv_size": [1, 1]},
								"east": {"uv": [14, 12], "uv_size": [1, 1]},
								"south": {"uv": [20, 12], "uv_size": [1, 1]},
								"west": {"uv": [20, 12], "uv_size": [1, 1]},
								"up": {"uv": [21, 13], "uv_size": [-1, -1]},
								"down": {"uv": [21, 13], "uv_size": [-1, -1]}
							}
						}
					]
				},
				{
					"name": "lower_eyelids",
					"parent": "head",
					"pivot": [0, 9, -2.9],
					"cubes": [
						{
							"origin": [-1.52, 9, -3.5],
							"size": [3.04, 1, 1],
							"uv": {
								"north": {"uv": [21, 14], "uv_size": [-1, 1]},
								"east": {"uv": [21, 14], "uv_size": [-1, 1]},
								"south": {"uv": [21, 14], "uv_size": [-1, 1]},
								"west": {"uv": [21, 14], "uv_size": [-1, 1]},
								"up": {"uv": [20, 15], "uv_size": [1, -1]},
								"down": {"uv": [20, 15], "uv_size": [1, -1]}
							}
						}
					]
				},
				{
					"name": "bowtie",
					"parent": "necc",
					"pivot": [0, 8, -3.5]
				},
				{
					"name": "leg0",
					"parent": "body_walking",
					"pivot": [-1.5, 2, 0],
					"cubes": [
						{"origin": [-2, 0, 0], "size": [1, 2, 0], "uv": [0, 1], "mirror": true}
					]
				},
				{
					"name": "foot0",
					"parent": "leg0",
					"pivot": [-1.5, 0, 0],
					"cubes": [
						{"origin": [-3, 0, -2], "size": [3, 0, 2], "uv": [14, 4], "mirror": true}
					]
				},
				{
					"name": "leg1",
					"parent": "body_walking",
					"pivot": [1.5, 2, 0],
					"cubes": [
						{"origin": [1, 0, 0], "size": [1, 2, 0], "uv": [0, 1]}
					]
				},
				{
					"name": "foot1",
					"parent": "leg1",
					"pivot": [1.5, 0, 0],
					"cubes": [
						{"origin": [0, 0, -2], "size": [3, 0, 2], "uv": [14, 4]}
					]
				}
			]
		}
	]
}