{
	"format_version": "1.12.0",
	"minecraft:geometry": [
		{
			"description": {
				"identifier": "geometry.billeys_mobs.piranhashooter",
				"texture_width": 64,
				"texture_height": 64,
				"visible_bounds_width": 3,
				"visible_bounds_height": 3,
				"visible_bounds_offset": [0, 0.5, 0]
			},
			"bones": [
				{
					"name": "rightItem",
					"pivot": [0, 0.5, 2]
				},
				{
					"name": "piranha_launcher",
					"parent": "rightItem",
					"pivot": [0, -1.5, 1],
					"rotation": [90, 0, 0],
					"cubes": [
						{"origin": [-0.5, -2, -1], "size": [1, 2, 1], "uv": [7, 54]},
						{"origin": [-3, 0, -6], "size": [6, 6, 12], "uv": [0, 46]},
						{"origin": [0, 1, 3], "size": [0, 4, 3], "pivot": [0, 4, 6], "rotation": [-172.85783, -19.91082, -178.61866], "uv": [0, 7]},
						{"origin": [0, 6, -4], "size": [0, 3, 3], "inflate": 0.01, "pivot": [0, 6, -1], "rotation": [-142.5, 0, -157.5], "uv": [23, 5]},
						{"origin": [-4, 1, -1], "size": [3, 0, 2], "pivot": [-3, 1, 0], "rotation": [-180, 0, 120], "uv": [8, 0], "mirror": true},
						{"origin": [1, 1, -1], "size": [3, 0, 2], "pivot": [3, 1, 0], "rotation": [-180, 0, -120], "uv": [8, 0]},
						{"origin": [-0.5, -4, 1], "size": [1, 4, 2], "pivot": [0, 0, 3], "rotation": [-12.5, 0, 0], "uv": [1, 48]}
					]
				},
				{
					"name": "piranha_launcher_piranha",
					"parent": "piranha_launcher",
					"pivot": [0, 3.13718, -3.32591],
					"cubes": [
						{"origin": [0.39273, 2.75442, -4], "size": [3, 0, 2], "pivot": [0.39273, 1.75442, -4], "rotation": [180, 0, 145], "uv": [8, 0], "mirror": true},
						{"origin": [-3.39273, 2.75442, -4], "size": [3, 0, 2], "pivot": [-0.39273, 1.75442, -4], "rotation": [-180, 0, -145], "uv": [8, 0]},
						{"origin": [-1, 1.62842, -0.02567], "size": [2, 1, 1], "inflate": 0.01, "pivot": [0, 0.60842, -4.02567], "rotation": [-172.5, 0, 180], "uv": [0, 0]},
						{"origin": [-1, 0.60842, -1.02567], "size": [2, 1.01, 2], "pivot": [0, 0.60842, -4.02567], "rotation": [-172.5, 0, 180], "uv": [10, 11]},
						{"origin": [-1, 3.61711, -5.29289], "size": [2, 2.1, 2.125], "pivot": [0, 5.01, -6], "rotation": [135, 0, 180], "uv": [10, 2]},
						{"origin": [0, 1, -10], "size": [0, 4, 2], "pivot": [0, 1, -4], "rotation": [-180, 0, 180], "uv": [1, 8]},
						{"origin": [-0.5, 2, -8], "size": [1, 2, 2], "pivot": [0, 1, -4], "rotation": [-180, 0, 180], "uv": [4, 13]},
						{"origin": [-1, 1.7127, -4.15661], "size": [0, 3, 3], "inflate": 0.01, "pivot": [-0.5, 2.25, -2], "rotation": [37.5, 0, 180], "uv": [24, 9]},
						{"origin": [0, 3.69869, -7.82394], "size": [0, 3, 3], "inflate": 0.01, "pivot": [0, 4.00914, -4.82896], "rotation": [-147.5, 0, 180], "uv": [23, 5]},
						{"origin": [-1, 1, -7], "size": [2, 4, 6], "inflate": 0.01, "pivot": [0, 1, -4], "rotation": [-180, 0, 180], "uv": [0, 0]}
					]
				}
			]
		}
	]
}