{
	"format_version": "1.12.0",
	"minecraft:geometry": [
		{
			"description": {
				"identifier": "geometry.billeys_mobs.piranha",
				"texture_width": 32,
				"texture_height": 32,
				"visible_bounds_width": 3,
				"visible_bounds_height": 3,
				"visible_bounds_offset": [0, 0.5, 0]
			},
			"bones": [
				{
					"name": "ooo",
					"pivot": [0, 0, 0]
				},
				{
					"name": "look",
					"parent": "ooo",
					"pivot": [0, 2, 0]
				},
				{
					"name": "body",
					"parent": "look",
					"pivot": [0, 2, 0],
					"rotation": [0, 180, 0],
					"cubes": [
						{"origin": [-1, 0, -3], "size": [2, 4, 6], "uv": [0, 0]},
						{"origin": [0, 3.69869, -2.16602], "size": [0, 3, 3], "inflate": 0.01, "pivot": [0, 4.00914, 0.82896], "rotation": [32.5, 0, 0], "uv": [23, 5]},
						{"origin": [0, 0.2127, -4.15661], "size": [0, 3, 3], "inflate": 0.01, "pivot": [0.5, 0.75, -2], "rotation": [-142.5, 0, 0], "uv": [24, 9]}
					],
					"locators": {
						"lead": [0.5, 1, -1]
					}
				},
				{
					"name": "body2",
					"parent": "body",
					"pivot": [0.5, 2, -3]
				},
				{
					"name": "tail",
					"parent": "body2",
					"pivot": [0, 2, -3],
					"cubes": [
						{"origin": [-0.5, 1, -4], "size": [1, 2, 2], "uv": [4, 13]}
					]
				},
				{
					"name": "tail1",
					"parent": "tail",
					"pivot": [0.5, 2, -4],
					"cubes": [
						{"origin": [0, 0, -6], "size": [0, 4, 2], "uv": [1, 8]}
					]
				},
				{
					"name": "xd",
					"parent": "body",
					"pivot": [0, 2, 2],
					"cubes": [
						{"origin": [-1, 2.61711, 2.70711], "size": [2, 2.1, 2.125], "inflate": -0.01, "pivot": [0, 4.01, 2], "rotation": [-45, 0, 0], "uv": [10, 2]}
					]
				},
				{
					"name": "jaw",
					"parent": "xd",
					"pivot": [0, 0, 3],
					"rotation": [7.5, 0, 0],
					"cubes": [
						{"origin": [-1, 0, 3], "size": [2, 1.01, 2], "inflate": -0.01, "uv": [10, 11]},
						{"origin": [-1, 1.02, 4], "size": [2, 1, 1], "inflate": 0.01, "uv": [0, 0]}
					]
				},
				{
					"name": "bowtie",
					"parent": "xd",
					"pivot": [0, 2.5, 4.475]
				},
				{
					"name": "left_fin",
					"parent": "body",
					"pivot": [-1, 1, 1],
					"rotation": [0, 0, -35],
					"cubes": [
						{"origin": [-3, 1, 0], "size": [3, 0, 2], "uv": [8, 0]}
					]
				},
				{
					"name": "right_fin",
					"parent": "body",
					"pivot": [1, 1, 1],
					"rotation": [0, 0, 35],
					"cubes": [
						{"origin": [0, 1, 0], "size": [3, 0, 2], "uv": [8, 0], "mirror": true}
					]
				},
				{
					"name": "eyes",
					"parent": "body",
					"pivot": [0.5, 0, 0]
				},
				{
					"name": "hat",
					"parent": "body",
					"pivot": [0, 4, 2],
					"rotation": [0, 180, 0]
				}
			]
		}
	]
}