{
	"format_version": "1.8.0",
	"geometry.billeys_mobs.pizzafish": {
		"texturewidth": 32,
		"textureheight": 32,
		"visible_bounds_width": 3,
		"visible_bounds_height": 2,
		"visible_bounds_offset": [0, 1, 0],
		"bones": [{
			"name": "ooo",
			"pivot": [
				0,
				0,
				0
			]
		},
		{
			"parent": "ooo",
				"name": "body",
				"pivot": [0, 4, 0]
			},
			{
				"name": "body2",
				"parent": "body",
				"pivot": [0, 4, -2],
				"cubes": [
					{"origin": [-0.5, 0, -5], "size": [1, 4, 3], "uv": [9, 5]}
				]
			},
			{
				"name": "bowtie",
				"parent": "body2",
				"pivot": [0, 1.5, -5]
			},
			{
				"name": "fin1",
				"parent": "body2",
				"pivot": [-0.5, 0, -2.35],
				"rotation": [0, 10, -25],
				"cubes": [
					{"origin": [-2.5, 0, -3], "size": [3, 0, 1], "uv": [17, 8], "mirror": true}
				]
			},
			{
				"name": "fin0",
				"parent": "body2",
				"pivot": [0.5, 0, -2.35],
				"rotation": [0, -10, 25],
				"cubes": [
					{"origin": [-0.5, 0, -3], "size": [3, 0, 1], "uv": [17, 8]}
				]
			},
			{
				"name": "piece1",
				"parent": "body2",
				"pivot": [0, 0, 0],
				"cubes": [
					{"origin": [-0.5, 4, -5], "size": [1, 4, 3], "uv": [0, 0]}
				]
			},
			{
				"name": "hat",
				"parent": "body2",
				"pivot": [0, 8, -3.5]
			},
			{
				"name": "tail",
				"parent": "body",
				"pivot": [0, 4, 4]
			},
			{
				"name": "piece2_tail",
				"parent": "tail",
				"pivot": [0, 0, 0],
				"cubes": [
					{"origin": [0, 0.5, 4], "size": [0, 4, 4], "uv": [15, -1]}
				]
			},
			{
				"name": "piece3_tail",
				"parent": "tail",
				"pivot": [0, 4, 4],
				"cubes": [
					{"origin": [0, 4.5, 4], "size": [0, 3, 4], "uv": [15, -4]}
				]
			},
			{
				"name": "piece3_main",
				"parent": "body",
				"pivot": [0, 0, 0],
				"cubes": [
					{"origin": [-0.5, 4, 1], "size": [1, 4, 3], "uv": [0, 8]}
				]
			},
			{
				"name": "piece4_main",
				"parent": "body",
				"pivot": [0, 0, 0],
				"cubes": [
					{"origin": [-0.5, 4, -2], "size": [1, 4, 3], "uv": [24, 0]}
				]
			},
			{
				"name": "piece4_fin",
				"parent": "body",
				"pivot": [0, 8, -2],
				"rotation": [-35, 0, 0],
				"cubes": [
					{"origin": [0, 8, -2], "size": [0, 4, 3], "uv": [9, -3]}
				]
			},
			{
				"name": "piece2_main",
				"parent": "body",
				"pivot": [0, 0, 0],
				"cubes": [
					{"origin": [-0.5, 0, 1], "size": [1, 4, 3], "uv": [24, 8]}
				]
			},
			{
				"name": "piece5",
				"parent": "body",
				"pivot": [0, 0, 0],
				"cubes": [
					{"origin": [-0.5, 0, -2], "size": [1, 4, 3], "uv": [15, 10]}
				]
			}
		]
	}
}