{
	"format_version": "1.12.0",
	"minecraft:geometry": [
		{
			"description": {
				"identifier": "geometry.billeys_mobs.pygmy_dunkleosteus",
				"texture_width": 64,
				"texture_height": 64,
				"visible_bounds_width": 3,
				"visible_bounds_height": 2.5,
				"visible_bounds_offset": [0, 0.75, 0]
			},
			"bones": [
				{
					"name": "ooo",
					"pivot": [0, 0, 0]
				},
				{
					"name": "body",
					"parent": "ooo",
					"pivot": [0, 3, 0],
					"cubes": [
						{"origin": [-3.5, 0, -4], "size": [7, 6, 8], "uv": [20, 0]},
						{"origin": [0, 6, 0], "size": [0, 3, 4], "inflate": 0.01, "uv": [8, 36]},
						{"origin": [1.5, -4, 2], "size": [0, 5, 3], "inflate": 0.01, "uv": [20, 11]},
						{"origin": [-1.5, -4, 2], "size": [0, 5, 3], "inflate": 0.01, "uv": [20, 11]}
					]
				},
				{
					"name": "head",
					"parent": "body",
					"pivot": [0, 4, -4],
					"cubes": [
						{"origin": [-3, 5, -8], "size": [6, 3, 5], "uv": [0, 0]},
						{"origin": [-2.5, 2, -7.5], "size": [5, 3, 5], "uv": [20, 21]}
					]
				},
				{
					"name": "hat",
					"parent": "head",
					"pivot": [0, 8, -5.5]
				},
				{
					"name": "jaw",
					"parent": "head",
					"pivot": [0, 2, -3.5],
					"cubes": [
						{"origin": [-2.5, 2, -7.5], "size": [5, 1, 6], "uv": [20, 14]}
					]
				},
				{
					"name": "tail",
					"parent": "body",
					"pivot": [0, 4.75, 3.5],
					"cubes": [
						{"origin": [-1.5, 3.25, 3], "size": [3, 3, 4], "uv": [28, 29]}
					]
				},
				{
					"name": "small_tail_fin",
					"parent": "tail",
					"pivot": [0, 4.75, 6],
					"cubes": [
						{
							"origin": [0, -1, 5],
							"size": [0, 12, 4],
							"uv": {
								"north": {"uv": [24, 29], "uv_size": [0, 12]},
								"south": {"uv": [28, 29], "uv_size": [0, 12]},
								"west": {"uv": [24, 29], "uv_size": [4, 12]},
								"up": {"uv": [24, 25], "uv_size": [0, 4]},
								"down": {"uv": [24, 29], "uv_size": [0, -4]}
							}
						}
					]
				},
				{
					"name": "big_tail_fin",
					"parent": "tail",
					"pivot": [0, 4.75, 3.5]
				},
				{
					"name": "big_tail_fin_left",
					"parent": "big_tail_fin",
					"pivot": [0, 5, 5],
					"cubes": [
						{"origin": [0, -2, 5], "size": [0, 14, 9], "inflate": 0.01, "pivot": [0, 5, 5], "rotation": [0, 25, 0], "uv": [1, 15]}
					]
				},
				{
					"name": "big_tail_fin_right",
					"parent": "big_tail_fin",
					"pivot": [0, 5, 5],
					"cubes": [
						{"origin": [0, -2, 5], "size": [0, 14, 9], "inflate": 0.01, "pivot": [0, 5, 5], "rotation": [0, -25, 0], "uv": [1, 15], "mirror": true}
					]
				},
				{
					"name": "left_fin",
					"parent": "body",
					"pivot": [3.5, 1, -3],
					"rotation": [25, 0, -15],
					"cubes": [
						{"origin": [3.5, -5, -4], "size": [0, 6, 4], "inflate": 0.01, "uv": [28, 32]}
					]
				},
				{
					"name": "right_fin",
					"parent": "body",
					"pivot": [-3.5, 1, -3],
					"rotation": [25, 0, 15],
					"cubes": [
						{"origin": [-3.5, -5, -4], "size": [0, 6, 4], "inflate": 0.01, "uv": [28, 32], "mirror": true}
					]
				}
			]
		}
	]
}