{
	"format_version": "1.12.0",
	"minecraft:geometry": [
		{
			"description": {
				"identifier": "geometry.billeys_mobs.rat",
				"texture_width": 64,
				"texture_height": 64,
				"visible_bounds_width": 4,
				"visible_bounds_height": 3,
				"visible_bounds_offset": [0, 0.5, 0]
			},
			"bones": [
				{
					"name": "ooo",
					"pivot": [0, 0, 0]
				},
				{
					"name": "death",
					"parent": "ooo",
					"pivot": [0, 0, 0]
				},
				{
					"name": "body",
					"parent": "death",
					"pivot": [0, 3.5, -0.5]
				},
				{
					"name": "leftbackleg",
					"parent": "body",
					"pivot": [-2, 3, 4.5],
					"cubes": [
						{"origin": [-3, 1, 3.5], "size": [2, 3, 3], "uv": [0, 0], "mirror": true}
					]
				},
				{
					"name": "leftbackleg2",
					"parent": "leftbackleg",
					"pivot": [-2, 1, 6.5],
					"cubes": [
						{"origin": [-3, 0, 6.5], "size": [2, 1, 0], "uv": [7, 7], "mirror": true}
					]
				},
				{
					"name": "leftfoot",
					"parent": "leftbackleg2",
					"pivot": [-2, 0, 6.5],
					"cubes": [
						{"origin": [-3, 0, 4.5], "size": [2, 0, 2], "uv": [0, 7], "mirror": true}
					]
				},
				{
					"name": "rightbackleg",
					"parent": "body",
					"pivot": [2, 3, 4.5],
					"cubes": [
						{"origin": [1, 1, 3.5], "size": [2, 3, 3], "uv": [0, 0]}
					]
				},
				{
					"name": "rightbackleg2",
					"parent": "rightbackleg",
					"pivot": [2, 1, 6.5],
					"cubes": [
						{"origin": [1, 0, 6.5], "size": [2, 1, 0], "uv": [7, 7]}
					]
				},
				{
					"name": "rightfoot",
					"parent": "rightbackleg2",
					"pivot": [2, 0, 6.5],
					"cubes": [
						{"origin": [1, 0, 4.5], "size": [2, 0, 2], "uv": [0, 7]}
					]
				},
				{
					"name": "bodynolegs",
					"parent": "body",
					"pivot": [0, 2.5, 5],
					"cubes": [
						{"origin": [-2.5, 1, 0.5], "size": [5, 5, 7], "uv": [0, 14]}
					]
				},
				{
					"name": "frontbody",
					"parent": "bodynolegs",
					"pivot": [0, 3.5, 0.5],
					"cubes": [
						{"origin": [-2, 1.5, -2.5], "size": [4, 4, 4], "uv": [15, 0]}
					],
					"locators": {
						"lead": [0, 2, -2.5]
					}
				},
				{
					"name": "bowtie",
					"parent": "frontbody",
					"pivot": [0, 1.5, -2.5],
					"rotation": [90, 0, 0]
				},
				{
					"name": "rightflap",
					"parent": "frontbody",
					"pivot": [1.5, 1.5, -0.5]
				},
				{
					"name": "frontrightpaw",
					"parent": "rightflap",
					"pivot": [1.5, 1.5, -0.5],
					"rotation": [-15, 0, 0],
					"cubes": [
						{"origin": [1, -1.5, -0.5], "size": [1, 3, 0], "pivot": [1, 1.5, -0.5], "rotation": [-45, 0, 0], "uv": [0, 14]}
					]
				},
				{
					"name": "leftflap",
					"parent": "frontbody",
					"pivot": [-1.5, 1.5, -0.5]
				},
				{
					"name": "frontleftpaw",
					"parent": "leftflap",
					"pivot": [-1.5, 1.5, -0.5],
					"rotation": [-15, 0, 0],
					"cubes": [
						{"origin": [-2, -1.5, -0.5], "size": [1, 3, 0], "pivot": [-1, 1.5, -0.5], "rotation": [-45, 0, 0], "uv": [0, 14], "mirror": true}
					]
				},
				{
					"name": "head",
					"parent": "frontbody",
					"pivot": [0, 3.5, -3.5],
					"cubes": [
						{"origin": [-2, 2, -5.5], "size": [4, 3, 3], "inflate": 0.01, "uv": [18, 14]}
					]
				},
				{
					"name": "rightear",
					"parent": "head",
					"pivot": [-1, 4, -3],
					"cubes": [
						{"origin": [-3, 4, -3], "size": [2, 2, 0], "uv": [15, 9]}
					]
				},
				{
					"name": "leftear",
					"parent": "head",
					"pivot": [1, 4, -3],
					"cubes": [
						{"origin": [1, 4, -3], "size": [2, 2, 0], "uv": [15, 9], "mirror": true}
					]
				},
				{
					"name": "snout",
					"parent": "head",
					"pivot": [0, 3, -5.5],
					"cubes": [
						{"origin": [-1.5, 2, -8], "size": [3, 2, 3], "uv": [22, 25]},
						{"origin": [-3.5, 1.5, -7], "size": [7, 3, 0], "uv": [25, 21]}
					]
				},
				{
					"name": "hat",
					"parent": "head",
					"pivot": [0, 5, -4]
				},
				{
					"name": "tail",
					"parent": "bodynolegs",
					"pivot": [0, 3.5, 7.5],
					"cubes": [
						{"origin": [-0.5, 3, 6.5], "size": [1, 1, 12], "pivot": [0, 3.5, 7.5], "rotation": [-16, 0, 0], "uv": [0, 0]}
					]
				}
			]
		}
	]
}