{
	"format_version": "1.12.0",
	"minecraft:geometry": [
		{
			"description": {
				"identifier": "geometry.billeys_mobs.sardine",
				"texture_width": 16,
				"texture_height": 16,
				"visible_bounds_width": 2,
				"visible_bounds_height": 1.5,
				"visible_bounds_offset": [0, 0.25, 0]
			},
			"bones": [{
				"name": "ooo",
				"pivot": [
					0,
					0,
					0
				]
			},
			{
				"parent": "ooo",
					"name": "bone",
					"pivot": [0, 1.5, 0],
					"cubes": [
						{"origin": [-0.5, 0, -3], "size": [1, 2, 6], "uv": [0, 0]}
					]
				},
				{
					"name": "bone2",
					"parent": "bone",
					"pivot": [0, 2, -0.25],
					"rotation": [-25, 0, 0],
					"cubes": [
						{"origin": [0, 1.5, -0.75], "size": [0, 2, 2], "uv": [10, 4]}
					]
				},
				{
					"name": "sardineswerescrapped",
					"pivot": [0, 0, 0]
				},
				{
					"name": "andIJustMadeBettas",
					"parent": "sardineswerescrapped",
					"pivot": [0, 0, 0]
				},
				{
					"name": "CookableInstead",
					"parent": "andIJustMadeBettas",
					"pivot": [0, 0, 0]
				},
				{
					"name": "itWasHardToModel",
					"parent": "CookableInstead",
					"pivot": [0, 0, 0]
				},
				{
					"name": "aSardine",
					"parent": "itWasHardToModel",
					"pivot": [0, 0, 0]
				},
				{
					"name": "WithoutItLooking",
					"parent": "aSardine",
					"pivot": [0, 0, 0]
				},
				{
					"name": "LikeABettaFish",
					"parent": "WithoutItLooking",
					"pivot": [0, 0, 0]
				},
				{
					"name": "theyWouldveAlsoLooked",
					"pivot": [0, 0, 0]
				},
				{
					"name": "QuiteBoring",
					"parent": "theyWouldveAlsoLooked",
					"pivot": [0, 0, 0]
				}
			]
		}
	]
}