{
	"format_version": "1.12.0",
	"minecraft:geometry": [
		{
			"description": {
				"identifier": "geometry.billeys_mobs.scat",
				"texture_width": 64,
				"texture_height": 64,
				"visible_bounds_width": 4,
				"visible_bounds_height": 3,
				"visible_bounds_offset": [0, 0.5, 0]
			},
			"bones": [{
				"name": "ooo",
				"pivot": [
					0,
					0,
					0
				]
			},
			{
				"parent": "ooo",
					"name": "bone",
					"pivot": [0, 7, -7]
				},
				{
					"name": "body",
					"parent": "bone",
					"pivot": [0, 7, 1]
				},
				{
					"name": "bodynohead",
					"parent": "body",
					"pivot": [0, 7, 1],
					"locators": {
						"lead": [0, 8.5, -7]
					}
				},
				{
					"name": "frontLegR",
					"parent": "bodynohead",
					"pivot": [-1.2, 7.4, -4],
					"cubes": [
						{"origin": [-2.2, 1.7, -5], "size": [2, 6, 2], "inflate": -0.3, "uv": [20, 2], "mirror": true}
					]
				},
				{
					"name": "bone1",
					"parent": "frontLegR",
					"pivot": [-1.2, 2, -4.7],
					"cubes": [
						{"origin": [-2.2, -0.3, -5], "size": [2, 2.6, 2], "inflate": -0.3, "uv": [20, 7], "mirror": true}
					]
				},
				{
					"name": "frontLegL",
					"parent": "bodynohead",
					"pivot": [1.2, 7.4, -4],
					"cubes": [
						{"origin": [0.2, 1.7, -5], "size": [2, 6, 2], "inflate": -0.3, "uv": [20, 2]}
					]
				},
				{
					"name": "bone0",
					"parent": "frontLegL",
					"pivot": [1.2, 2, -4.7],
					"cubes": [
						{"origin": [0.2, -0.3, -5], "size": [2, 2.6, 2], "inflate": -0.3, "uv": [20, 7]}
					]
				},
				{
					"name": "backLegR",
					"parent": "bodynohead",
					"pivot": [-1.1, 5.4, 7],
					"cubes": [
						{"origin": [-2.1, 1.5, 6], "size": [2, 4.2, 2], "inflate": -0.3, "uv": [0, 22]}
					]
				},
				{
					"name": "bone3",
					"parent": "backLegR",
					"pivot": [-1.1, 1.8, 6.3],
					"cubes": [
						{"origin": [-2.1, -0.3, 6], "size": [2, 2.4, 2], "inflate": -0.3, "uv": [0, 24], "mirror": true}
					]
				},
				{
					"name": "backLegL",
					"parent": "bodynohead",
					"pivot": [1.1, 5.4, 7],
					"cubes": [
						{"origin": [0.1, 1.5, 6], "size": [2, 4.2, 2], "inflate": -0.3, "uv": [0, 22], "mirror": true}
					]
				},
				{
					"name": "bone2",
					"parent": "backLegL",
					"pivot": [1.1, 1.8, 6.3],
					"cubes": [
						{"origin": [0.1, -0.3, 6], "size": [2, 2.4, 2], "inflate": -0.3, "uv": [0, 24], "mirror": true}
					]
				},
				{
					"name": "tail4",
					"parent": "bodynohead",
					"pivot": [0, 9, 8],
					"rotation": [90, 0, 0]
				},
				{
					"name": "tailboneskecat",
					"parent": "tail4",
					"pivot": [0, 9, 8],
					"cubes": [
						{"origin": [-0.5, 1, 8], "size": [1, 8, 1], "inflate": -0.2, "uv": [8, 22]}
					]
				},
				{
					"name": "bodyxd",
					"parent": "bodynohead",
					"pivot": [0, 7, 1],
					"cubes": [
						{"origin": [-2, -1, -2], "size": [4, 16, 6], "pivot": [0, 7, 1], "rotation": [90, 0, 0], "uv": [0, 0]}
					]
				},
				{
					"name": "bowtie",
					"parent": "bodyxd",
					"pivot": [0, 5, -7]
				},
				{
					"name": "head",
					"parent": "bodynohead",
					"pivot": [0, 9, -9],
					"cubes": [
						{"origin": [-2.5, 7, -12], "size": [5, 4, 5], "uv": [15, 17]},
						{"origin": [-1.5, 7.01562, -13], "size": [3, 2, 2], "uv": [20, 12]},
						{"origin": [-2, 11, -9], "size": [1, 1, 2], "uv": [0, 3]},
						{"origin": [1, 11, -9], "size": [1, 1, 2], "uv": [0, 0]}
					]
				},
				{
					"name": "zzzzzzzzzz",
					"parent": "head",
					"pivot": [0, 0, 0]
				},
				{
					"name": "hat",
					"parent": "head",
					"pivot": [0, 11, -9.5]
				}
			]
		}
	]
}