{
	"format_version": "1.12.0",
	"minecraft:geometry": [
		{
			"description": {
				"identifier": "geometry.billeys_mobs.shark_armor",
				"texture_width": 64,
				"texture_height": 64,
				"visible_bounds_width": 10,
				"visible_bounds_height": 3,
				"visible_bounds_offset": [0, 1.5, 0]
			},
			"bones": [
				{
					"name": "leftArm",
					"pivot": [5, 22, 0],
					"mirror": true,
					"cubes": [
						{"origin": [4, 19, -2], "size": [4, 5, 4], "inflate": 0.28, "uv": [38, 18]}
					]
				},
				{
					"name": "rightArm",
					"pivot": [-5, 22, 0],
					"cubes": [
						{"origin": [-8, 19, -2], "size": [4, 5, 4], "inflate": 0.28, "uv": [38, 18]}
					]
				},
				{
					"name": "leftLeg",
					"pivot": [1.9, 12, 0],
					"mirror": true,
					"cubes": [
						{"origin": [-0.1, 4, -2], "size": [4, 8, 4], "inflate": 0.26, "uv": [25, 31]},
						{"origin": [-0.1, 0, -2], "size": [4, 4, 4], "inflate": 0.55, "uv": [33, 0]}
					]
				},
				{
					"name": "rightLeg",
					"pivot": [-1.9, 12, 0],
					"cubes": [
						{"origin": [-3.9, 4, -2], "size": [4, 8, 4], "inflate": 0.26, "uv": [25, 31]},
						{"origin": [-3.9, 0, -2], "size": [4, 4, 4], "inflate": 0.55, "uv": [33, 0]}
					]
				},
				{
					"name": "head",
					"pivot": [0, 24, 0]
				},
				{
					"name": "shark_helmet_head",
					"parent": "head",
					"pivot": [0, 27, 3],
					"cubes": [
						{"origin": [-5, 27, -9], "size": [10, 5, 12], "inflate": 0.01, "uv": [0, 0]}
					]
				},
				{
					"name": "shark_helmet_jaw",
					"parent": "shark_helmet_head",
					"pivot": [0, 27, 2],
					"cubes": [
						{"origin": [-4, 24, -6], "size": [8, 3, 9], "inflate": 0.01, "uv": [0, 18]}
					]
				},
				{
					"name": "shark_helmet_string",
					"parent": "head",
					"pivot": [0, 27.5, 4],
					"cubes": [
						{"origin": [-4, 27, 3], "size": [8, 1, 1], "inflate": 0.01, "uv": [33, 9]}
					]
				},
				{
					"name": "body",
					"pivot": [0, 24, 0],
					"cubes": [
						{"origin": [-4, 12, -2], "size": [8, 12, 4], "inflate": 0.27, "uv": [0, 31]}
					]
				},
				{
					"name": "shark_chestplate_back_fin",
					"parent": "body",
					"pivot": [0, 15, 6],
					"rotation": [57.5, 0, 0],
					"cubes": [
						{"origin": [-0.5, 16, 6], "size": [1, 8, 3], "pivot": [0, 19.5, 8], "rotation": [180, 0, -180], "uv": [43, 36]}
					]
				},
				{
					"name": "shark_chestplate_tail",
					"parent": "body",
					"pivot": [0, 15.9, 2.25],
					"rotation": [-22.5, 0, 0],
					"cubes": [
						{"origin": [-1.5, 12.9, 1], "size": [3, 3, 9], "uv": [25, 44]}
					]
				},
				{
					"name": "shark_chestplate_tail_fin",
					"parent": "shark_chestplate_tail",
					"pivot": [0.5, 13.9, 9],
					"cubes": [
						{"origin": [-0.5, 9.9, 9], "size": [1, 9, 3], "pivot": [0.5, 13.9, 10], "rotation": [-10, 0, 0], "uv": [52, 0]}
					]
				}
			]
		}
	]
}