{
	"format_version": "1.12.0",
	"minecraft:geometry": [
		{
			"description": {
				"identifier": "geometry.billeys_mobs.shark_armor_helmet",
				"texture_width": 64,
				"texture_height": 64,
				"visible_bounds_width": 10,
				"visible_bounds_height": 3,
				"visible_bounds_offset": [0, 1.5, 0]
			},
			"bones": [
				{
					"name": "head",
					"pivot": [0, 24, 0]
				},
				{
					"name": "shark_helmet_head",
					"parent": "head",
					"pivot": [0, 27, 3],
					"cubes": [
						{"origin": [-5, 27, -9], "size": [10, 5, 12], "inflate": 0.01, "uv": [0, 0]}
					]
				},
				{
					"name": "shark_helmet_jaw",
					"parent": "shark_helmet_head",
					"pivot": [0, 27, 2],
					"cubes": [
						{"origin": [-4, 24, -6], "size": [8, 3, 9], "inflate": 0.01, "uv": [0, 18]}
					]
				},
				{
					"name": "shark_helmet_string",
					"parent": "head",
					"pivot": [0, 27.5, 4],
					"cubes": [
						{"origin": [-4, 27, 3], "size": [8, 1, 1], "inflate": 0.01, "uv": [33, 9]}
					]
				}
			]
		}
	]
}