{
	"format_version": "1.12.0",
	"minecraft:geometry": [
		{
			"description": {
				"identifier": "geometry.billeys_mobs.slimewyvern",
				"texture_width": 128,
				"texture_height": 128,
				"visible_bounds_width": 14,
				"visible_bounds_height": 5,
				"visible_bounds_offset": [0, 1.5, 0]
			},
			"bones": [
				{
					"name": "ooo",
					"pivot": [0, 0, 0]
				},
				{
					"name": "whole",
					"parent": "ooo",
					"pivot": [0, 9, 0]
				},
				{
					"name": "Body",
					"parent": "whole",
					"pivot": [0, 8.5, 0],
					"cubes": [
						{"origin": [-3.5, 6, -5.5], "size": [7, 5, 11], "uv": [0, 20]}
					]
				},
				{
					"name": "Neck",
					"parent": "Body",
					"pivot": [0, 8, -3.5],
					"rotation": [-77.5, 0, 0],
					"cubes": [
						{"origin": [-1.5, 5.75, -11], "size": [3, 4, 8], "uv": [42, 0]}
					],
					"locators": {
						"lead": [0, 6, -5]
					}
				},
				{
					"name": "Head",
					"parent": "Neck",
					"pivot": [0, 7.75, -10],
					"rotation": [82.5, 0, 0],
					"cubes": [
						{"origin": [-2, 6.75, -16], "size": [4, 3, 7], "uv": [106, 0]},
						{"origin": [-2.25, 7.75, -9], "size": [2, 2, 5], "pivot": [-1, 8.75, -9], "rotation": [27.83527, -17.21423, -1.20821], "uv": [16, 54], "mirror": true},
						{"origin": [0.03823, 7.1137, -8.10551], "size": [2, 2, 5], "pivot": [-1.21177, 7.8637, -9.35551], "rotation": [27.83527, 17.2142, -1.20821], "uv": [16, 54]}
					]
				},
				{
					"name": "Jaw",
					"parent": "Head",
					"pivot": [0.5, 6.75, -9],
					"cubes": [
						{"origin": [-2, 5.75, -16], "size": [4, 1, 7], "uv": [42, 12]},
						{"origin": [-0.5, 7.25, -11], "size": [1, 1, 1], "uv": [6, 0]}
					]
				},
				{
					"name": "hat",
					"parent": "Head",
					"pivot": [0, 9.75, -12]
				},
				{
					"name": "bowtie",
					"parent": "Neck",
					"pivot": [0, 5.75, -5],
					"rotation": [90, 0, 0]
				},
				{
					"name": "Tail_Base",
					"parent": "Body",
					"pivot": [0, 8.5, 5.5],
					"cubes": [
						{"origin": [-1, 7, 3.5], "size": [2, 3, 9], "uv": [0, 38]}
					]
				},
				{
					"name": "Tail_Shaft",
					"parent": "Tail_Base",
					"pivot": [0, 9, 11.5],
					"cubes": [
						{"origin": [0, 8, 12.5], "size": [0, 2, 14], "uv": [0, 22]}
					]
				},
				{
					"name": "Tail_Tip",
					"parent": "Tail_Shaft",
					"pivot": [0, 9.5, 26],
					"cubes": [
						{"origin": [-2, 9.5, 25.5], "size": [4, 0, 4], "uv": [21, 27]}
					]
				},
				{
					"name": "Right_Hand",
					"parent": "Body",
					"pivot": [-3.5, 10, -3.5],
					"cubes": [
						{"origin": [-16.5, 10, -4.5], "size": [14, 0, 7], "uv": [29, 27]}
					]
				},
				{
					"name": "Right_Claws",
					"parent": "Right_Hand",
					"pivot": [-16.5, 10, -3.5],
					"cubes": [
						{"origin": [-17.2141, 8.501, -7.85824], "size": [0, 2, 4], "pivot": [-17.2141, 9.501, -5.85824], "rotation": [0, 20, 0], "uv": [0, 24]},
						{"origin": [-15.66502, 8.501, -7.87904], "size": [0, 2, 4], "pivot": [-15.81502, 9.001, -6.37904], "rotation": [0, -20, 0], "uv": [28, 32]}
					]
				},
				{
					"name": "Right_Finger",
					"parent": "Right_Hand",
					"pivot": [-16.5, 10, -4],
					"cubes": [
						{"origin": [-32.5, 10, -4.5], "size": [16, 0, 10], "uv": [0, 10]}
					]
				},
				{
					"name": "Left_Hand",
					"parent": "Body",
					"pivot": [3.5, 10, -3.5],
					"cubes": [
						{"origin": [2.5, 10, -4.5], "size": [14, 0, 7], "uv": [18, 20]}
					]
				},
				{
					"name": "Left_Claws",
					"parent": "Left_Hand",
					"pivot": [16.5, 10, -3.5],
					"cubes": [
						{"origin": [15.7859, 8.501, -7.85824], "size": [0, 2, 4], "pivot": [15.7859, 9.501, -5.85824], "rotation": [0, 20, 0], "uv": [0, 22]},
						{"origin": [17.33498, 8.501, -7.87904], "size": [0, 2, 4], "pivot": [17.18498, 9.001, -6.37904], "rotation": [0, -20, 0], "uv": [0, 20]}
					]
				},
				{
					"name": "Left_Finger",
					"parent": "Left_Hand",
					"pivot": [16.5, 10, -4.5],
					"cubes": [
						{"origin": [16.5, 10, -4.5], "size": [16, 0, 10], "uv": [0, 0]}
					]
				},
				{
					"name": "Left_Leg",
					"parent": "whole",
					"pivot": [2.25, 7, 3],
					"cubes": [
						{"origin": [1.25, 0, 2], "size": [2, 7, 2], "uv": [0, 0]}
					]
				},
				{
					"name": "left_toes",
					"parent": "Left_Leg",
					"pivot": [2.25, 0, 2],
					"cubes": [
						{"origin": [2.5, 0, -0.75], "size": [3, 0, 3], "pivot": [2.25, 0, -1], "rotation": [0, -45, 0], "uv": [0, 18]}
					]
				},
				{
					"name": "Right_Leg",
					"parent": "whole",
					"pivot": [-2.25, 7, 3],
					"cubes": [
						{"origin": [-3.25, 0, 2], "size": [2, 7, 2], "uv": [0, 0], "mirror": true}
					]
				},
				{
					"name": "right_toes",
					"parent": "Right_Leg",
					"pivot": [-2.25, 0, 2],
					"cubes": [
						{"origin": [-5.5, 0, -0.75], "size": [3, 0, 3], "pivot": [-2.25, 0, -1], "rotation": [0, 45, 0], "uv": [0, 18], "mirror": true}
					]
				}
			]
		}
	]
}