{
	"format_version": "1.12.0",
	"minecraft:geometry": [
		{
			"description": {
				"identifier": "geometry.billeys_mobs.slimewyvernhat",
				"texture_width": 48,
				"texture_height": 48,
				"visible_bounds_width": 14,
				"visible_bounds_height": 4.5,
				"visible_bounds_offset": [0, 1.75, 0]
			},
			"bones": [
				{
					"name": "ooo",
					"pivot": [0, 0, 0]
				},
				{
					"name": "whole",
					"parent": "ooo",
					"pivot": [0, 9, 0]
				},
				{
					"name": "Body",
					"parent": "whole",
					"pivot": [0, 8.5, 0]
				},
				{
					"name": "Neck",
					"parent": "Body",
					"pivot": [0, 8, -3.5],
					"rotation": [-77.5, 0, 0]
				},
				{
					"name": "Head",
					"parent": "Neck",
					"pivot": [0, 7.75, -10],
					"rotation": [82.5, 0, 0]
				},
				{
					"name": "Jaw",
					"parent": "Head",
					"pivot": [0.5, 6.75, -9]
				},
				{
					"name": "hat",
					"parent": "Head",
					"pivot": [0, 9.75, -11],
					"cubes": [
						{"origin": [-1, 10.75, -12], "size": [2, 3, 2], "uv": [30, 9]},
						{"origin": [-2, 9.75, -13], "size": [4, 1, 4], "uv": [12, 0]}
					]
				},
				{
					"name": "Tail_Base",
					"parent": "Body",
					"pivot": [0, 8.5, 5.5]
				},
				{
					"name": "Tail_Shaft",
					"parent": "Tail_Base",
					"pivot": [0, 9, 11.5]
				},
				{
					"name": "Tail_Tip",
					"parent": "Tail_Shaft",
					"pivot": [0, 9.5, 26]
				},
				{
					"name": "Right_Hand",
					"parent": "Body",
					"pivot": [-3.5, 10, -3.5]
				},
				{
					"name": "Right_Claws",
					"parent": "Right_Hand",
					"pivot": [-16.5, 10, -3.5]
				},
				{
					"name": "Right_Finger",
					"parent": "Right_Hand",
					"pivot": [-16.5, 10, -4]
				},
				{
					"name": "Left_Hand",
					"parent": "Body",
					"pivot": [3.5, 10, -3.5]
				},
				{
					"name": "Left_Claws",
					"parent": "Left_Hand",
					"pivot": [16.5, 10, -3.5]
				},
				{
					"name": "Left_Finger",
					"parent": "Left_Hand",
					"pivot": [16.5, 10, -4.5]
				},
				{
					"name": "Left_Leg",
					"parent": "whole",
					"pivot": [2.25, 7, 3]
				},
				{
					"name": "left_toes",
					"parent": "Left_Leg",
					"pivot": [2.25, 0, 2]
				},
				{
					"name": "Right_Leg",
					"parent": "whole",
					"pivot": [-2.25, 7, 3]
				},
				{
					"name": "right_toes",
					"parent": "Right_Leg",
					"pivot": [-2.25, 0, 2]
				}
			]
		}
	]
}