{
	"format_version": "1.12.0",
	"minecraft:geometry": [
		{
			"description": {
				"identifier": "geometry.billeys_mobs.snailshell",
				"texture_width": 32,
				"texture_height": 32,
				"visible_bounds_width": 3,
				"visible_bounds_height": 1,
				"visible_bounds_offset": [0, 0, 0]
			},
			"bones": [{
				"name": "ooo",
				"pivot": [
					0,
					0,
					0
				]
			},
			{
				"parent": "ooo",
					"name": "bone",
					"pivot": [0, 0, 0]
				},
				{
					"name": "bone3",
					"parent": "bone",
					"pivot": [0, 1, -3]
				},
				{
					"name": "bone4",
					"parent": "bone3",
					"pivot": [0, 0, -0.5]
				},
				{
					"name": "bone5",
					"parent": "bone3",
					"pivot": [1.5, 0, -0.5]
				},
				{
					"name": "bone6",
					"parent": "bone",
					"pivot": [0, 0, 5]
				},
				{
					"name": "bone2",
					"parent": "bone6",
					"pivot": [0, 0, -2]
				},
				{
					"name": "bone7",
					"parent": "bone2",
					"pivot": [0, 0, 0]
				},
				{
					"name": "bone8",
					"parent": "bone7",
					"pivot": [0, 1, 0]
				},
				{
					"name": "bone12",
					"parent": "bone2",
					"pivot": [0, 3, 1.5],
					"cubes": [
						{
							"origin": [-1.5, 1, -1],
							"size": [3, 4, 5],
							"inflate": 0.01,
							"uv": {
								"north": {"uv": [5, 13], "uv_size": [3, 4]},
								"east": {"uv": [0, 13], "uv_size": [5, 4]},
								"south": {"uv": [13, 13], "uv_size": [3, 4]},
								"west": {"uv": [8, 13], "uv_size": [5, 4]},
								"up": {"uv": [5, 8], "uv_size": [3, 5]},
								"down": {"uv": [11, 13], "uv_size": [-3, -5]}
							}
						}
					]
				}
			]
		}
	]
}