{
	"format_version": "1.12.0",
	"minecraft:geometry": [
		{
			"description": {
				"identifier": "geometry.billeys_mobs.snail",
				"texture_width": 32,
				"texture_height": 32,
				"visible_bounds_width": 8,
				"visible_bounds_height": 7,
				"visible_bounds_offset": [0, 0, 0]
			},
			"bones": [{
				"name": "ooo",
				"pivot": [
					0,
					0,
					0
				]
			},
			{
				"parent": "ooo",
					"name": "bone",
					"pivot": [0, 0, 0]
				},
				{
					"name": "bone3",
					"parent": "bone",
					"pivot": [0, 1, -3],
					"cubes": [
						{"origin": [-1, 0, -4], "size": [2, 2, 2], "inflate": 0.01, "uv": [11, 0]}
					],
					"locators": {
						"zee": [0, 2, -3],
						"lead2": [0, 2, -3]
					}
				},
				{
					"name": "bone4",
					"parent": "bone3",
					"pivot": [-0.75, 2, -2.75],
					"cubes": [
						{"origin": [-1, 1, -3], "size": [0.5, 3, 0.5], "uv": [14, 1]}
					]
				},
				{
					"name": "bone5",
					"parent": "bone3",
					"pivot": [0.75, 2, -2.75],
					"cubes": [
						{"origin": [0.5, 1, -3], "size": [0.5, 3, 0.5], "uv": [8, 3]}
					]
				},
				{
					"name": "bone6",
					"parent": "bone",
					"pivot": [0, 0, 5]
				},
				{
					"name": "bone2",
					"parent": "bone6",
					"pivot": [0, 0, -2]
				},
				{
					"name": "bone7",
					"parent": "bone2",
					"pivot": [0, 0, 0]
				},
				{
					"name": "bone8",
					"parent": "bone7",
					"pivot": [0, 1, 0],
					"cubes": [
						{"origin": [-1, 0, -2], "size": [2, 1, 7], "uv": [0, 0]}
					]
				},
				{
					"name": "bone12",
					"parent": "bone2",
					"pivot": [0, 3, 1.5],
					"cubes": [
						{"origin": [-1.5, 1, -1], "size": [3, 4, 5], "inflate": -0.01, "uv": [0, 8]}
					]
				},
				{
					"name": "bone9",
					"parent": "bone12",
					"pivot": [0, 3, 1.5],
					"cubes": [
						{"origin": [-1.5, 1, -1], "size": [3, 4, 5], "uv": [0, 17]}
					],
					"locators": {
						"lead": [0, 1, -1]
					}
				}
			]
		}
	]
}