{
	"format_version": "1.12.0",
	"minecraft:geometry": [
		{
			"description": {
				"identifier": "geometry.snaketest",
				"texture_width": 32,
				"texture_height": 32,
				"visible_bounds_width": 2,
				"visible_bounds_height": 1,
				"visible_bounds_offset": [0, 0.5, 0]
			},
			"bones": [
				{
					"name": "bone17",
					"pivot": [0, 1, 0],
					"rotation": [180, 0, 0]
				},
				{
					"name": "bone16",
					"parent": "bone17",
					"pivot": [0.5, 1, 7],
					"cubes": [
						{
							"origin": [-0.75, 0.5, 7],
							"size": [1.5, 1.5, 2.5],
							"uv": {
								"north": {"uv": [0, 6], "uv_size": [3, 3]},
								"east": {"uv": [0, 0], "uv_size": [5, 3]},
								"south": {"uv": [8, 8], "uv_size": [3, 3]},
								"west": {"uv": [0, 3], "uv_size": [5, 3]},
								"up": {"uv": [8, 10], "uv_size": [-3, -5]},
								"down": {"uv": [5, 0], "uv_size": [3, 5]}
							}
						}
					]
				},
				{
					"name": "bone18",
					"parent": "bone16",
					"pivot": [0.5, 1, 5.7],
					"cubes": [
						{
							"origin": [-0.2, 1.7, 7.7],
							"size": [0.5, 0, 1],
							"uv": {
								"north": {"uv": [0, 0], "uv_size": [2, 0]},
								"east": {"uv": [0, 0], "uv_size": [2, 0]},
								"south": {"uv": [0, 0], "uv_size": [2, 0]},
								"west": {"uv": [0, 0], "uv_size": [2, 0]},
								"up": {"uv": [22, 2], "uv_size": [-2, -2]},
								"down": {"uv": [20, 2], "uv_size": [2, 2]}
							}
						},
						{
							"origin": [0.2, 1.7, 8.7],
							"size": [0.3, 0, 0.7],
							"uv": {
								"north": {"uv": [0, 0], "uv_size": [1, 0]},
								"east": {"uv": [0, 0], "uv_size": [2, 0]},
								"south": {"uv": [0, 0], "uv_size": [1, 0]},
								"west": {"uv": [0, 0], "uv_size": [2, 0]},
								"up": {"uv": [21, 12], "uv_size": [-1, -2]},
								"down": {"uv": [20, 12], "uv_size": [1, 2]}
							}
						},
						{
							"origin": [-0.5, 1.7, 8.7],
							"size": [0.3, 0, 0.7],
							"uv": {
								"north": {"uv": [0, 0], "uv_size": [1, 0]},
								"east": {"uv": [0, 0], "uv_size": [2, 0]},
								"south": {"uv": [0, 0], "uv_size": [1, 0]},
								"west": {"uv": [0, 0], "uv_size": [2, 0]},
								"up": {"uv": [21, 6], "uv_size": [-1, -2]},
								"down": {"uv": [20, 6], "uv_size": [1, 2]}
							}
						}
					]
				},
				{
					"name": "bone15",
					"parent": "bone17",
					"pivot": [0.5, 1, 6],
					"cubes": [
						{
							"origin": [-0.5, 1, 6],
							"size": [1, 1, 1],
							"uv": {
								"north": {"uv": [3, 6], "uv_size": [2, 2]},
								"east": {"uv": [3, 8], "uv_size": [2, 2]},
								"south": {"uv": [8, 0], "uv_size": [2, 2]},
								"west": {"uv": [8, 2], "uv_size": [2, 2]},
								"up": {"uv": [10, 6], "uv_size": [-2, -2]},
								"down": {"uv": [8, 6], "uv_size": [2, 2]}
							}
						}
					]
				},
				{
					"name": "bone14",
					"parent": "bone17",
					"pivot": [0.5, 1, 5],
					"cubes": [
						{
							"origin": [-0.5, 1, 5],
							"size": [1, 1, 1],
							"uv": {
								"north": {"uv": [0, 9], "uv_size": [2, 2]},
								"east": {"uv": [2, 10], "uv_size": [2, 2]},
								"south": {"uv": [4, 10], "uv_size": [2, 2]},
								"west": {"uv": [6, 10], "uv_size": [2, 2]},
								"up": {"uv": [12, 2], "uv_size": [-2, -2]},
								"down": {"uv": [10, 2], "uv_size": [2, 2]}
							}
						}
					]
				},
				{
					"name": "bone13",
					"parent": "bone17",
					"pivot": [0.5, 1, 4],
					"cubes": [
						{
							"origin": [-0.5, 1, 4],
							"size": [1, 1, 1],
							"uv": {
								"north": {"uv": [10, 4], "uv_size": [2, 2]},
								"east": {"uv": [10, 6], "uv_size": [2, 2]},
								"south": {"uv": [0, 11], "uv_size": [2, 2]},
								"west": {"uv": [8, 11], "uv_size": [2, 2]},
								"up": {"uv": [12, 13], "uv_size": [-2, -2]},
								"down": {"uv": [11, 8], "uv_size": [2, 2]}
							}
						}
					]
				},
				{
					"name": "bone12",
					"parent": "bone17",
					"pivot": [0.5, 1, 3],
					"cubes": [
						{
							"origin": [-0.5, 1, 3],
							"size": [1, 1, 1],
							"uv": {
								"north": {"uv": [2, 12], "uv_size": [2, 2]},
								"east": {"uv": [4, 12], "uv_size": [2, 2]},
								"south": {"uv": [6, 12], "uv_size": [2, 2]},
								"west": {"uv": [12, 12], "uv_size": [2, 2]},
								"up": {"uv": [14, 2], "uv_size": [-2, -2]},
								"down": {"uv": [12, 2], "uv_size": [2, 2]}
							}
						}
					]
				},
				{
					"name": "bone11",
					"parent": "bone17",
					"pivot": [0.5, 1, 2],
					"cubes": [
						{
							"origin": [-0.5, 1, 2],
							"size": [1, 1, 1],
							"uv": {
								"north": {"uv": [12, 4], "uv_size": [2, 2]},
								"east": {"uv": [12, 6], "uv_size": [2, 2]},
								"south": {"uv": [12, 10], "uv_size": [2, 2]},
								"west": {"uv": [0, 13], "uv_size": [2, 2]},
								"up": {"uv": [10, 15], "uv_size": [-2, -2]},
								"down": {"uv": [10, 13], "uv_size": [2, 2]}
							}
						}
					]
				},
				{
					"name": "bone10",
					"parent": "bone17",
					"pivot": [0.5, 1, 1],
					"cubes": [
						{
							"origin": [-0.5, 1, 1],
							"size": [1, 1, 1],
							"uv": {
								"north": {"uv": [13, 8], "uv_size": [2, 2]},
								"east": {"uv": [2, 14], "uv_size": [2, 2]},
								"south": {"uv": [4, 14], "uv_size": [2, 2]},
								"west": {"uv": [6, 14], "uv_size": [2, 2]},
								"up": {"uv": [14, 16], "uv_size": [-2, -2]},
								"down": {"uv": [14, 14], "uv_size": [2, 2]}
							}
						}
					]
				},
				{
					"name": "bone9",
					"parent": "bone17",
					"pivot": [0.5, 1, -8],
					"cubes": [
						{
							"origin": [-0.5, 1, -8],
							"size": [1, 1, 1],
							"uv": {
								"north": {"uv": [14, 0], "uv_size": [2, 2]},
								"east": {"uv": [14, 2], "uv_size": [2, 2]},
								"south": {"uv": [14, 4], "uv_size": [2, 2]},
								"west": {"uv": [14, 6], "uv_size": [2, 2]},
								"up": {"uv": [16, 12], "uv_size": [-2, -2]},
								"down": {"uv": [14, 12], "uv_size": [2, 2]}
							}
						}
					]
				},
				{
					"name": "bone8",
					"parent": "bone17",
					"pivot": [0.5, 1, -7],
					"cubes": [
						{
							"origin": [-0.5, 1, -7],
							"size": [1, 1, 1],
							"uv": {
								"north": {"uv": [0, 15], "uv_size": [2, 2]},
								"east": {"uv": [8, 15], "uv_size": [2, 2]},
								"south": {"uv": [10, 15], "uv_size": [2, 2]},
								"west": {"uv": [15, 8], "uv_size": [2, 2]},
								"up": {"uv": [4, 18], "uv_size": [-2, -2]},
								"down": {"uv": [4, 16], "uv_size": [2, 2]}
							}
						}
					]
				},
				{
					"name": "bone7",
					"parent": "bone17",
					"pivot": [0.5, 1, -6],
					"cubes": [
						{
							"origin": [-0.5, 1, -6],
							"size": [1, 1, 1],
							"uv": {
								"north": {"uv": [6, 16], "uv_size": [2, 2]},
								"east": {"uv": [12, 16], "uv_size": [2, 2]},
								"south": {"uv": [14, 16], "uv_size": [2, 2]},
								"west": {"uv": [16, 16], "uv_size": [2, 2]},
								"up": {"uv": [18, 2], "uv_size": [-2, -2]},
								"down": {"uv": [16, 2], "uv_size": [2, 2]}
							}
						}
					]
				},
				{
					"name": "bone6",
					"parent": "bone17",
					"pivot": [0.5, 1, -5],
					"cubes": [
						{
							"origin": [-0.5, 1, -5],
							"size": [1, 1, 1],
							"uv": {
								"north": {"uv": [16, 4], "uv_size": [2, 2]},
								"east": {"uv": [16, 6], "uv_size": [2, 2]},
								"south": {"uv": [16, 10], "uv_size": [2, 2]},
								"west": {"uv": [16, 12], "uv_size": [2, 2]},
								"up": {"uv": [18, 16], "uv_size": [-2, -2]},
								"down": {"uv": [0, 17], "uv_size": [2, 2]}
							}
						}
					]
				},
				{
					"name": "bone5",
					"parent": "bone17",
					"pivot": [0.5, 1, -4],
					"cubes": [
						{
							"origin": [-0.5, 1, -4],
							"size": [1, 1, 1],
							"uv": {
								"north": {"uv": [8, 17], "uv_size": [2, 2]},
								"east": {"uv": [10, 17], "uv_size": [2, 2]},
								"south": {"uv": [17, 8], "uv_size": [2, 2]},
								"west": {"uv": [2, 18], "uv_size": [2, 2]},
								"up": {"uv": [6, 20], "uv_size": [-2, -2]},
								"down": {"uv": [6, 18], "uv_size": [2, 2]}
							}
						}
					]
				},
				{
					"name": "bone4",
					"parent": "bone17",
					"pivot": [0.5, 1, -3],
					"cubes": [
						{
							"origin": [-0.5, 1, -3],
							"size": [1, 1, 1],
							"uv": {
								"north": {"uv": [12, 18], "uv_size": [2, 2]},
								"east": {"uv": [14, 18], "uv_size": [2, 2]},
								"south": {"uv": [16, 18], "uv_size": [2, 2]},
								"west": {"uv": [18, 18], "uv_size": [2, 2]},
								"up": {"uv": [20, 2], "uv_size": [-2, -2]},
								"down": {"uv": [18, 2], "uv_size": [2, 2]}
							}
						}
					]
				},
				{
					"name": "bone3",
					"parent": "bone17",
					"pivot": [0.5, 1, -2],
					"cubes": [
						{
							"origin": [-0.5, 1, -2],
							"size": [1, 1, 1],
							"uv": {
								"north": {"uv": [18, 4], "uv_size": [2, 2]},
								"east": {"uv": [18, 6], "uv_size": [2, 2]},
								"south": {"uv": [18, 10], "uv_size": [2, 2]},
								"west": {"uv": [18, 12], "uv_size": [2, 2]},
								"up": {"uv": [20, 16], "uv_size": [-2, -2]},
								"down": {"uv": [18, 16], "uv_size": [2, 2]}
							}
						}
					]
				},
				{
					"name": "bone2",
					"parent": "bone17",
					"pivot": [0.5, 1, -1],
					"cubes": [
						{
							"origin": [-0.5, 1, -1],
							"size": [1, 1, 1],
							"uv": {
								"north": {"uv": [0, 19], "uv_size": [2, 2]},
								"east": {"uv": [8, 19], "uv_size": [2, 2]},
								"south": {"uv": [10, 19], "uv_size": [2, 2]},
								"west": {"uv": [19, 8], "uv_size": [2, 2]},
								"up": {"uv": [4, 22], "uv_size": [-2, -2]},
								"down": {"uv": [4, 20], "uv_size": [2, 2]}
							}
						}
					]
				},
				{
					"name": "bone",
					"parent": "bone17",
					"pivot": [0.5, 1, 0],
					"cubes": [
						{
							"origin": [-0.5, 1, 0],
							"size": [1, 1, 1],
							"uv": {
								"north": {"uv": [6, 20], "uv_size": [2, 2]},
								"east": {"uv": [12, 20], "uv_size": [2, 2]},
								"south": {"uv": [14, 20], "uv_size": [2, 2]},
								"west": {"uv": [16, 20], "uv_size": [2, 2]},
								"up": {"uv": [20, 22], "uv_size": [-2, -2]},
								"down": {"uv": [20, 20], "uv_size": [2, 2]}
							}
						}
					]
				}
			]
		}
	]
}