{
	"format_version": "1.12.0",
	"minecraft:geometry": [
		{
			"description": {
				"identifier": "geometry.sncat",
				"texture_width": 64,
				"texture_height": 32,
				"visible_bounds_width": 2,
				"visible_bounds_height": 1,
				"visible_bounds_offset": [0, 0.5, 0]
			},
			"bones": [
				{
					"name": "whole",
					"pivot": [0, 0, 0]
				},
				{
					"name": "bone",
					"parent": "whole",
					"pivot": [0, 2.40312, -7],
					"cubes": [
						{
							"origin": [1, 3.5, -9],
							"size": [1, 1, 2],
							"pivot": [1.5, 4, -8],
							"rotation": [0, -15, 0],
							"uv": {
								"north": {"uv": [8, 12], "uv_size": [1, 1]},
								"east": {"uv": [6, 12], "uv_size": [2, 1]},
								"south": {"uv": [11, 12], "uv_size": [1, 1]},
								"west": {"uv": [9, 12], "uv_size": [2, 1]},
								"up": {"uv": [8, 10], "uv_size": [1, 2]},
								"down": {"uv": [10, 10], "uv_size": [-1, 2]}
							}
						},
						{
							"origin": [-2, 3.5, -9],
							"size": [1, 1, 2],
							"pivot": [-1.5, 4, -8],
							"rotation": [0, 15, 0],
							"uv": {
								"north": {"uv": [2, 12], "uv_size": [1, 1]},
								"east": {"uv": [0, 12], "uv_size": [2, 1]},
								"south": {"uv": [5, 12], "uv_size": [1, 1]},
								"west": {"uv": [3, 12], "uv_size": [2, 1]},
								"up": {"uv": [2, 10], "uv_size": [1, 2]},
								"down": {"uv": [4, 10], "uv_size": [-1, 2]}
							}
						},
						{
							"origin": [-1.5, 0.01562, -13],
							"size": [3, 2, 2],
							"uv": {
								"north": {"uv": [2, 26], "uv_size": [3, 2]},
								"east": {"uv": [0, 26], "uv_size": [2, 2]},
								"south": {"uv": [7, 26], "uv_size": [3, 2]},
								"west": {"uv": [5, 26], "uv_size": [2, 2]},
								"up": {"uv": [2, 24], "uv_size": [3, 2]},
								"down": {"uv": [8, 24], "uv_size": [-3, 2]}
							}
						},
						{
							"origin": [-2.5, 0, -12],
							"size": [5, 4, 5],
							"uv": {
								"north": {"uv": [5, 5], "uv_size": [5, 4]},
								"east": {"uv": [0, 5], "uv_size": [5, 4]},
								"south": {"uv": [15, 5], "uv_size": [5, 4]},
								"west": {"uv": [10, 5], "uv_size": [5, 4]},
								"up": {"uv": [5, 0], "uv_size": [5, 5]},
								"down": {"uv": [15, 0], "uv_size": [-5, 5]}
							}
						}
					],
					"locators": {
						"lead": [0, 2, -9]
					}
				},
				{
					"name": "body",
					"parent": "whole",
					"pivot": [0, 4, 1],
					"rotation": [180, 0, 0]
				},
				{
					"name": "tail3",
					"parent": "body",
					"pivot": [0, 4, -6],
					"cubes": [
						{
							"origin": [-2.5, 4, -6],
							"size": [5, 4, 1],
							"uv": {
								"north": {"uv": [0, 17], "uv_size": [5, 4]},
								"east": {"uv": [21, 12], "uv_size": [1, 4]},
								"south": {"uv": [41, 4], "uv_size": [5, 4]},
								"west": {"uv": [22, 7], "uv_size": [1, 4]},
								"up": {"uv": [34, 18], "uv_size": [5, 1]},
								"down": {"uv": [40, 20], "uv_size": [-5, 1]}
							}
						}
					]
				},
				{
					"name": "tail4",
					"parent": "body",
					"pivot": [0, 4, -5],
					"cubes": [
						{
							"origin": [-2.5, 4, -5],
							"size": [5, 4, 1],
							"uv": {
								"north": {"uv": [22, 8], "uv_size": [5, 4]},
								"east": {"uv": [21, 8], "uv_size": [1, 4]},
								"south": {"uv": [31, 8], "uv_size": [5, 4]},
								"west": {"uv": [22, 7], "uv_size": [1, 4]},
								"up": {"uv": [22, 7], "uv_size": [5, 1]},
								"down": {"uv": [40, 19], "uv_size": [-5, 1]}
							}
						}
					]
				},
				{
					"name": "tail3",
					"parent": "body",
					"pivot": [0, 4, -4],
					"cubes": [
						{
							"origin": [-2.5, 4, -4],
							"size": [5, 4, 1],
							"uv": {
								"north": {"uv": [30, 15], "uv_size": [5, 4]},
								"east": {"uv": [6, 0], "uv_size": [1, 4]},
								"south": {"uv": [31, 17], "uv_size": [5, 4]},
								"west": {"uv": [22, 7], "uv_size": [1, 4]},
								"up": {"uv": [29, 13], "uv_size": [5, 1]},
								"down": {"uv": [40, 18], "uv_size": [-5, 1]}
							}
						}
					]
				},
				{
					"name": "tail4",
					"parent": "body",
					"pivot": [0, 4, -3],
					"cubes": [
						{
							"origin": [-2.5, 4, -3],
							"size": [5, 4, 1],
							"uv": {
								"north": {"uv": [36, 8], "uv_size": [5, 4]},
								"east": {"uv": [24, 9], "uv_size": [1, 4]},
								"south": {"uv": [34, 11], "uv_size": [5, 4]},
								"west": {"uv": [23, 8], "uv_size": [1, 4]},
								"up": {"uv": [36, 7], "uv_size": [5, 1]},
								"down": {"uv": [40, 17], "uv_size": [-5, 1]}
							}
						}
					]
				},
				{
					"name": "tail5",
					"parent": "body",
					"pivot": [0, 4, -2],
					"cubes": [
						{
							"origin": [-2.5, 4, -2],
							"size": [5, 4, 1],
							"uv": {
								"north": {"uv": [29, 11], "uv_size": [5, 4]},
								"east": {"uv": [30, 6], "uv_size": [1, 4]},
								"south": {"uv": [35, 11], "uv_size": [5, 4]},
								"west": {"uv": [24, 8], "uv_size": [1, 4]},
								"up": {"uv": [26, 10], "uv_size": [5, 1]},
								"down": {"uv": [40, 16], "uv_size": [-5, 1]}
							}
						}
					]
				},
				{
					"name": "tail6",
					"parent": "body",
					"pivot": [0, 4, -1],
					"cubes": [
						{
							"origin": [-2.5, 4, -1],
							"size": [5, 4, 1],
							"pivot": [0, 6, -0.5],
							"rotation": [0, 0, -180],
							"uv": {
								"north": {"uv": [25, 14], "uv_size": [5, 4]},
								"east": {"uv": [30, 9], "uv_size": [1, 4]},
								"south": {"uv": [40, 7], "uv_size": [5, 4]},
								"west": {"uv": [30, 15], "uv_size": [1, 4]},
								"up": {"uv": [33, 10], "uv_size": [5, 1]},
								"down": {"uv": [31, 13], "uv_size": [-5, 1]}
							}
						}
					]
				},
				{
					"name": "tail7",
					"parent": "body",
					"pivot": [0, 4, 0],
					"cubes": [
						{
							"origin": [-2.5, 4, 0],
							"size": [5, 4, 1],
							"uv": {
								"north": {"uv": [29, 14], "uv_size": [5, 4]},
								"east": {"uv": [30, 6], "uv_size": [1, 4]},
								"south": {"uv": [30, 18], "uv_size": [5, 4]},
								"west": {"uv": [30, 15], "uv_size": [1, 4]},
								"up": {"uv": [25, 7], "uv_size": [5, 1]},
								"down": {"uv": [40, 14], "uv_size": [-5, 1]}
							}
						}
					]
				},
				{
					"name": "tail8",
					"parent": "body",
					"pivot": [0, 4, 1],
					"cubes": [
						{
							"origin": [-2.5, 4, 1],
							"size": [5, 4, 1],
							"uv": {
								"north": {"uv": [26, 14], "uv_size": [5, 4]},
								"east": {"uv": [30, 6], "uv_size": [1, 4]},
								"south": {"uv": [10, 14], "uv_size": [5, 4]},
								"west": {"uv": [25, 7], "uv_size": [1, 4]},
								"up": {"uv": [24, 6], "uv_size": [5, 1]},
								"down": {"uv": [40, 13], "uv_size": [-5, 1]}
							}
						}
					]
				},
				{
					"name": "tail9",
					"parent": "body",
					"pivot": [0, 4, 2],
					"cubes": [
						{
							"origin": [-2.5, 4, 2],
							"size": [5, 4, 1],
							"uv": {
								"north": {"uv": [25, 8], "uv_size": [5, 4]},
								"east": {"uv": [30, 15], "uv_size": [1, 4]},
								"south": {"uv": [41, 1], "uv_size": [5, 4]},
								"west": {"uv": [30, 15], "uv_size": [1, 4]},
								"up": {"uv": [41, 11], "uv_size": [5, 1]},
								"down": {"uv": [40, 12], "uv_size": [-5, 1]}
							}
						}
					]
				},
				{
					"name": "tail30",
					"parent": "body",
					"pivot": [0, 4, 3],
					"cubes": [
						{
							"origin": [-2.5, 4, 3],
							"size": [5, 4, 1],
							"pivot": [0, 6, 3.5],
							"rotation": [0, 0, -180],
							"uv": {
								"north": {"uv": [25, 7], "uv_size": [5, 4]},
								"east": {"uv": [31, 7], "uv_size": [1, 4]},
								"south": {"uv": [31, 7], "uv_size": [5, 4]},
								"west": {"uv": [24, 11], "uv_size": [1, 4]},
								"up": {"uv": [35, 10], "uv_size": [5, 1]},
								"down": {"uv": [31, 12], "uv_size": [-5, 1]}
							}
						}
					]
				},
				{
					"name": "tail31",
					"parent": "body",
					"pivot": [0, 4, 4],
					"cubes": [
						{
							"origin": [-2.5, 4, 4],
							"size": [5, 4, 1],
							"uv": {
								"north": {"uv": [2, 17], "uv_size": [5, 4]},
								"east": {"uv": [24, 15], "uv_size": [1, 4]},
								"south": {"uv": [42, 4], "uv_size": [5, 4]},
								"west": {"uv": [32, 18], "uv_size": [1, 4]},
								"up": {"uv": [9, 20], "uv_size": [5, 1]},
								"down": {"uv": [40, 10], "uv_size": [-5, 1]}
							}
						}
					]
				},
				{
					"name": "tail32",
					"parent": "body",
					"pivot": [0, 4, 5],
					"cubes": [
						{
							"origin": [-2.5, 4, 5],
							"size": [5, 4, 1],
							"uv": {
								"north": {"uv": [25, 13], "uv_size": [5, 4]},
								"east": {"uv": [30, 15], "uv_size": [1, 4]},
								"south": {"uv": [1, 18], "uv_size": [5, 4]},
								"west": {"uv": [24, 16], "uv_size": [1, 4]},
								"up": {"uv": [25, 13], "uv_size": [5, 1]},
								"down": {"uv": [40, 9], "uv_size": [-5, 1]}
							}
						}
					]
				},
				{
					"name": "tail33",
					"parent": "body",
					"pivot": [0, 4, 6],
					"cubes": [
						{
							"origin": [-2.5, 4, 6],
							"size": [5, 4, 1],
							"uv": {
								"north": {"uv": [26, 14], "uv_size": [5, 4]},
								"east": {"uv": [25, 15], "uv_size": [1, 4]},
								"south": {"uv": [30, 15], "uv_size": [5, 4]},
								"west": {"uv": [25, 15], "uv_size": [1, 4]},
								"up": {"uv": [25, 11], "uv_size": [5, 1]},
								"down": {"uv": [40, 8], "uv_size": [-5, 1]}
							}
						}
					]
				},
				{
					"name": "tail34",
					"parent": "body",
					"pivot": [0, 4, 7],
					"cubes": [
						{
							"origin": [-2.5, 4, 7],
							"size": [5, 4, 1],
							"pivot": [0, 6, 7.5],
							"rotation": [180, 0, 0],
							"uv": {
								"north": {"uv": [42, 7], "uv_size": [5, 4]},
								"east": {"uv": [35, 7], "uv_size": [1, 4]},
								"south": {"uv": [42, 7], "uv_size": [5, 4]},
								"west": {"uv": [30, 9], "uv_size": [1, 4]},
								"up": {"uv": [35, 7], "uv_size": [5, 1]},
								"down": {"uv": [30, 15], "uv_size": [-5, 1]}
							}
						}
					]
				},
				{
					"name": "tail35",
					"parent": "body",
					"pivot": [0, 4, 8],
					"cubes": [
						{
							"origin": [-2.5, 4, 8],
							"size": [5, 4, 1],
							"pivot": [0, 6, 8.5],
							"rotation": [0, 0, -180],
							"uv": {
								"north": {"uv": [34, 7], "uv_size": [5, 4]},
								"east": {"uv": [30, 8], "uv_size": [1, 4]},
								"south": {"uv": [34, 11], "uv_size": [5, 4]},
								"west": {"uv": [39, 7], "uv_size": [1, 4]},
								"up": {"uv": [35, 6], "uv_size": [5, 1]},
								"down": {"uv": [30, 6], "uv_size": [-5, 1]}
							}
						}
					]
				}
			]
		}
	]
}