{
	"format_version": "1.12.0",
	"minecraft:geometry": [
		{
			"description": {
				"identifier": "geometry.billeys_mobs.landolphin",
				"texture_width": 80,
				"texture_height": 80,
				"visible_bounds_width": 5,
				"visible_bounds_height": 3,
				"visible_bounds_offset": [0, 0.5, 0]
			},
			"bones": [
				{
					"name": "ooo",
					"pivot": [0, 0, 0]
				},
				{
					"name": "death",
					"parent": "ooo",
					"pivot": [0, 0, 0]
				},
				{
					"name": "body",
					"parent": "death",
					"pivot": [0, 7.45, -6],
					"cubes": [
						{
							"origin": [-3, 7.45, -6],
							"size": [6, 7, 9],
							"uv": {
								"north": {"uv": [9, 9], "uv_size": [6, 7]},
								"east": {"uv": [0, 9], "uv_size": [9, 7]},
								"south": {"uv": [24, 9], "uv_size": [6, 7]},
								"west": {"uv": [15, 9], "uv_size": [9, 7]},
								"up": {"uv": [9, 0], "uv_size": [6, 9]},
								"down": {"uv": [15, 9], "uv_size": [6, -9]}
							}
						},
						{
							"origin": [-3, 8.45, 3],
							"size": [6, 6, 4],
							"uv": {
								"north": {"uv": [4, 20], "uv_size": [6, 6]},
								"east": {"uv": [0, 20], "uv_size": [4, 6]},
								"south": {"uv": [14, 20], "uv_size": [6, 6]},
								"west": {"uv": [10, 20], "uv_size": [4, 6]},
								"up": {"uv": [4, 16], "uv_size": [6, 4]},
								"down": {"uv": [10, 20], "uv_size": [6, -4]}
							}
						},
						{
							"origin": [3, 7.45, -5],
							"size": [1, 4, 6],
							"uv": {
								"north": {"uv": [7, 32], "uv_size": [-1, 4]},
								"east": {"uv": [13, 32], "uv_size": [-6, 4]},
								"south": {"uv": [14, 32], "uv_size": [-1, 4]},
								"west": {"uv": [6, 32], "uv_size": [-6, 4]},
								"up": {"uv": [7, 26], "uv_size": [-1, 6]},
								"down": {"uv": [8, 32], "uv_size": [-1, -6]}
							}
						},
						{
							"origin": [-4, 7.45, -5],
							"size": [1, 4, 6],
							"uv": {
								"north": {"uv": [7, 32], "uv_size": [-1, 4]},
								"east": {"uv": [13, 32], "uv_size": [-6, 4]},
								"south": {"uv": [14, 32], "uv_size": [-1, 4]},
								"west": {"uv": [6, 32], "uv_size": [-6, 4]},
								"up": {"uv": [7, 26], "uv_size": [-1, 6]},
								"down": {"uv": [8, 32], "uv_size": [-1, -6]}
							}
						}
					]
				},
				{
					"name": "bowtie",
					"parent": "body",
					"pivot": [0, 7.45, -6],
					"rotation": [45, 0, 0]
				},
				{
					"name": "head",
					"parent": "body",
					"pivot": [0, 12.45, -6],
					"cubes": [
						{
							"origin": [-3, 9.45, -13],
							"size": [6, 6, 7],
							"inflate": 0.01,
							"uv": {
								"north": {"uv": [37, 7], "uv_size": [6, 6]},
								"east": {"uv": [30, 7], "uv_size": [7, 6]},
								"south": {"uv": [50, 7], "uv_size": [6, 6]},
								"west": {"uv": [43, 7], "uv_size": [7, 6]},
								"up": {"uv": [37, 0], "uv_size": [6, 7]},
								"down": {"uv": [43, 7], "uv_size": [6, -7]}
							}
						}
					],
					"locators": {
						"lead": [0, 11.45, -6],
						"zee": [0, 16.45, -10]
					}
				},
				{
					"name": "ear",
					"parent": "head",
					"pivot": [3, 13.45, -6],
					"rotation": [0, 0, 10],
					"cubes": [
						{
							"origin": [2.6527, 11.48038, -7],
							"size": [3, 2, 1],
							"inflate": 0.02,
							"uv": {
								"north": {"uv": [47, 20], "uv_size": [3, 2]},
								"east": {"uv": [46, 7], "uv_size": [1, 2]},
								"south": {"uv": [47, 8], "uv_size": [3, 2]},
								"west": {"uv": [45, 7], "uv_size": [1, 2]},
								"up": {"uv": [49, 8], "uv_size": [-3, -1]},
								"down": {"uv": [48, 18], "uv_size": [-3, -1]}
							}
						}
					]
				},
				{
					"name": "ear2",
					"parent": "head",
					"pivot": [-3, 13.45, -6],
					"rotation": [0, 0, -10],
					"cubes": [
						{
							"origin": [-5.6527, 11.48038, -7],
							"size": [3, 2, 1],
							"inflate": 0.02,
							"uv": {
								"north": {"uv": [50, 20], "uv_size": [-3, 2]},
								"east": {"uv": [46, 7], "uv_size": [-1, 2]},
								"south": {"uv": [50, 8], "uv_size": [-3, 2]},
								"west": {"uv": [47, 7], "uv_size": [-1, 2]},
								"up": {"uv": [46, 8], "uv_size": [3, -1]},
								"down": {"uv": [45, 18], "uv_size": [3, -1]}
							}
						}
					]
				},
				{
					"name": "bone",
					"parent": "head",
					"pivot": [0, 13.45, -10],
					"cubes": [
						{
							"origin": [-3, 12.45, -11],
							"size": [6, 1, 2],
							"inflate": 0.02,
							"uv": {
								"north": {"uv": [35, 9], "uv_size": [1, 1]},
								"east": {"uv": [33, 9], "uv_size": [2, 1]},
								"south": {"uv": [32, 9], "uv_size": [1, 1]},
								"west": {"uv": [45, 9], "uv_size": [2, 1]},
								"down": {"uv": [35, 10], "uv_size": [-2, -1]}
							}
						}
					]
				},
				{
					"name": "mouth",
					"parent": "head",
					"pivot": [0, 10.45, -13],
					"cubes": [
						{
							"origin": [-1, 10.45, -17],
							"size": [2, 1, 4],
							"inflate": 0.01,
							"uv": {
								"north": {"uv": [20, 40], "uv_size": [2, 1]},
								"east": {"uv": [16, 40], "uv_size": [4, 1]},
								"south": {"uv": [26, 40], "uv_size": [2, 1]},
								"west": {"uv": [22, 40], "uv_size": [4, 1]},
								"up": {"uv": [20, 36], "uv_size": [2, 4]},
								"down": {"uv": [0, 4], "uv_size": [2, -4]}
							}
						}
					]
				},
				{
					"name": "jaw",
					"parent": "mouth",
					"pivot": [0, 10.45, -13],
					"cubes": [
						{
							"origin": [-1, 9.45, -17],
							"size": [2, 1, 4],
							"inflate": 0.01,
							"uv": {
								"north": {"uv": [20, 41], "uv_size": [2, 1]},
								"east": {"uv": [16, 41], "uv_size": [4, 1]},
								"south": {"uv": [26, 41], "uv_size": [2, 1]},
								"west": {"uv": [22, 41], "uv_size": [4, 1]},
								"up": {"uv": [0, 0], "uv_size": [2, 4]},
								"down": {"uv": [22, 40], "uv_size": [2, -4]}
							}
						},
						{
							"origin": [-1, 10.45, -16],
							"size": [2, 1, 4],
							"uv": {
								"east": {"uv": [6, 0], "uv_size": [-4, 1]},
								"west": {"uv": [2, 0], "uv_size": [4, 1]}
							}
						}
					]
				},
				{
					"name": "bone2",
					"parent": "head",
					"pivot": [0, 12.45, -11],
					"cubes": [
						{
							"origin": [-3, 11.45, -11],
							"size": [6, 1, 1],
							"inflate": 0.015,
							"uv": {
								"north": {"uv": [34, 10], "uv_size": [1, 1]},
								"east": {"uv": [34, 10], "uv_size": [1, 1]},
								"south": {"uv": [34, 10], "uv_size": [1, 1]},
								"west": {"uv": [34, 10], "uv_size": [1, 1]},
								"up": {"uv": [35, 11], "uv_size": [-1, -1]},
								"down": {"uv": [35, 11], "uv_size": [-1, -1]}
							}
						}
					]
				},
				{
					"name": "hat",
					"parent": "head",
					"pivot": [0, 15.45, -9]
				},
				{
					"name": "tail",
					"parent": "body",
					"pivot": [0, 14.45, 7],
					"rotation": [-37.5, 0, 0],
					"cubes": [
						{
							"origin": [-1, 12.45, 7],
							"size": [2, 2, 6],
							"uv": {
								"north": {"uv": [6, 42], "uv_size": [2, 2]},
								"east": {"uv": [0, 42], "uv_size": [6, 2]},
								"south": {"uv": [14, 42], "uv_size": [2, 2]},
								"west": {"uv": [8, 42], "uv_size": [6, 2]},
								"up": {"uv": [6, 36], "uv_size": [2, 6]},
								"down": {"uv": [8, 42], "uv_size": [2, -6]}
							}
						}
					]
				},
				{
					"name": "tail2",
					"parent": "tail",
					"pivot": [0, 12.45, 13],
					"rotation": [32.5, 0, 0],
					"cubes": [
						{
							"origin": [-1, 12.45, 13],
							"size": [2, 2, 6],
							"inflate": 0.01,
							"uv": {
								"north": {"uv": [20, 32], "uv_size": [2, 2]},
								"east": {"uv": [14, 32], "uv_size": [6, 2]},
								"south": {"uv": [28, 32], "uv_size": [2, 2]},
								"west": {"uv": [22, 32], "uv_size": [6, 2]},
								"up": {"uv": [20, 26], "uv_size": [2, 6]},
								"down": {"uv": [22, 32], "uv_size": [2, -6]}
							}
						}
					]
				},
				{
					"name": "tail_fin",
					"parent": "tail2",
					"pivot": [0, 11.95, 23],
					"cubes": [
						{
							"origin": [-2, 12.45, 15],
							"size": [4, 1, 5],
							"inflate": 0.02,
							"uv": {
								"north": {"uv": [53, 31], "uv_size": [4, 1]},
								"east": {"uv": [48, 31], "uv_size": [5, 1]},
								"south": {"uv": [62, 31], "uv_size": [4, 1]},
								"west": {"uv": [57, 31], "uv_size": [5, 1]},
								"up": {"uv": [53, 26], "uv_size": [4, 5]},
								"down": {"uv": [57, 31], "uv_size": [4, -5]}
							}
						}
					]
				},
				{
					"name": "back_fin",
					"parent": "body",
					"pivot": [0, 14.45, 3],
					"rotation": [-30, 0, 0],
					"cubes": [
						{
							"origin": [-0.5, 13.7, 2.5359],
							"size": [1, 3, 2],
							"uv": {
								"north": {"uv": [31, 38], "uv_size": [-1, 3]},
								"east": {"uv": [33, 38], "uv_size": [-2, 3]},
								"south": {"uv": [34, 38], "uv_size": [-1, 3]},
								"west": {"uv": [30, 38], "uv_size": [-2, 3]},
								"up": {"uv": [31, 36], "uv_size": [-1, 2]},
								"down": {"uv": [32, 38], "uv_size": [-1, -2]}
							}
						}
					]
				},
				{
					"name": "left_fin",
					"parent": "body",
					"pivot": [4, 8.45, -3],
					"rotation": [0, -37.5, 90],
					"cubes": [
						{
							"origin": [3, 6.45, -4.5],
							"size": [6, 3, 4],
							"inflate": 0.01,
							"uv": {
								"north": {"uv": [30, 20], "uv_size": [-6, 3]},
								"east": {"uv": [34, 20], "uv_size": [-4, 3]},
								"south": {"uv": [40, 20], "uv_size": [-6, 3]},
								"west": {"uv": [24, 20], "uv_size": [-4, 3]},
								"up": {"uv": [30, 16], "uv_size": [-6, 4]},
								"down": {"uv": [36, 20], "uv_size": [-6, -4]}
							}
						}
					]
				},
				{
					"name": "left_fin2",
					"parent": "left_fin",
					"pivot": [9, 9.45, -0.5],
					"rotation": [0, 47.5, 0]
				},
				{
					"name": "left_fin3",
					"parent": "left_fin2",
					"pivot": [8, 11.45, -6.5],
					"rotation": [10, -10, -73.5]
				},
				{
					"name": "left_foot",
					"parent": "left_fin3",
					"pivot": [6.625, 3.375, -2.25],
					"rotation": [-2.6611, 6.39749, -18.73268],
					"cubes": [
						{
							"origin": [5.51357, 2.42114, -6.2573],
							"size": [4, 1, 5],
							"uv": {
								"north": {"uv": [35, 31], "uv_size": [4, 1]},
								"east": {"uv": [30, 31], "uv_size": [5, 1]},
								"south": {"uv": [44, 31], "uv_size": [4, 1]},
								"west": {"uv": [39, 31], "uv_size": [5, 1]},
								"up": {"uv": [35, 26], "uv_size": [4, 5]},
								"down": {"uv": [39, 31], "uv_size": [4, -5]}
							}
						}
					]
				},
				{
					"name": "left_bone",
					"parent": "left_fin2",
					"pivot": [9, 9.45, -0.5],
					"cubes": [
						{
							"origin": [9, 6.45, -3.5],
							"size": [5.75, 3, 3],
							"uv": {
								"north": {"uv": [43, 19], "uv_size": [5, 3]},
								"east": {"uv": [40, 19], "uv_size": [3, 3]},
								"south": {"uv": [51, 19], "uv_size": [5, 3]},
								"west": {"uv": [48, 19], "uv_size": [3, 3]},
								"up": {"uv": [43, 16], "uv_size": [5, 3]},
								"down": {"uv": [48, 19], "uv_size": [5, -3]}
							}
						}
					]
				},
				{
					"name": "right_fin",
					"parent": "body",
					"pivot": [-4, 8.45, -3],
					"rotation": [0, 37.5, -90],
					"cubes": [
						{
							"origin": [-9, 6.45, -4.5],
							"size": [6, 3, 4],
							"inflate": 0.01,
							"uv": {
								"north": {"uv": [30, 20], "uv_size": [-6, 3]},
								"east": {"uv": [34, 20], "uv_size": [-4, 3]},
								"south": {"uv": [40, 20], "uv_size": [-6, 3]},
								"west": {"uv": [24, 20], "uv_size": [-4, 3]},
								"up": {"uv": [30, 16], "uv_size": [-6, 4]},
								"down": {"uv": [36, 20], "uv_size": [-6, -4]}
							}
						}
					]
				},
				{
					"name": "right_fin2",
					"parent": "right_fin",
					"pivot": [-9, 9.45, -0.5],
					"rotation": [0, -47.5, 0]
				},
				{
					"name": "right_fin3",
					"parent": "right_fin2",
					"pivot": [-8, 11.45, -6.5],
					"rotation": [10, 10, 73.5]
				},
				{
					"name": "right_foot",
					"parent": "right_fin3",
					"pivot": [-6.625, 3.375, -2.25],
					"rotation": [-2.6611, -6.39749, 18.73268],
					"cubes": [
						{
							"origin": [-9.51357, 2.42114, -6.2573],
							"size": [4, 1, 5],
							"uv": {
								"north": {"uv": [39, 31], "uv_size": [-4, 1]},
								"east": {"uv": [44, 31], "uv_size": [-5, 1]},
								"south": {"uv": [48, 31], "uv_size": [-4, 1]},
								"west": {"uv": [35, 31], "uv_size": [-5, 1]},
								"up": {"uv": [39, 26], "uv_size": [-4, 5]},
								"down": {"uv": [43, 31], "uv_size": [-4, -5]}
							}
						}
					]
				},
				{
					"name": "right_bone",
					"parent": "right_fin2",
					"pivot": [-9, 9.45, -0.5],
					"cubes": [
						{
							"origin": [-14.75, 6.45, -3.5],
							"size": [5.75, 3, 3],
							"uv": {
								"north": {"uv": [43, 19], "uv_size": [5, 3]},
								"east": {"uv": [40, 19], "uv_size": [3, 3]},
								"south": {"uv": [51, 19], "uv_size": [5, 3]},
								"west": {"uv": [48, 19], "uv_size": [3, 3]},
								"up": {"uv": [43, 16], "uv_size": [5, 3]},
								"down": {"uv": [48, 19], "uv_size": [5, -3]}
							}
						}
					]
				}
			]
		}
	]
}