{
	"format_version": "1.12.0",
	"minecraft:geometry": [
		{
			"description": {
				"identifier": "geometry.billeys_mobs.tiktaalik",
				"texture_width": 64,
				"texture_height": 64,
				"visible_bounds_width": 5,
				"visible_bounds_height": 2.5,
				"visible_bounds_offset": [0, 0.75, 0]
			},
			"bones": [{
				"name": "ooo",
				"pivot": [
					0,
					0,
					0
				]
			},
			{
				"parent": "ooo",
					"name": "body",
					"pivot": [0, 3.5, 0],
					"cubes": [
						{"origin": [-3.5, 1, -13], "size": [7, 5, 13], "inflate": 0.01, "uv": [0, 18]}
					]
				},
				{
					"name": "head",
					"parent": "body",
					"pivot": [0, 4, -13],
					"cubes": [
						{"origin": [-4.5, 3, -22], "size": [9, 3, 9], "inflate": 0.02, "uv": [27, 0]}
					]
				},
				{
					"name": "bowtie",
					"parent": "head",
					"pivot": [0, 5.5, -22]
				},
				{
					"name": "eyes",
					"parent": "head",
					"pivot": [0, 6, -15]
				},
				{
					"name": "right_eye",
					"parent": "eyes",
					"pivot": [-1.5, 6, -15],
					"cubes": [
						{"origin": [-2.5, 6, -16], "size": [2, 1, 2], "uv": [27, 5]}
					]
				},
				{
					"name": "left_eye",
					"parent": "eyes",
					"pivot": [1.5, 6, -15],
					"cubes": [
						{"origin": [0.5, 6, -16], "size": [2, 1, 2], "uv": [0, 27]}
					]
				},
				{
					"name": "hat",
					"parent": "eyes",
					"pivot": [0, 7, -15]
				},
				{
					"name": "jaw",
					"parent": "head",
					"pivot": [0, 3, -13],
					"cubes": [
						{"origin": [-4.5, 2, -22], "size": [9, 1, 9], "uv": [27, 18]}
					]
				},
				{
					"name": "body1",
					"parent": "body",
					"pivot": [0, 3.5, 0],
					"cubes": [
						{"origin": [-3.5, 1, 0], "size": [7, 5, 13], "uv": [0, 0]}
					]
				},
				{
					"name": "tail",
					"parent": "body1",
					"pivot": [0, 4, 13],
					"cubes": [
						{"origin": [-1, 2, 13], "size": [2, 4, 12], "uv": [28, 28]},
						{"origin": [0, 0, 17], "size": [0, 8, 13], "uv": [0, 23]}
					]
				},
				{
					"name": "right_leg2",
					"parent": "body1",
					"pivot": [-3.5, 3, 10],
					"cubes": [
						{"origin": [-5.5, 0, 9], "size": [2, 3, 2], "inflate": 0.01, "uv": [27, 0]},
						{"origin": [-7.5, 0, 9], "size": [4, 0, 4], "uv": [0, 18]}
					]
				},
				{
					"name": "left_leg2",
					"parent": "body1",
					"pivot": [3.5, 3, 10],
					"cubes": [
						{"origin": [3.5, 0, 9], "size": [2, 3, 2], "inflate": 0.01, "uv": [27, 0]},
						{"origin": [3.5, 0, 9], "size": [4, 0, 4], "uv": [0, 8]}
					]
				},
				{
					"name": "left_leg",
					"parent": "body",
					"pivot": [3.5, 3, -8],
					"cubes": [
						{"origin": [3.5, 0, -9], "size": [2, 3, 2], "inflate": 0.01, "uv": [27, 0]},
						{"origin": [3.5, 0, -9], "size": [4, 0, 4], "uv": [0, 4]}
					]
				},
				{
					"name": "right_leg",
					"parent": "body",
					"pivot": [-3.5, 3, -8],
					"cubes": [
						{"origin": [-5.5, 0, -9], "size": [2, 3, 2], "inflate": 0.01, "uv": [27, 0]},
						{"origin": [-7.5, 0, -9], "size": [4, 0, 4], "uv": [0, 0]}
					]
				}
			]
		}
	]
}