{
	"format_version": "1.12.0",
	"minecraft:geometry": [
		{
			"description": {
				"identifier": "geometry.billeys_mobs.velvet_worm",
				"texture_width": 32,
				"texture_height": 32,
				"visible_bounds_width": 3,
				"visible_bounds_height": 2.5,
				"visible_bounds_offset": [0, 0.75, 0]
			},
			"bones": [{
				"name": "ooo",
				"pivot": [
					0,
					0,
					0
				]
			},
			{
				"parent": "ooo",
					"name": "death",
					"pivot": [0, 0, 0]
				},
				{
					"name": "squish",
					"parent": "death",
					"pivot": [0, 2.5, -6]
				},
				{
					"name": "body",
					"parent": "squish",
					"pivot": [0, 2.5, 0]
				},
				{
					"name": "back_body",
					"parent": "body",
					"pivot": [0, 2.5, 0],
					"cubes": [
						{"origin": [-2, 1, 0], "size": [4, 3, 4], "inflate": 0.01, "uv": [0, 0]}
					]
				},
				{
					"name": "back_body1",
					"parent": "back_body",
					"pivot": [0, 2.5, 4],
					"cubes": [
						{"origin": [-2, 1, 4], "size": [4, 3, 3], "uv": [14, 5]}
					]
				},
				{
					"name": "tail",
					"parent": "back_body1",
					"pivot": [0, 2.5, 7],
					"cubes": [
						{"origin": [-1, 2, 7], "size": [2, 1, 1], "uv": [13, 0]}
					]
				},
				{
					"name": "bowtie",
					"parent": "tail",
					"pivot": [0, 2.5, 8],
					"rotation": [0, 180, 0]
				},
				{
					"name": "left_leg1",
					"parent": "back_body1",
					"pivot": [2, 1, 4.5],
					"rotation": [0, 0, 45],
					"cubes": [
						{"origin": [1.41421, 1, 4], "size": [2, 0, 1], "uv": [21, 22]}
					]
				},
				{
					"name": "right_leg1",
					"parent": "back_body1",
					"pivot": [-2, 1, 4.5],
					"rotation": [0, 0, -45],
					"cubes": [
						{"origin": [-3.41421, 1, 4], "size": [2, 0, 1], "uv": [17, 12]}
					]
				},
				{
					"name": "right_leg6",
					"parent": "back_body1",
					"pivot": [-2, 1, 6.5],
					"rotation": [0, 0, -45],
					"cubes": [
						{"origin": [-3.41421, 1, 6], "size": [2, 0, 1], "uv": [17, 3]}
					]
				},
				{
					"name": "left_leg6",
					"parent": "back_body1",
					"pivot": [2, 1, 6.5],
					"rotation": [0, 0, 45],
					"cubes": [
						{"origin": [1.41421, 1, 6], "size": [2, 0, 1], "uv": [21, 20]}
					]
				},
				{
					"name": "left_leg4",
					"parent": "back_body",
					"pivot": [2, 1, 0.5],
					"rotation": [0, 0, 45],
					"cubes": [
						{"origin": [1.41421, 1, 0], "size": [2, 0, 1], "uv": [0, 21]}
					]
				},
				{
					"name": "left_leg5",
					"parent": "back_body",
					"pivot": [2, 1, 2.5],
					"rotation": [0, 0, 45],
					"cubes": [
						{"origin": [1.41421, 1, 2], "size": [2, 0, 1], "uv": [0, 23]}
					]
				},
				{
					"name": "right_leg5",
					"parent": "back_body",
					"pivot": [-2, 1, 2.5],
					"rotation": [0, 0, -45],
					"cubes": [
						{"origin": [-3.41421, 1, 2], "size": [2, 0, 1], "uv": [20, 0]}
					]
				},
				{
					"name": "right_leg4",
					"parent": "back_body",
					"pivot": [-2, 1, 0.5],
					"rotation": [0, 0, -45],
					"cubes": [
						{"origin": [-3.41421, 1, 0], "size": [2, 0, 1], "uv": [23, 2]}
					]
				},
				{
					"name": "front_body",
					"parent": "body",
					"pivot": [0, 2.5, 0],
					"cubes": [
						{"origin": [-2, 1, -4], "size": [4, 3, 4], "uv": [0, 8]}
					]
				},
				{
					"name": "left_leg2",
					"parent": "front_body",
					"pivot": [2, 1, -3.5],
					"rotation": [0, 0, 45],
					"cubes": [
						{"origin": [1.41421, 1, -4], "size": [2, 0, 1], "uv": [26, 4]}
					]
				},
				{
					"name": "right_leg2",
					"parent": "front_body",
					"pivot": [-2, 1, -3.5],
					"rotation": [0, 0, -45],
					"cubes": [
						{"origin": [-3.41421, 1, -4], "size": [2, 0, 1], "uv": [24, 12]}
					]
				},
				{
					"name": "left_leg3",
					"parent": "front_body",
					"pivot": [2, 1, -1.5],
					"rotation": [0, 0, 45],
					"cubes": [
						{"origin": [1.41421, 1, -2], "size": [2, 0, 1], "uv": [0, 25]}
					]
				},
				{
					"name": "right_leg3",
					"parent": "front_body",
					"pivot": [-2, 1, -1.5],
					"rotation": [0, 0, -45],
					"cubes": [
						{"origin": [-3.41421, 1, -2], "size": [2, 0, 1], "uv": [21, 24]}
					]
				},
				{
					"name": "front_body1",
					"parent": "front_body",
					"pivot": [0, 2.5, -4],
					"cubes": [
						{"origin": [-2, 1, -6], "size": [4, 3, 2], "inflate": 0.01, "uv": [15, 14]}
					]
				},
				{
					"name": "head",
					"parent": "front_body1",
					"pivot": [0, 3, -6.5],
					"cubes": [
						{"origin": [-1.5, 2, -8], "size": [3, 2, 2], "uv": [0, 16]},
						{"origin": [0.5, 2, -9], "size": [1, 1, 1], "uv": [18, 26]},
						{"origin": [-1.5, 2, -9], "size": [1, 1, 1], "uv": [13, 26]}
					],
					"locators": {
						"lead": [0, 2, -6]
					}
				},
				{
					"name": "left_slime",
					"parent": "head",
					"pivot": [1, 2.5, -8],
					"cubes": [
						{
							"origin": [0.55, 2.5, -8.95],
							"size": [0.9, 0, 0.9],
							"uv": {
								"up": {"uv": [1, 1], "uv_size": [-1, -1]}
							}
						}
					]
				},
				{
					"name": "right_slime",
					"parent": "head",
					"pivot": [-1, 2.5, -8],
					"cubes": [
						{
							"origin": [-1.45, 2.5, -8.95],
							"size": [0.9, 0, 0.9],
							"uv": {
								"up": {"uv": [0, 1], "uv_size": [1, -1]}
							}
						}
					]
				},
				{
					"name": "left_antenna",
					"parent": "head",
					"pivot": [0.5, 4, -7],
					"rotation": [0, 0, 22.5],
					"cubes": [
						{"origin": [0.42388, 3.38268, -7], "size": [2, 5, 0], "uv": [16, 20]}
					]
				},
				{
					"name": "right_antenna",
					"parent": "head",
					"pivot": [-0.5, 4, -7],
					"rotation": [0, 0, -22.5],
					"cubes": [
						{"origin": [-2.42388, 3.38268, -7], "size": [2, 5, 0], "uv": [11, 20]}
					]
				},
				{
					"name": "hat",
					"parent": "head",
					"pivot": [0, 4, -7]
				},
				{
					"name": "left_leg",
					"parent": "front_body1",
					"pivot": [2, 1, -5.5],
					"rotation": [0, 0, 45],
					"cubes": [
						{"origin": [1.41421, 1, -6], "size": [2, 0, 1], "uv": [26, 6]}
					]
				},
				{
					"name": "right_leg",
					"parent": "front_body1",
					"pivot": [-2, 1, -5.5],
					"rotation": [0, 0, -45],
					"cubes": [
						{"origin": [-3.41421, 1, -6], "size": [2, 0, 1], "uv": [6, 26]}
					]
				}
			]
		}
	]
}