{
	"format_version": "1.12.0",
	"minecraft:geometry": [
		{
			"description": {
				"identifier": "geometry.billeys_mobs.woodlouse",
				"texture_width": 64,
				"texture_height": 64,
				"visible_bounds_width": 3,
				"visible_bounds_height": 2.5,
				"visible_bounds_offset": [0, 0.75, 0]
			},
			"bones": [{
				"name": "ooo",
				"pivot": [
					0,
					0,
					0
				]
			},
			{
				"parent": "ooo",
					"name": "body",
					"pivot": [0, 3.5, 0]
				},
				{
					"name": "body1",
					"parent": "body",
					"pivot": [0, 6, 0],
					"cubes": [
						{
							"origin": [-3.5, 1, -2],
							"size": [7, 5, 2],
							"uv": {
								"north": {"uv": [13.032, 13.032], "uv_size": [6.936, 4.936]},
								"east": {"uv": [7.032, 13.032], "uv_size": [1.936, 4.936]},
								"south": {"uv": [33.032, 13.032], "uv_size": [6.936, 4.936]},
								"west": {"uv": [24.032, 13.032], "uv_size": [1.936, 4.936]},
								"up": {"uv": [13.032, 7.032], "uv_size": [6.936, 1.936]},
								"down": {"uv": [20.032, 8.968], "uv_size": [6.936, -1.936]}
							}
						}
					]
				},
				{
					"name": "left_leg2",
					"parent": "body1",
					"pivot": [3.5, 1, -1.5],
					"rotation": [0, 0, 30],
					"cubes": [
						{
							"origin": [2.5, 1, -2],
							"size": [3, 0, 1],
							"uv": {
								"north": {"uv": [7.032, 12.032], "uv_size": [2.936, 0]},
								"east": {"uv": [6.032, 12.032], "uv_size": [0.936, 0]},
								"south": {"uv": [11.032, 12.032], "uv_size": [2.936, 0]},
								"west": {"uv": [10.032, 12.032], "uv_size": [0.936, 0]},
								"up": {"uv": [7.032, 11.032], "uv_size": [2.936, 0.936]},
								"down": {"uv": [10.032, 11.968], "uv_size": [2.936, -0.936]}
							}
						}
					]
				},
				{
					"name": "right_leg2",
					"parent": "body1",
					"pivot": [-3.5, 1, -1.5],
					"rotation": [0, 0, -30],
					"cubes": [
						{
							"origin": [-5.5, 1, -2],
							"size": [3, 0, 1],
							"uv": {
								"north": {"uv": [13.032, 19.032], "uv_size": [2.936, 0]},
								"east": {"uv": [12.032, 19.032], "uv_size": [0.936, 0]},
								"south": {"uv": [17.032, 19.032], "uv_size": [2.936, 0]},
								"west": {"uv": [16.032, 19.032], "uv_size": [0.936, 0]},
								"up": {"uv": [13.032, 18.032], "uv_size": [2.936, 0.936]},
								"down": {"uv": [16.032, 18.968], "uv_size": [2.936, -0.936]}
							}
						}
					]
				},
				{
					"name": "body2",
					"parent": "body1",
					"pivot": [0, 6, -2],
					"cubes": [
						{
							"origin": [-3.5, 1, -4],
							"size": [7, 5, 2],
							"uv": {
								"north": {"uv": [13.032, 13.032], "uv_size": [6.936, 4.936]},
								"east": {"uv": [9.032, 13.032], "uv_size": [1.936, 4.936]},
								"south": {"uv": [33.032, 13.032], "uv_size": [6.936, 4.936]},
								"west": {"uv": [22.032, 13.032], "uv_size": [1.936, 4.936]},
								"up": {"uv": [13.032, 9.032], "uv_size": [6.936, 1.936]},
								"down": {"uv": [20.032, 10.968], "uv_size": [6.936, -1.936]}
							}
						}
					]
				},
				{
					"name": "left_leg1",
					"parent": "body2",
					"pivot": [3.5, 1, -3.5],
					"rotation": [0, 0, 30],
					"cubes": [
						{
							"origin": [2.5, 1, -4],
							"size": [3, 0, 1],
							"uv": {
								"north": {"uv": [1.032, 13.032], "uv_size": [2.936, 0]},
								"east": {"uv": [0.032, 13.032], "uv_size": [0.936, 0]},
								"south": {"uv": [5.032, 13.032], "uv_size": [2.936, 0]},
								"west": {"uv": [4.032, 13.032], "uv_size": [0.936, 0]},
								"up": {"uv": [1.032, 12.032], "uv_size": [2.936, 0.936]},
								"down": {"uv": [4.032, 12.968], "uv_size": [2.936, -0.936]}
							}
						}
					]
				},
				{
					"name": "right_leg1",
					"parent": "body2",
					"pivot": [-3.5, 1, -3.5],
					"rotation": [0, 0, -30],
					"cubes": [
						{
							"origin": [-5.5, 1, -4],
							"size": [3, 0, 1],
							"uv": {
								"north": {"uv": [19.032, 19.032], "uv_size": [2.936, 0]},
								"east": {"uv": [18.032, 19.032], "uv_size": [0.936, 0]},
								"south": {"uv": [23.032, 19.032], "uv_size": [2.936, 0]},
								"west": {"uv": [22.032, 19.032], "uv_size": [0.936, 0]},
								"up": {"uv": [19.032, 18.032], "uv_size": [2.936, 0.936]},
								"down": {"uv": [22.032, 18.968], "uv_size": [2.936, -0.936]}
							}
						}
					]
				},
				{
					"name": "body3",
					"parent": "body2",
					"pivot": [0, 6, -4],
					"cubes": [
						{
							"origin": [-3.5, 1, -6],
							"size": [7, 5, 2],
							"uv": {
								"north": {"uv": [13.032, 13.032], "uv_size": [6.936, 4.936]},
								"east": {"uv": [11.032, 13.032], "uv_size": [1.936, 4.936]},
								"south": {"uv": [33.032, 13.032], "uv_size": [6.936, 4.936]},
								"west": {"uv": [20.032, 13.032], "uv_size": [1.936, 4.936]},
								"up": {"uv": [13.032, 11.032], "uv_size": [6.936, 1.936]},
								"down": {"uv": [20.032, 12.968], "uv_size": [6.936, -1.936]}
							}
						}
					]
				},
				{
					"name": "bowtie",
					"parent": "body3",
					"pivot": [0, 1, -6],
					"rotation": [45, 0, 0]
				},
				{
					"name": "left_leg0",
					"parent": "body3",
					"pivot": [3.5, 1, -5.5],
					"rotation": [0, 0, 30],
					"cubes": [
						{
							"origin": [3.5, 1, -6],
							"size": [2, 0, 1],
							"uv": {
								"north": {"uv": [8.032, 7.032], "uv_size": [1.936, 0]},
								"east": {"uv": [7.032, 7.032], "uv_size": [0.936, 0]},
								"south": {"uv": [11.032, 7.032], "uv_size": [1.936, 0]},
								"west": {"uv": [10.032, 7.032], "uv_size": [0.936, 0]},
								"up": {"uv": [8.032, 6.032], "uv_size": [1.936, 0.936]},
								"down": {"uv": [10.032, 6.968], "uv_size": [1.936, -0.936]}
							}
						}
					]
				},
				{
					"name": "right_leg0",
					"parent": "body3",
					"pivot": [-3.5, 1, -5.5],
					"rotation": [0, 0, -30],
					"cubes": [
						{
							"origin": [-5.5, 1, -6],
							"size": [2, 0, 1],
							"uv": {
								"north": {"uv": [8.032, 6.032], "uv_size": [1.936, 0]},
								"east": {"uv": [7.032, 6.032], "uv_size": [0.936, 0]},
								"south": {"uv": [11.032, 6.032], "uv_size": [1.936, 0]},
								"west": {"uv": [10.032, 6.032], "uv_size": [0.936, 0]},
								"up": {"uv": [8.032, 5.032], "uv_size": [1.936, 0.936]},
								"down": {"uv": [10.032, 5.968], "uv_size": [1.936, -0.936]}
							}
						}
					]
				},
				{
					"name": "head",
					"parent": "body3",
					"pivot": [0, 3.5, -7],
					"cubes": [
						{
							"origin": [-2, 2, -8],
							"size": [4, 3, 2],
							"uv": {
								"north": {"uv": [2.032, 2.032], "uv_size": [3.936, 2.936]},
								"east": {"uv": [0.032, 2.032], "uv_size": [1.936, 2.936]},
								"south": {"uv": [8.032, 2.032], "uv_size": [3.936, 2.936]},
								"west": {"uv": [6.032, 2.032], "uv_size": [1.936, 2.936]},
								"up": {"uv": [2.032, 0.032], "uv_size": [3.936, 1.936]},
								"down": {"uv": [6.032, 1.968], "uv_size": [3.936, -1.936]}
							}
						}
					],
					"locators": {
						"lead": [0, 3, -6]
					}
				},
				{
					"name": "left_antenna",
					"parent": "head",
					"pivot": [2, 3, -8],
					"rotation": [0, -32.5, 0],
					"cubes": [
						{
							"origin": [1, 3, -11],
							"size": [1, 0, 4],
							"uv": {
								"north": {"uv": [6.032, 9.032], "uv_size": [0.936, 0]},
								"east": {"uv": [2.032, 9.032], "uv_size": [3.936, 0]},
								"south": {"uv": [11.032, 9.032], "uv_size": [0.936, 0]},
								"west": {"uv": [7.032, 9.032], "uv_size": [3.936, 0]},
								"up": {"uv": [6.032, 5.032], "uv_size": [0.936, 3.936]},
								"down": {"uv": [7.032, 8.968], "uv_size": [0.936, -3.936]}
							}
						}
					]
				},
				{
					"name": "right_antenna",
					"parent": "head",
					"pivot": [-2, 3, -8],
					"rotation": [0, 32.5, 0],
					"cubes": [
						{
							"origin": [-2, 3, -11],
							"size": [1, 0, 4],
							"uv": {
								"north": {"uv": [4.032, 9.032], "uv_size": [0.936, 0]},
								"east": {"uv": [0.032, 9.032], "uv_size": [3.936, 0]},
								"south": {"uv": [9.032, 9.032], "uv_size": [0.936, 0]},
								"west": {"uv": [5.032, 9.032], "uv_size": [3.936, 0]},
								"up": {"uv": [4.032, 5.032], "uv_size": [0.936, 3.936]},
								"down": {"uv": [5.032, 8.968], "uv_size": [0.936, -3.936]}
							}
						}
					]
				},
				{
					"name": "hat",
					"parent": "head",
					"pivot": [0, 5, -7]
				},
				{
					"name": "body4",
					"parent": "body",
					"pivot": [0, 3.5, 2],
					"cubes": [
						{
							"origin": [-3.5, 1, 0],
							"size": [7, 5, 2],
							"uv": {
								"north": {"uv": [13.032, 13.032], "uv_size": [6.936, 4.936]},
								"east": {"uv": [5.032, 13.032], "uv_size": [1.936, 4.936]},
								"south": {"uv": [33.032, 13.032], "uv_size": [6.936, 4.936]},
								"west": {"uv": [26.032, 13.032], "uv_size": [1.936, 4.936]},
								"up": {"uv": [13.032, 5.032], "uv_size": [6.936, 1.936]},
								"down": {"uv": [20.032, 6.968], "uv_size": [6.936, -1.936]}
							}
						}
					]
				},
				{
					"name": "right_leg3",
					"parent": "body4",
					"pivot": [-3.5, 1, 0.5],
					"rotation": [0, 0, -30],
					"cubes": [
						{
							"origin": [-5.5, 1, 0],
							"size": [3, 0, 1],
							"uv": {
								"north": {"uv": [7.032, 19.032], "uv_size": [2.936, 0]},
								"east": {"uv": [6.032, 19.032], "uv_size": [0.936, 0]},
								"south": {"uv": [11.032, 19.032], "uv_size": [2.936, 0]},
								"west": {"uv": [10.032, 19.032], "uv_size": [0.936, 0]},
								"up": {"uv": [7.032, 18.032], "uv_size": [2.936, 0.936]},
								"down": {"uv": [10.032, 18.968], "uv_size": [2.936, -0.936]}
							}
						}
					]
				},
				{
					"name": "left_leg3",
					"parent": "body4",
					"pivot": [3.5, 1, 0.5],
					"rotation": [0, 0, 30],
					"cubes": [
						{
							"origin": [2.5, 1, 0],
							"size": [3, 0, 1],
							"uv": {
								"north": {"uv": [1.032, 12.032], "uv_size": [2.936, 0]},
								"east": {"uv": [0.032, 12.032], "uv_size": [0.936, 0]},
								"south": {"uv": [5.032, 12.032], "uv_size": [2.936, 0]},
								"west": {"uv": [4.032, 12.032], "uv_size": [0.936, 0]},
								"up": {"uv": [1.032, 11.032], "uv_size": [2.936, 0.936]},
								"down": {"uv": [4.032, 11.968], "uv_size": [2.936, -0.936]}
							}
						}
					]
				},
				{
					"name": "body5",
					"parent": "body4",
					"pivot": [0, 6, 2],
					"cubes": [
						{
							"origin": [-3.5, 1, 2],
							"size": [7, 5, 2],
							"uv": {
								"north": {"uv": [13.032, 13.032], "uv_size": [6.936, 4.936]},
								"east": {"uv": [3.032, 13.032], "uv_size": [1.936, 4.936]},
								"south": {"uv": [33.032, 13.032], "uv_size": [6.936, 4.936]},
								"west": {"uv": [28.032, 13.032], "uv_size": [1.936, 4.936]},
								"up": {"uv": [13.032, 3.032], "uv_size": [6.936, 1.936]},
								"down": {"uv": [20.032, 4.968], "uv_size": [6.936, -1.936]}
							}
						}
					]
				},
				{
					"name": "left_leg4",
					"parent": "body5",
					"pivot": [3.5, 1, 2.5],
					"rotation": [0, 0, 30],
					"cubes": [
						{
							"origin": [2.5, 1, 2],
							"size": [3, 0, 1],
							"uv": {
								"north": {"uv": [7.032, 11.032], "uv_size": [2.936, 0]},
								"east": {"uv": [6.032, 11.032], "uv_size": [0.936, 0]},
								"south": {"uv": [11.032, 11.032], "uv_size": [2.936, 0]},
								"west": {"uv": [10.032, 11.032], "uv_size": [0.936, 0]},
								"up": {"uv": [7.032, 10.032], "uv_size": [2.936, 0.936]},
								"down": {"uv": [10.032, 10.968], "uv_size": [2.936, -0.936]}
							}
						}
					]
				},
				{
					"name": "right_leg4",
					"parent": "body5",
					"pivot": [-3.5, 1, 2.5],
					"rotation": [0, 0, -30],
					"cubes": [
						{
							"origin": [-5.5, 1, 2],
							"size": [3, 0, 1],
							"uv": {
								"north": {"uv": [1.032, 19.032], "uv_size": [2.936, 0]},
								"east": {"uv": [0.032, 19.032], "uv_size": [0.936, 0]},
								"south": {"uv": [5.032, 19.032], "uv_size": [2.936, 0]},
								"west": {"uv": [4.032, 19.032], "uv_size": [0.936, 0]},
								"up": {"uv": [1.032, 18.032], "uv_size": [2.936, 0.936]},
								"down": {"uv": [4.032, 18.968], "uv_size": [2.936, -0.936]}
							}
						}
					]
				},
				{
					"name": "body6",
					"parent": "body5",
					"pivot": [0, 6, 4],
					"cubes": [
						{
							"origin": [-3.5, 1, 4],
							"size": [7, 5, 2],
							"uv": {
								"north": {"uv": [13.032, 13.032], "uv_size": [6.936, 4.936]},
								"east": {"uv": [1.032, 13.032], "uv_size": [1.936, 4.936]},
								"south": {"uv": [33.032, 13.032], "uv_size": [6.936, 4.936]},
								"west": {"uv": [30.032, 13.032], "uv_size": [1.936, 4.936]},
								"up": {"uv": [13.032, 1.032], "uv_size": [6.936, 1.936]},
								"down": {"uv": [20.032, 2.968], "uv_size": [6.936, -1.936]}
							}
						}
					]
				},
				{
					"name": "left_leg5",
					"parent": "body6",
					"pivot": [3.5, 1, 4.5],
					"rotation": [0, 0, 30],
					"cubes": [
						{
							"origin": [2.5, 1, 4],
							"size": [3, 0, 1],
							"uv": {
								"north": {"uv": [1.032, 11.032], "uv_size": [2.936, 0]},
								"east": {"uv": [0.032, 11.032], "uv_size": [0.936, 0]},
								"south": {"uv": [5.032, 11.032], "uv_size": [2.936, 0]},
								"west": {"uv": [4.032, 11.032], "uv_size": [0.936, 0]},
								"up": {"uv": [1.032, 10.032], "uv_size": [2.936, 0.936]},
								"down": {"uv": [4.032, 10.968], "uv_size": [2.936, -0.936]}
							}
						}
					]
				},
				{
					"name": "right_leg5",
					"parent": "body6",
					"pivot": [-3.5, 1, 4.5],
					"rotation": [0, 0, -30],
					"cubes": [
						{
							"origin": [-5.5, 1, 4],
							"size": [3, 0, 1],
							"uv": {
								"north": {"uv": [7.032, 13.032], "uv_size": [2.936, 0]},
								"east": {"uv": [6.032, 13.032], "uv_size": [0.936, 0]},
								"south": {"uv": [11.032, 13.032], "uv_size": [2.936, 0]},
								"west": {"uv": [10.032, 13.032], "uv_size": [0.936, 0]},
								"up": {"uv": [7.032, 12.032], "uv_size": [2.936, 0.936]},
								"down": {"uv": [10.032, 12.968], "uv_size": [2.936, -0.936]}
							}
						}
					]
				},
				{
					"name": "body7",
					"parent": "body6",
					"pivot": [0, 6, 6],
					"cubes": [
						{
							"origin": [-3.5, 1, 6],
							"size": [7, 5, 1],
							"inflate": 0.01,
							"uv": {
								"north": {"uv": [13.032, 13.032], "uv_size": [6.936, 4.936]},
								"east": {"uv": [0.032, 13.032], "uv_size": [0.936, 4.936]},
								"south": {"uv": [33.032, 13.032], "uv_size": [6.936, 4.936]},
								"west": {"uv": [32.032, 13.032], "uv_size": [0.936, 4.936]},
								"up": {"uv": [13.032, 0.032], "uv_size": [6.936, 0.936]},
								"down": {"uv": [20.032, 0.968], "uv_size": [6.936, -0.936]}
							}
						}
					]
				},
				{
					"name": "left_leg6",
					"parent": "body7",
					"pivot": [3.5, 1, 6.5],
					"rotation": [0, 0, 30],
					"cubes": [
						{
							"origin": [2.5, 1, 6],
							"size": [3, 0, 1],
							"uv": {
								"north": {"uv": [7.032, 10.032], "uv_size": [2.936, 0]},
								"east": {"uv": [6.032, 10.032], "uv_size": [0.936, 0]},
								"south": {"uv": [11.032, 10.032], "uv_size": [2.936, 0]},
								"west": {"uv": [10.032, 10.032], "uv_size": [0.936, 0]},
								"up": {"uv": [7.032, 9.032], "uv_size": [2.936, 0.936]},
								"down": {"uv": [10.032, 9.968], "uv_size": [2.936, -0.936]}
							}
						}
					]
				},
				{
					"name": "right_leg6",
					"parent": "body7",
					"pivot": [-3.5, 1, 6.5],
					"rotation": [0, 0, -30],
					"cubes": [
						{
							"origin": [-5.5, 1, 6],
							"size": [3, 0, 1],
							"uv": {
								"north": {"uv": [1.032, 10.032], "uv_size": [2.936, 0]},
								"east": {"uv": [0.032, 10.032], "uv_size": [0.936, 0]},
								"south": {"uv": [5.032, 10.032], "uv_size": [2.936, 0]},
								"west": {"uv": [4.032, 10.032], "uv_size": [0.936, 0]},
								"up": {"uv": [1.032, 9.032], "uv_size": [2.936, 0.936]},
								"down": {"uv": [4.032, 9.968], "uv_size": [2.936, -0.936]}
							}
						}
					]
				},
				{
					"name": "tail",
					"parent": "body7",
					"pivot": [0, 5, 7],
					"cubes": [
						{
							"origin": [-2, 2, 7],
							"size": [4, 3, 2],
							"uv": {
								"north": {"uv": [35.032, 6.032], "uv_size": [3.936, 2.936]},
								"east": {"uv": [33.032, 6.032], "uv_size": [1.936, 2.936]},
								"south": {"uv": [41.032, 6.032], "uv_size": [3.936, 2.936]},
								"west": {"uv": [39.032, 6.032], "uv_size": [1.936, 2.936]},
								"up": {"uv": [35.032, 4.032], "uv_size": [3.936, 1.936]},
								"down": {"uv": [39.032, 5.968], "uv_size": [3.936, -1.936]}
							}
						}
					]
				},
				{
					"name": "right_tail",
					"parent": "tail",
					"pivot": [-2, 3, 9],
					"rotation": [-39.73883, -19.24795, 9.60693],
					"cubes": [
						{
							"origin": [-2, 3, 8],
							"size": [1, 0, 3],
							"uv": {
								"north": {"uv": [36.032, 9.032], "uv_size": [0.936, 0]},
								"east": {"uv": [33.032, 9.032], "uv_size": [2.936, 0]},
								"south": {"uv": [40.032, 9.032], "uv_size": [0.936, 0]},
								"west": {"uv": [37.032, 9.032], "uv_size": [2.936, 0]},
								"up": {"uv": [36.032, 6.032], "uv_size": [0.936, 2.936]}
							}
						}
					]
				},
				{
					"name": "left_tail",
					"parent": "tail",
					"pivot": [2, 3, 9],
					"rotation": [-39.73883, 19.24795, -9.60693],
					"cubes": [
						{
							"origin": [1, 3, 8],
							"size": [1, 0, 3],
							"uv": {
								"north": {"uv": [36.968, 9.032], "uv_size": [-0.936, 0]},
								"east": {"uv": [39.968, 9.032], "uv_size": [-2.936, 0]},
								"south": {"uv": [40.968, 9.032], "uv_size": [-0.936, 0]},
								"west": {"uv": [35.968, 9.032], "uv_size": [-2.936, 0]},
								"up": {"uv": [36.968, 6.032], "uv_size": [-0.936, 2.936]}
							}
						}
					]
				}
			]
		}
	]
}