{
	"format_version": "1.12.0",
	"minecraft:geometry": [
		{
			"description": {
				"identifier": "geometry.zcat",
				"texture_width": 64,
				"texture_height": 32,
				"visible_bounds_width": 4,
				"visible_bounds_height": 3,
				"visible_bounds_offset": [0, 0.5, 0]
			},
			"bones": [
				{
					"name": "ooo",
					"pivot": [0, 0, 0]
				},
				{
					"name": "bone",
					"parent": "ooo",
					"pivot": [0, 7, -7]
				},
				{
					"name": "body",
					"parent": "bone",
					"pivot": [0, 7, 1]
				},
				{
					"name": "bodynohead",
					"parent": "body",
					"pivot": [0, 7, 1]
				},
				{
					"name": "bodyxd",
					"parent": "bodynohead",
					"pivot": [0, 7, 1],
					"cubes": [
						{
							"origin": [-2, -1, -2],
							"size": [4, 16, 6],
							"pivot": [0, 7, 1],
							"rotation": [90, 0, 0],
							"uv": {
								"north": {"uv": [26, 6], "uv_size": [4, 16]},
								"east": {"uv": [20, 6], "uv_size": [6, 16]},
								"south": {"uv": [36, 6], "uv_size": [4, 16]},
								"west": {"uv": [30, 6], "uv_size": [6, 16]},
								"up": {"uv": [26, 0], "uv_size": [4, 6]},
								"down": {"uv": [30, 6], "uv_size": [4, -6]}
							}
						},
						{
							"origin": [-2, -1, -2],
							"size": [4, 16, 6],
							"inflate": -0.1,
							"pivot": [0, 7, 1],
							"rotation": [90, 0, 0],
							"uv": {
								"north": {"uv": [48, 12], "uv_size": [4, 16]},
								"east": {"uv": [42, 12], "uv_size": [6, 16]},
								"south": {"uv": [58, 12], "uv_size": [4, 16]},
								"west": {"uv": [52, 12], "uv_size": [6, 16]},
								"up": {"uv": [26, 0], "uv_size": [4, 6]},
								"down": {"uv": [52, 12], "uv_size": [4, -6]}
							}
						}
					]
				},
				{
					"name": "uhhhh",
					"parent": "bodyxd",
					"pivot": [0, 7, 1],
					"cubes": [
						{
							"origin": [-0.5, -1.02, 1],
							"size": [1, 0, 1],
							"pivot": [0, 7, 1],
							"rotation": [90, 0, 0],
							"uv": {
								"north": {"uv": [0, 0], "uv_size": [1, 0]},
								"east": {"uv": [0, 0], "uv_size": [1, 0]},
								"south": {"uv": [0, 0], "uv_size": [1, 0]},
								"west": {"uv": [0, 0], "uv_size": [1, 0]},
								"up": {"uv": [1, 1], "uv_size": [-1, -1]}
							}
						}
					]
				},
				{
					"name": "bowtie",
					"parent": "bodyxd",
					"pivot": [0, 5, -7]
				},
				{
					"name": "head",
					"parent": "bodynohead",
					"pivot": [0, 9, -9],
					"cubes": [
						{
							"origin": [-2.5, 7, -12],
							"size": [5, 4, 5],
							"uv": {
								"north": {"uv": [5, 5], "uv_size": [5, 4]},
								"east": {"uv": [0, 5], "uv_size": [5, 4]},
								"south": {"uv": [15, 5], "uv_size": [5, 4]},
								"west": {"uv": [10, 5], "uv_size": [5, 4]},
								"up": {"uv": [5, 0], "uv_size": [5, 5]},
								"down": {"uv": [10, 5], "uv_size": [5, -5]}
							}
						},
						{
							"origin": [-2.5, 7, -12],
							"size": [5, 4, 5],
							"inflate": -0.1,
							"uv": {
								"north": {"uv": [8, 28], "uv_size": [5, 4]},
								"east": {"uv": [3, 28], "uv_size": [5, 4]},
								"south": {"uv": [18, 28], "uv_size": [5, 4]},
								"west": {"uv": [13, 28], "uv_size": [5, 4]},
								"up": {"uv": [8, 23], "uv_size": [5, 5]},
								"down": {"uv": [13, 28], "uv_size": [5, -5]}
							}
						},
						{
							"origin": [-1.5, 7.01562, -13],
							"size": [3, 2, 2],
							"uv": {
								"north": {"uv": [2, 26], "uv_size": [3, 2]},
								"east": {"uv": [0, 26], "uv_size": [2, 2]},
								"south": {"uv": [7, 26], "uv_size": [3, 2]},
								"west": {"uv": [5, 26], "uv_size": [2, 2]},
								"up": {"uv": [2, 24], "uv_size": [3, 2]},
								"down": {"uv": [5, 26], "uv_size": [3, -2]}
							}
						}
					],
					"locators": {
						"lead": [0, 9, -9]
					}
				},
				{
					"name": "tongue",
					"parent": "head",
					"pivot": [0, 7.55, -11],
					"cubes": [
						{
							"origin": [-0.5, 7.5, -11.9],
							"size": [1, 0.1, 1],
							"uv": {
								"north": {"uv": [1, 1], "uv_size": [1, 0]},
								"east": {"uv": [0, 1], "uv_size": [1, 0]},
								"south": {"uv": [3, 1], "uv_size": [1, 0]},
								"west": {"uv": [2, 1], "uv_size": [1, 0]},
								"up": {"uv": [1, 0], "uv_size": [1, 1]},
								"down": {"uv": [2, 1], "uv_size": [1, -1]}
							}
						}
					]
				},
				{
					"name": "tongue4",
					"parent": "tongue",
					"pivot": [0, 7.55, -12],
					"cubes": [
						{
							"origin": [-0.5, 7.5, -12.9],
							"size": [1, 0.1, 1],
							"uv": {
								"north": {"uv": [1, 1], "uv_size": [1, 0]},
								"east": {"uv": [0, 1], "uv_size": [1, 0]},
								"south": {"uv": [3, 1], "uv_size": [1, 0]},
								"west": {"uv": [2, 1], "uv_size": [1, 0]},
								"up": {"uv": [1, 0], "uv_size": [1, 1]},
								"down": {"uv": [2, 1], "uv_size": [1, -1]}
							}
						}
					]
				},
				{
					"name": "ear2",
					"parent": "head",
					"pivot": [1.5, 11.5, -7],
					"cubes": [
						{
							"origin": [1, 11, -9],
							"size": [1, 1, 2],
							"inflate": 0.01,
							"uv": {
								"north": {"uv": [8, 12], "uv_size": [1, 1]},
								"east": {"uv": [6, 12], "uv_size": [2, 1]},
								"south": {"uv": [11, 12], "uv_size": [1, 1]},
								"west": {"uv": [9, 12], "uv_size": [2, 1]},
								"up": {"uv": [8, 10], "uv_size": [1, 2]},
								"down": {"uv": [9, 12], "uv_size": [1, -2]}
							}
						}
					]
				},
				{
					"name": "ear",
					"parent": "head",
					"pivot": [-1.5, 11.5, -7],
					"cubes": [
						{
							"origin": [-2, 11, -9],
							"size": [1, 1, 2],
							"inflate": 0.01,
							"uv": {
								"north": {"uv": [2, 12], "uv_size": [1, 1]},
								"east": {"uv": [0, 12], "uv_size": [2, 1]},
								"south": {"uv": [5, 12], "uv_size": [1, 1]},
								"west": {"uv": [3, 12], "uv_size": [2, 1]},
								"up": {"uv": [2, 10], "uv_size": [1, 2]},
								"down": {"uv": [3, 12], "uv_size": [1, -2]}
							}
						}
					]
				},
				{
					"name": "hat",
					"parent": "head",
					"pivot": [0, 11, -9.5]
				},
				{
					"name": "backLegL",
					"parent": "bodynohead",
					"pivot": [1.1, 6, 7],
					"cubes": [
						{
							"origin": [0.1, 2, 6],
							"size": [2, 4, 2],
							"uv": {
								"north": {"uv": [12, 15], "uv_size": [-2, 4]},
								"east": {"uv": [8, 15], "uv_size": [2, 4]},
								"south": {"uv": [14, 15], "uv_size": [2, 4]},
								"west": {"uv": [12, 15], "uv_size": [2, 4]},
								"up": {"uv": [10, 13], "uv_size": [2, 2]},
								"down": {"uv": [10, 17], "uv_size": [2, -2]}
							}
						}
					]
				},
				{
					"name": "foot2",
					"parent": "backLegL",
					"pivot": [1, 2, 7]
				},
				{
					"name": "bone2",
					"parent": "foot2",
					"pivot": [1, 2, 6],
					"cubes": [
						{
							"origin": [0.1, 0, 6],
							"size": [2, 2, 2],
							"inflate": -0.01,
							"uv": {
								"north": {"uv": [12, 19], "uv_size": [-2, 2]},
								"east": {"uv": [8, 19], "uv_size": [2, 2]},
								"south": {"uv": [14, 19], "uv_size": [2, 2]},
								"west": {"uv": [12, 19], "uv_size": [2, 2]},
								"up": {"uv": [10, 13], "uv_size": [2, 2]},
								"down": {"uv": [11, 21], "uv_size": [2, -2]}
							}
						}
					]
				},
				{
					"name": "backLegR",
					"parent": "bodynohead",
					"pivot": [-1.1, 6, 7],
					"cubes": [
						{
							"origin": [-2.1, 2, 6],
							"size": [2, 4, 2],
							"uv": {
								"north": {"uv": [10, 15], "uv_size": [2, 4]},
								"east": {"uv": [14, 15], "uv_size": [-2, 4]},
								"south": {"uv": [16, 15], "uv_size": [-2, 4]},
								"west": {"uv": [10, 15], "uv_size": [-2, 4]},
								"up": {"uv": [12, 13], "uv_size": [-2, 2]},
								"down": {"uv": [12, 17], "uv_size": [-2, -2]}
							}
						}
					]
				},
				{
					"name": "foot3",
					"parent": "backLegR",
					"pivot": [-1, 2, 7]
				},
				{
					"name": "bone3",
					"parent": "foot3",
					"pivot": [-1, 2, 6],
					"cubes": [
						{
							"origin": [-2.1, 0, 6],
							"size": [2, 2, 2],
							"inflate": -0.01,
							"uv": {
								"north": {"uv": [10, 19], "uv_size": [2, 2]},
								"east": {"uv": [14, 19], "uv_size": [-2, 2]},
								"south": {"uv": [16, 19], "uv_size": [-2, 2]},
								"west": {"uv": [10, 19], "uv_size": [-2, 2]},
								"up": {"uv": [12, 13], "uv_size": [-2, 2]},
								"down": {"uv": [13, 21], "uv_size": [-2, -2]}
							}
						}
					]
				},
				{
					"name": "frontLegL",
					"parent": "bodynohead",
					"pivot": [1.2, 7.8, -4],
					"cubes": [
						{
							"origin": [0.2, 3, -5],
							"size": [2, 5, 2],
							"uv": {
								"north": {"uv": [42, 4], "uv_size": [2, 5]},
								"east": {"uv": [40, 4], "uv_size": [2, 5]},
								"south": {"uv": [46, 4], "uv_size": [2, 5]},
								"west": {"uv": [44, 4], "uv_size": [2, 5]},
								"up": {"uv": [42, 5], "uv_size": [2, 2]},
								"down": {"uv": [44, 8], "uv_size": [2, -2]}
							}
						}
					]
				},
				{
					"name": "foot0",
					"parent": "frontLegL",
					"pivot": [1.2, 3, -4]
				},
				{
					"name": "bone0",
					"parent": "foot0",
					"pivot": [1.2, 3, -5],
					"cubes": [
						{
							"origin": [0.2, 0, -5],
							"size": [2, 3, 2],
							"inflate": -0.01,
							"uv": {
								"north": {"uv": [42, 9], "uv_size": [2, 3]},
								"east": {"uv": [40, 9], "uv_size": [2, 3]},
								"south": {"uv": [46, 9], "uv_size": [2, 3]},
								"west": {"uv": [44, 9], "uv_size": [2, 3]},
								"up": {"uv": [42, 0], "uv_size": [2, 2]},
								"down": {"uv": [44, 12], "uv_size": [2, -2]}
							}
						}
					]
				},
				{
					"name": "frontLegR",
					"parent": "bodynohead",
					"pivot": [-1.2, 7.8, -4],
					"cubes": [
						{
							"origin": [-2.2, 3, -5],
							"size": [2, 5, 2],
							"uv": {
								"north": {"uv": [44, 4], "uv_size": [-2, 5]},
								"east": {"uv": [46, 4], "uv_size": [-2, 5]},
								"south": {"uv": [48, 4], "uv_size": [-2, 5]},
								"west": {"uv": [42, 4], "uv_size": [-2, 5]},
								"up": {"uv": [44, 5], "uv_size": [-2, 2]},
								"down": {"uv": [46, 8], "uv_size": [-2, -2]}
							}
						}
					]
				},
				{
					"name": "foot1",
					"parent": "frontLegR",
					"pivot": [-1.2, 3, -4]
				},
				{
					"name": "bone1",
					"parent": "foot1",
					"pivot": [-1.2, 3, -5],
					"cubes": [
						{
							"origin": [-2.2, 0, -5],
							"size": [2, 3, 2],
							"inflate": -0.01,
							"uv": {
								"north": {"uv": [44, 9], "uv_size": [-2, 3]},
								"east": {"uv": [46, 9], "uv_size": [-2, 3]},
								"south": {"uv": [48, 9], "uv_size": [-2, 3]},
								"west": {"uv": [46, 9], "uv_size": [-2, 3]},
								"up": {"uv": [44, 0], "uv_size": [-2, 2]},
								"down": {"uv": [46, 12], "uv_size": [-2, -2]}
							}
						}
					]
				},
				{
					"name": "tail3",
					"parent": "bodynohead",
					"pivot": [0, 9, 8],
					"rotation": [90, 0, 0],
					"cubes": [
						{
							"origin": [-0.5, 5, 8],
							"size": [1, 4, 1],
							"inflate": 0.01,
							"uv": {
								"north": {"uv": [1, 16], "uv_size": [1, 4]},
								"east": {"uv": [0, 16], "uv_size": [1, 4]},
								"south": {"uv": [3, 16], "uv_size": [1, 4]},
								"west": {"uv": [2, 16], "uv_size": [1, 4]},
								"up": {"uv": [1, 15], "uv_size": [1, 1]},
								"down": {"uv": [2, 16], "uv_size": [1, -1]}
							}
						},
						{
							"origin": [-0.5, 1, 8],
							"size": [1, 4, 1],
							"uv": {
								"north": {"uv": [1, 20], "uv_size": [1, 4]},
								"east": {"uv": [0, 20], "uv_size": [1, 4]},
								"south": {"uv": [3, 20], "uv_size": [1, 4]},
								"west": {"uv": [2, 20], "uv_size": [1, 4]},
								"up": {"uv": [1, 19], "uv_size": [1, 1]},
								"down": {"uv": [2, 20], "uv_size": [1, -1]}
							}
						}
					]
				},
				{
					"name": "tail4",
					"parent": "tail3",
					"pivot": [0, 1, 8],
					"cubes": [
						{
							"origin": [-0.5, -3, 8],
							"size": [1, 4, 1],
							"inflate": -0.01,
							"uv": {
								"north": {"uv": [5, 16], "uv_size": [1, 4]},
								"east": {"uv": [4, 16], "uv_size": [1, 4]},
								"south": {"uv": [7, 16], "uv_size": [1, 4]},
								"west": {"uv": [6, 16], "uv_size": [1, 4]},
								"up": {"uv": [5, 15], "uv_size": [1, 1]},
								"down": {"uv": [6, 16], "uv_size": [1, -1]}
							}
						},
						{
							"origin": [-0.5, -7, 8],
							"size": [1, 4, 1],
							"inflate": -0.02,
							"uv": {
								"north": {"uv": [5, 20], "uv_size": [1, 4]},
								"east": {"uv": [4, 20], "uv_size": [1, 4]},
								"south": {"uv": [7, 20], "uv_size": [1, 4]},
								"west": {"uv": [6, 20], "uv_size": [1, 4]},
								"up": {"uv": [5, 19], "uv_size": [1, 1]},
								"down": {"uv": [5, 24], "uv_size": [1, -1]}
							}
						}
					]
				}
			]
		}
	]
}