{
	"format_version": "1.10.0",
	"particle_effect": {
		"description": {
			"identifier": "billey:wave",
			"basic_render_parameters": {
				"material": "particles_blend",
				"texture": "textures/particle/billwave"
			}
		},
		"components": {
			"minecraft:emitter_rate_instant": {
				"num_particles": 1
			},
			"minecraft:emitter_lifetime_once": {
				"active_time": 0.3
			},
			"minecraft:emitter_shape_point": {},
			"minecraft:particle_lifetime_expression": {
				"max_lifetime": 0.3
			},
			"minecraft:particle_initial_speed": 0,
			"minecraft:particle_motion_dynamic": {},
			"minecraft:particle_appearance_billboard": {
				"size": [
					"28/16",
					"12/16"
				],
				"facing_camera_mode": "rotate_xyz",
				"uv": {
					"texture_width": 28,
					"texture_height": 132,
					"uv": [
						0,
						"math.min(12+12*math.floor(v.particle_age*30),120)"
					],
					"uv_size": [
						28,
						12
					]
				}
			}
		}
	}
}