{
	"format_version": "1.10.0",
	"particle_effect": {
		"description": {
			"identifier": "billey:zeeduck",
			"basic_render_parameters": {
				"material": "particles_alpha",
				"texture": "textures/particle/zee"
			}
		},
		"components": {
			"minecraft:emitter_rate_steady": {
				"spawn_rate": 3,
				"max_particles": 3
			},
			"minecraft:emitter_lifetime_once": {
				"active_time": 1
			},
			"minecraft:emitter_shape_point": {},
			"minecraft:particle_lifetime_expression": {
				"max_lifetime": 1
			},
			"minecraft:particle_initial_speed": 1,
			"minecraft:particle_motion_dynamic": {
				"linear_acceleration": ["math.sin(v.particle_age * 60000) * 7", 5, "math.cos(v.particle_age * 60000) * 7"],
				"linear_drag_coefficient": 1
			},
			"minecraft:particle_appearance_billboard": {
				"size": ["math.max(1 - v.particle_age * 1.5, 0) / 7.5", "math.max(1 - v.particle_age * 1.5, 0) / 7.5"],
				"facing_camera_mode": "rotate_xyz",
				"uv": {
					"texture_width": 7,
					"texture_height": 10,
					"uv": [0, 0],
					"uv_size": [7, 10]
				}
			},
			"minecraft:particle_appearance_lighting": {},
			"minecraft:particle_appearance_tinting": {
				"color": [1, 1, 1, 1]
			}
		}
	}
}