{
	"format_version": "1.10.0",
	"particle_effect": {
		"description": {
			"identifier": "billey:purple_radiation",
			"basic_render_parameters": {
				"material": "particles_blend",
				"texture": "textures/particle/billradiation"
			}
		},
		"components": {
			"minecraft:emitter_local_space": {
				"position": true,
				"rotation": false
			},
			"minecraft:emitter_rate_steady": {
				"spawn_rate": 10,
				"max_particles": 10
			},
			"minecraft:emitter_lifetime_once": {
				"active_time": 1
			},
			"minecraft:emitter_shape_sphere": {
				"radius": 0.4,
				"direction": "outwards"
			},
			"minecraft:particle_lifetime_expression": {
				"max_lifetime": 0.5
			},
			"minecraft:particle_initial_speed": 0.2,
			"minecraft:particle_motion_dynamic": {
				"linear_drag_coefficient": 1
			},
			"minecraft:particle_appearance_billboard": {
				"size": [
					"1/32",
					"1/32"
				],
				"facing_camera_mode": "rotate_xyz",
				"uv": {
					"texture_width": 3,
					"texture_height": 18,
					"flipbook": {
						"max_frame": 5,
						"base_UV": [
							1,
							"math.floor(v.particle_age*16*2)+1"
						],
						"size_UV": [
							1,
							1
						],
						"step_UV": [
							0,
							0
						],
						"frames_per_second": 30
					}
				}
			},
			"minecraft:particle_appearance_lighting": {},
			"minecraft:particle_appearance_tinting": {
				"color": [
					"Math.clamp(q.is_illager_captain ? math.sin(v.colordelay+q.life_time * 200) : 215/255, 0, 1)",
					"Math.clamp(q.is_illager_captain ? math.sin(v.colordelay+q.life_time * 200+120) : 35/255, 0, 1)",
					"Math.clamp(q.is_illager_captain ? math.sin(v.colordelay+q.life_time * 200 + 240) : 1, 0, 1)",
					1
				]
			}
		}
	}
}