{
	"format_version": "1.10.0",
	"particle_effect": {
		"description": {
			"identifier": "billey:sprinkles",
			"basic_render_parameters": {
				"material": "particles_alpha",
				"texture": "textures/particle/billsprinkle"
			}
		},
		"components": {
			"minecraft:emitter_initialization": {
				"creation_expression": "v.size = 0.1;v.lifetime = 3;"
			},
			"minecraft:emitter_rate_instant": {
				"num_particles": 15
			},
			"minecraft:emitter_lifetime_once": {
				"active_time": 1
			},
			"minecraft:emitter_shape_box": {
				"half_dimensions": [0.5, 0.5, 0.5],
				"direction": "outwards"
			},
			"minecraft:particle_lifetime_expression": {
				"max_lifetime": "v.particle_random_1*v.lifetime"
			},
			"minecraft:particle_initial_speed": 0.4,
			"minecraft:particle_motion_dynamic": {},
			"minecraft:particle_appearance_billboard": {
				"size": ["math.max(1 - v.particle_age, 0) / 10", "math.max(1 - v.particle_age, 0) / 10"],
				"facing_camera_mode": "rotate_xyz",
				"uv": {
					"texture_width": 7,
					"texture_height": 10,
					"uv": [0, 0],
					"uv_size": [7, 10]
				}
			}
		}
	}
}