{
    "format_version": "1.10.0",
    "minecraft:client_entity": {
      "description": {
        "identifier": "billey:thrown_duck",
        "materials": {
          "default": "entity_alphatest"
        },
        "textures": {
          "default": "textures/entity/billeys_mobs/duck"
        },
        "sound_effects": {
          "quack": "billey.duck.saybananaquiet"
        },
        "geometry": {
          "default": "geometry.billeys_mobs.duckitem"
        },
        "render_controllers": [ "controller.render.item_sprite" ],
        "animations": {
        "new": "animation.billeys_mobs.duckproj.pop",
          "thrown": "animation.billeys_mobs.duckitem.thrown"
        },
        "scripts": {
                "should_update_bones_and_effects_offscreen": "q.graphics_mode_is_any('raytraced')",
          "animate": [ "new",
            "thrown"
          ]
        }
      }
    }
  }
  