{
  "format_version": "1.10.0",
  "minecraft:client_entity": {
    "description": {
      "identifier": "billey:velvet_projectile",
      "materials": {
        "default": "snowball"
      },
      "textures": {
        "default": "textures/billeyitems/balaglitsas"
      },
      "geometry": {
        "default": "geometry.item_sprite"
      },
      "render_controllers": [ "controller.render.item_sprite" ],
      "animations": {
        "new": "animation.billeys_mobs.duckproj.body",
        "flying": "animation.actor.billboard"
      },
      "scripts": {
                "should_update_bones_and_effects_offscreen": "q.graphics_mode_is_any('raytraced')",
        "animate": [ "new",
          "flying"
        ]
      }
    }
  }
}
