{
  "resource_pack_name": "billeys_mobs",
  "texture_name": "atlas.terrain",
  "padding": 8,
  "num_mip_levels": 4,
  "texture_data": {
    "billbanana_peel": {
      "textures": [
        "textures/blocks/billbanana_peel"
      ]
    },
    "velvetslimeblock": {
      "textures": [
        "textures/blocks/cybosglitsas"
      ]
    },
    "bluevelvetslimeblock": {
      "textures": [
        "textures/blocks/cockinoscybosglitsas"
      ]
    },
    "mixedvelvetslimeblock": {
      "textures": [
        "textures/blocks/miktoscybosglitsas"
      ]
    },
    "billcolorgravel": {
      "textures": [
        "textures/blocks/billcolorgravel"
      ]
    },
    "billwoodlousewheat": {
      "textures": [
        "textures/blocks/billwoodlousewheat"
      ]
    },
    "billpotatosticks": {
      "textures": [
        "textures/blocks/billpotatostick"
      ]
    }
  }
}