{
    "format_version": "1.10.0",
    "minecraft:attachable": {
      "description": {
        "identifier": "billey:duck_hat",
        "materials": {
          "default": "armor",
          "enchanted": "armor_enchanted"
        },
        "textures": {
          "default": "textures/entity/billeys_mobs/duck",
          "enchanted": "textures/misc/enchanted_item_glint"
        },
        "sound_effects": {
          "crack": "billey.duck.hithat",
          "crack2": "billey.duck.hithat2",
          "crack3": "billey.duck.hithat3",
          "crack4": "billey.duck.hithat4",
          "crack5": "billey.duck.hithat5",
          "die": "billey.duck.deathat",
          "quack": "billey.duck.sayquiet"
        },
        "animations": {
                "on_billey_mob": "animation.billeys_mobs.move_hat_to_pet_position",
          "healthcont": "controller.animation.billeys_mobs.crackduckhat",
          "deathsound": "controller.animation.billeys_mobs.deathat",
          "quackcont": "controller.animation.billeys_mobs.quackitem",
          "quack": "animation.billeys_mobs.duck.quack_attachable",
          "hurt": "animation.billeys_mobs.duckhelmet.hurt"
        },
        "geometry": {
          "default": "geometry.billeys_mobs.duckhelmet"
        },
        "scripts": {
          "parent_setup": "variable.helmet_layer_visible = 0.0;",
          "initialize": [
            "v.is_on_billey_mob = c.owning_entity -> q.has_property('billey:is_billey_mob');",            
            "v.prevhealth = q.health;"
          ],
          "animate": [
            {"healthcont": "!q.is_in_ui && q.is_alive"},
            "deathsound",
            {
              "on_billey_mob": "v.is_on_billey_mob"
            }
          ]
        },
        "render_controllers": [ "controller.render.armor" ]
      }
    }
  }
  