{
    "format_version": "1.10.0",
    "minecraft:attachable": {
      "description": {
        "identifier": "billey:shark_leggings",
        "materials": {
          "default": "armor",
          "enchanted": "armor_enchanted"
        },
        "textures": {
          "default": "textures/billeyarmor/shark",
          "enchanted": "textures/misc/enchanted_item_glint"
        },
        "geometry": {
            "default": "geometry.billeys_mobs.shark_armor_leggings"
        },
        "scripts": {
          "parent_setup": "v.leg_layer_visible = 0.0;"
        },
        "render_controllers": [ "controller.render.armor" ]
      }
    }
  }