{
    "format_version": "1.10.0",
    "minecraft:attachable": {
      "description": {
        "identifier": "billey:shark_chestplate",
        "materials": {
          "default": "armor",
          "enchanted": "armor_enchanted"
        },
        "textures": {
          "default": "textures/billeyarmor/shark",
          "enchanted": "textures/misc/enchanted_item_glint"
        },
        "animations": {
            "swim": "animation.billeys_mobs.shark_armor.swim"
        },
        "geometry": {
            "default": "geometry.billeys_mobs.shark_armor_chestplate"
        },
        "scripts": {
          "parent_setup": "v.chest_layer_visible = 0.0;",
          "animate": [
            {"swim":"q.modified_move_speed * 2"}
          ]
        },
        "render_controllers": [ "controller.render.armor" ]
      }
    }
  }
  