{
	"format_version": "1.10.0",
	"minecraft:attachable": {
		"description": {
			"identifier": "billey:slime_wyvern_plushie",
			"materials": {
				"default": "armor",
				"enchanted": "armor_enchanted"
			},
			"textures": {
				"default": "textures/entity/billeys_mobs/plushies/slime_wyvern",
				"enchanted": "textures/misc/enchanted_item_glint"
			},
			"geometry": {
				"default": "geometry.billeys_mobs.slime_wyvern_plushie"
			},
			"animations": {
				"on_player_head": "animation.billeys_mobs.plushie.on_player_head"
			},
			"scripts": {
				"parent_setup": "variable.helmet_layer_visible = 0.0;",
				"initialize": [
					"v.is_on_billey_mob = c.owning_entity -> q.has_property('billey:is_billey_mob');"
				],
				"animate": [
					{
						"on_player_head": "!v.is_on_billey_mob"
					}
				]
			},
			"render_controllers": [
				"controller.render.armor"
			]
		}
	}
}