{
	"format_version": "1.12.0",
	"minecraft:geometry": [
		{
			"description": {
				"identifier": "geometry.billeys_mobs.mercat_plushie",
				"texture_width": 32,
				"texture_height": 32,
				"visible_bounds_width": 3,
				"visible_bounds_height": 2.5,
				"visible_bounds_offset": [0, 0.75, 0]
			},
			"bones": [
				{
					"name": "hat",
					"pivot": [0, 0, 0]
				},
				{
					"name": "plushie_whole",
					"parent": "hat",
					"pivot": [0, 0, 0]
				},
				{
					"name": "plushie_body_cube",
					"parent": "plushie_whole",
					"pivot": [0, 0, 0],
					"cubes": [
						{"origin": [-3, 0, -3.5], "size": [6, 3, 7], "uv": [0, 0]},
						{"origin": [-0.5, 1, -1.5], "size": [1, 2, 1], "pivot": [0, 3, -0.5], "rotation": [145, 0, 0], "uv": [2, 1], "mirror": true}
					]
				},
				{
					"name": "plushie_head",
					"parent": "plushie_whole",
					"pivot": [-0.5, 0, -3.5],
					"cubes": [
						{"origin": [-2.5, 0, -7.5], "size": [5, 3, 4], "uv": [11, 24]},
						{"origin": [-1.5, 0, -8.5], "size": [3, 2, 1], "uv": [22, 13]},
						{"origin": [1.12442, 2.51358, -5.53015], "size": [1, 1, 2], "pivot": [1.62442, 3.01358, -4.53015], "rotation": [0, 20, 32.5], "uv": [25, 17]},
						{"origin": [-2.12442, 2.51358, -5.53015], "size": [1, 1, 2], "pivot": [-1.62442, 3.01358, -4.53015], "rotation": [0, -20, -32.5], "uv": [25, 17], "mirror": true}
					]
				},
				{
					"name": "plushie_leg0",
					"parent": "plushie_whole",
					"pivot": [3, 0, -2.5],
					"cubes": [
						{"origin": [3, 0, -2.5], "size": [2, 1, 1], "pivot": [3, 0, -2.5], "rotation": [0, -30, 0], "uv": [26, 22]}
					]
				},
				{
					"name": "plushie_leg2",
					"parent": "plushie_whole",
					"pivot": [3, 0, 1.5],
					"cubes": [
						{"origin": [3, 0, 1.5], "size": [1, 1, 1], "pivot": [3, 0, 1.5], "rotation": [0, -35, 0], "uv": [26, 25]}
					]
				},
				{
					"name": "plushie_leg3",
					"parent": "plushie_whole",
					"pivot": [-3, 0, 1.5],
					"cubes": [
						{"origin": [-4, 0, 1.5], "size": [1, 1, 1], "pivot": [-3, 0, 1.5], "rotation": [0, 35, 0], "uv": [26, 25], "mirror": true}
					]
				},
				{
					"name": "plushie_leg1",
					"parent": "plushie_whole",
					"pivot": [-3, 0, -2.5],
					"cubes": [
						{"origin": [-5, 0, -2.5], "size": [2, 1, 1], "pivot": [-3, 0, -2.5], "rotation": [0, 30, 0], "uv": [26, 22], "mirror": true}
					]
				},
				{
					"name": "plushie_tail",
					"parent": "plushie_whole",
					"pivot": [0, 2.5, 3.5],
					"cubes": [
						{"origin": [-1.5, 1, 3.5], "size": [3, 2, 4], "uv": [0, 21]}
					]
				},
				{
					"name": "plushie_fluke",
					"parent": "plushie_tail",
					"pivot": [0, 1.5, 7.5],
					"cubes": [
						{"origin": [-2.5, 0.99, 6.5], "size": [5, 1, 3], "uv": [8, 16]}
					]
				}
			]
		}
	]
}