{
  "format_version": "1.10.0",
  "minecraft:client_entity": {
    "description": {
      "identifier": "billey:hamster",
      "materials": {
        "default": "cat"
      },
      "textures": {
        "default": "textures/entity/billeys_mobs/hamster_dyeable"
      },
      "geometry": {
        "default": "geometry.billeys_mobs.hamster"
      },
      "animations": {
        "new": "animation.billeys_mobs.duckproj.body",
        "sit": "animation.billeys_mobs.hamster.sit",
        "sit2": "animation.billeys_mobs.hamster.sit2",
        "walk": "animation.billeys_mobs.hamster.walk",
        "saddled": "animation.billeys_mobs.hamster.shake_ass",
        "sheared": "animation.billeys_mobs.hamster.sniff",
        "run": "animation.billeys_mobs.hamster.run",
        "hurt": "animation.billeys_mobs.hamster.hurt",
        "look_at_target": "animation.common.look_at_target",
        "contsit": "controller.animation.billeys_mobs.rodent_sit",
        "contsheared": "controller.animation.billeys_mobs.rodent_sniff",
        "move": "controller.animation.billeys_mobs.rodent_walk_or_run"
      },
      "scripts": {
                "should_update_bones_and_effects_offscreen": "q.graphics_mode_is_any('raytraced')",
        "variables": {
          "variable.head_size_x": "public",
          "variable.head_size_y": "public",
          "variable.head_size_z": "public"
        },
        "initialize": [
          "v.head_size_x = 4;",
          "v.head_size_y = 3;",
          "v.head_size_z = 3;",
          "v.can_use_sit2 = 1;"
        ],
        "animate": [
          "contsit",
          "new",
          {
            "move": "!(q.is_sitting&&q.is_alive&&!q.has_rider&&!q.is_avoiding_mobs&&!(q.is_moving&&q.has_target)) && q.variant == 0"
          },
          {
            "moveinball": "(!(q.is_sitting&&q.is_alive&&!q.has_rider&&!q.is_avoiding_mobs&&!(q.is_moving&&q.has_target)) && (q.variant > 0)) ? q.modified_move_speed : 0"
          },
          {
            "hurt": "(q.max_health - q.health) / 3"
          },
          "contsheared",
          {
            "look_at_target": "q.is_alive"
          }
        ]
      },
      "enable_attachables": true,
      "hide_armor": false,
      "render_controllers": [
        "controller.render.billeys_mobs_default"
      ],
      "spawn_egg": {
        "base_color": "#ef9a4d",
        "overlay_color": "#FFDEDE"
      }
    }
  }
}