{
    "format_version": "1.10.0",
    "minecraft:client_entity": {
        "description": {
            "identifier": "billey:slime_wyvern",
            "materials": {
                "default": "villager_v2_masked",
                "cum": "entity_alphatest",
                "cat": "cat"
            },
            "textures": {
                "default": "textures/entity/billeys_mobs/slime_wyvern",
                "variant1": "textures/entity/billeys_mobs/slime_wyvern1",
                "variant2": "textures/entity/billeys_mobs/slime_wyvern2",
                "variant3": "textures/entity/billeys_mobs/slime_wyvern3",
                "variant4": "textures/entity/billeys_mobs/slime_wyvern4",
                "variant5": "textures/entity/billeys_mobs/slime_wyvern5",
                "variant6": "textures/entity/billeys_mobs/slime_wyvern6",
                "variant7": "textures/entity/billeys_mobs/slime_wyvern7",
                "variant8": "textures/entity/billeys_mobs/slime_wyvern8",
                "cum": "textures/entity/billeys_mobs/slime_wyvern_cum",
                "drunk": "textures/entity/billeys_mobs/slime_wyvern_drunk",
                "nothing": "textures/entity/billeys_mobs/slime_wyvern_nothing"
            },
            "geometry": {
                "default": "geometry.billeys_mobs.slimewyvern",
                "cum": "geometry.billeys_mobs.slimewyverncum"
            },
            "animations": {
                "new": "animation.billeys_mobs.duckproj.ooo",
                "general": "controller.animation.billeys_mobs.slime_wyvern",
                "look": "animation.billeys_mobs.slimewyvern.look",
                "on_ground": "animation.billeys_mobs.slimewyvern.on_ground",
                "walk": "animation.billeys_mobs.slimewyvern.walk",
                "walk_preview": "animation.billeys_mobs.slimewyvern.walk_preview",
                "fly": "animation.billeys_mobs.slimewyvern.fly",
                "sit": "animation.billeys_mobs.slimewyvern.sit",
                "idle": "animation.billeys_mobs.slimewyvern.idle",
                "attack": "animation.billeys_mobs.slimewyvern.attack",
                "eat": "animation.billeys_mobs.slimewyvern.eat",
                "eatcont": "controller.animation.billeys_mobs.eat",
                "on_head_cont": "controller.animation.billeys_mobs.on_head",
                "on_head": "animation.billeys_mobs.slimewyvern.on_head",
                "on_head_fly": "animation.billeys_mobs.slimewyvern.on_head_fly",
                "big_power_up": "animation.billeys_mobs.slimewyvern.big_power_up",
                "cont.big_power_up": "controller.animation.billeys_mobs.big_power_up",
                "hurt": "animation.billeys_mobs.slimewyvern.hurt",
                "hiss": "animation.billeys_mobs.slimewyvern.hiss"
            },
            "scripts": {
                "should_update_bones_and_effects_offscreen": "q.graphics_mode_is_any('raytraced')",
                "variables": {
                    "variable.head_size_x": "public",
                    "variable.head_size_y": "public",
                    "variable.head_size_z": "public"
                },
                "initialize": [
                    "v.head_size_x = 4;",
                    "v.head_size_y = 4;",
                    "v.head_size_z = 8;"
                ],
                "pre_animation": [
                    "v.sitting=(q.is_sitting&&q.is_alive&&!q.is_avoiding_mobs&&!(q.is_moving&&q.has_target));",
                    "v.turn_value=math.min(1,q.modified_move_speed/5);"
                ],
                "animate": [
                    "new",
                    {
                        "hurt": "q.health < q.max_health"
                    },
                    {
                        "eatcont": "q.is_alive"
                    },
                    {
                        "general": "!q.is_riding"
                    },
                    {
                        "on_head_cont": "q.is_riding"
                    },
                    "cont.big_power_up",
                    "idle"
                ]
            },
            "enable_attachables": true,
            "hide_armor": false,
            "render_controllers": [
                "controller.render.billeys_mobs.slimewyvern",
                {
                    "controller.render.billeys_mobs.slimewyvern.cum": "q.is_saddled"
                }
            ],
            "spawn_egg": {
                "overlay_color": "#cac838",
                "base_color": "#515a1c"
            }
        }
    }
}