{
	"format_version": "1.12.0",
	"minecraft:geometry": [
		{
			"description": {
				"identifier": "geometry.billeys_mobs.anniversary_pet_hat",
				"texture_width": 16,
				"texture_height": 16,
				"visible_bounds_width": 14,
				"visible_bounds_height": 17.5,
				"visible_bounds_offset": [0, 8.25, 0]
			},
			"bones": [
				{
					"name": "hat",
					"pivot": [0, 0, 0]
				},
				{
					"name": "hat_body",
					"parent": "hat",
					"pivot": [0, 0, 0],
					"cubes": [
						{"origin": [-2, 0, -2], "size": [4, 2, 4], "inflate": 0.02, "uv": [0, 0]},
						{"origin": [-1, 2, -1], "size": [2, 2, 2], "inflate": 0.03, "uv": [0, 6]},
						{"origin": [-0.5, 4, -0.5], "size": [1, 1, 1], "uv": [0, 10]}
					]
				},
				{
					"name": "hat_number",
					"parent": "hat_body",
					"pivot": [0, 5, 0],
					"cubes": [
						{"origin": [-2, 5, 0], "size": [4, 5, 0], "uv": [8, 11]}
					]
				}
			]
		}
	]
}