{
	"format_version": "1.12.0",
	"minecraft:geometry": [
		{
			"description": {
				"identifier": "geometry.billeys_mobs.pet_bowtie",
				"texture_width": 64,
				"texture_height": 64,
				"visible_bounds_width": 2,
				"visible_bounds_height": 1.5,
				"visible_bounds_offset": [0, 0.25, 0]
			},
			"bones": [
				{
					"name": "bowtie",
					"pivot": [0, 1.5, 0],
					"cubes": [
						{"origin": [-1, 1, -1], "size": [2, 1, 1], "uv": [1, 6]},
						{"origin": [-2.5, 0, -0.5], "size": [5, 3, 0], "uv": [33, 5]}
					]
				}
			]
		}
	]
}