{
	"format_version": "1.12.0",
	"minecraft:geometry": [
		{
			"description": {
				"identifier": "geometry.billeys_mobs.pet_hat",
				"texture_width": 64,
				"texture_height": 64,
				"visible_bounds_width": 4,
				"visible_bounds_height": 3,
				"visible_bounds_offset": [0, 0.5, 0]
			},
			"bones": [
				{
					"name": "hat",
					"pivot": [0, 0, 0]
				},
				{
					"name": "hat_bone2",
					"parent": "hat",
					"pivot": [0, 0, 0],
					"cubes": [
						{"origin": [-1, 0.05, -1], "size": [2, 3, 2], "uv": [17, 0]}
					]
				},
				{
					"name": "hat_bone",
					"parent": "hat",
					"pivot": [0, 0, 0],
					"cubes": [
						{"origin": [-2, -0.95, -2], "size": [4, 1, 4], "uv": [0, 0]}
					]
				}
			]
		}
	]
}