{
	"format_version": "1.12.0",
	"minecraft:geometry": [
		{
			"description": {
				"identifier": "geometry.billeys_mobs.pet_chef_hat",
				"texture_width": 64,
				"texture_height": 64,
				"visible_bounds_width": 4,
				"visible_bounds_height": 3,
				"visible_bounds_offset": [0, 0.5, 0]
			},
			"bones": [
				{
					"name": "hat",
					"pivot": [0, 0, 0],
					"cubes": [
						{"origin": [-1, 0, -1.01], "size": [2, 2, 2], "uv": [33, 0]},
						{"origin": [-1, 0.1, -1.01], "size": [2, 0, 2], "uv": [33, 0]},
						{"origin": [-2, 2, -2.01], "size": [4, 3, 4], "uv": [47, 0]}
					]
				}
			]
		}
	]
}