{
	"format_version": "1.12.0",
	"minecraft:geometry": [
		{
			"description": {
				"identifier": "geometry.billeys_mobs.pet_straw_hat",
				"texture_width": 64,
				"texture_height": 64,
				"visible_bounds_width": 2,
				"visible_bounds_height": 1.5,
				"visible_bounds_offset": [0, 0.25, 0]
			},
			"bones": [
				{
					"name": "hat",
					"pivot": [0, 0, 0],
					"cubes": [
						{"origin": [-3, 0.1, -3], "size": [6, 0, 6], "uv": [-6, 11]},
						{"origin": [-1.5, 0, -1.5], "size": [3, 2, 3], "uv": [23, 6]}
					]
				}
			]
		}
	]
}