{
    "format_version": "1.10.0",
    "minecraft:client_entity": {
      "description": {
        "identifier": "billey:duck_centipede",
        "materials": {
          "default": "entity_alphatest",
          "dyeable": "cat",
          "cat": "cat",
          "skeleton": "skeleton"
        },
        "textures": {
          "white": "textures/entity/billeys_mobs/duck",
          "brown": "textures/entity/billeys_mobs/duck2",
          "golden": "textures/entity/billeys_mobs/duck1",
          "whiteling": "textures/entity/billeys_mobs/duck3",
          "brownling": "textures/entity/billeys_mobs/duck4",
          "mandarin": "textures/entity/billeys_mobs/duck12",
          "blue": "textures/entity/billeys_mobs/duck14",
          "black": "textures/entity/billeys_mobs/duck15",
          "head": "textures/entity/billeys_mobs/duck16",
          "whole": "textures/entity/billeys_mobs/duck17",
          "leather": "textures/entity/billeys_mobs/duckleather",
          "gold": "textures/entity/billeys_mobs/duckgold",
          "chain": "textures/entity/billeys_mobs/duckchain",
          "iron": "textures/entity/billeys_mobs/duckiron",
          "diamond": "textures/entity/billeys_mobs/duckdiamond",
          "chest": "textures/entity/billeys_mobs/billduckchest",
          "centipedehat": "textures/entity/billeys_mobs/hat",
          "endrodpetarmor": "textures/entity/bill/endrodarmor",
          "default": "textures/entity/billeys_mobs/hat",
          "netherite": "textures/entity/billeys_mobs/ducknetherite"
        },
        "geometry": {
          "default": "geometry.billeys_mobs.duck2"
        },
        "particle_effects": {
          "zeelol": "billey:zeeduck"
        },
        "animations": {
          "hurt": "animation.billeys_mobs.duck.hurt",
          "move": "animation.billeys_mobs.duck.walk",
          "sit": "animation.billeys_mobs.duck.sit",
          "swim": "animation.billeys_mobs.duck.swim",
          "look_at_target": "animation.billeys_mobs.duck.look_at_target",
          "look_at_target_baby": "animation.billeys_mobs.duckling.look_at_target",
          "baby_transform": "animation.billeys_mobs.duck.ling",
          "flap_wings": "animation.billeys_mobs.duck.fall",
          "quack": "animation.billeys_mobs.duck.quack",
          "quackbaby": "animation.billeys_mobs.duck.quackbaby",
          "sheared": "animation.billeys_mobs.duck.flap",
          "eat": "animation.billeys_mobs.duck.eat",
          "angry": "animation.billeys_mobs.duck.angry",
          "diphead": "animation.billeys_mobs.duck.pickupbread",
          "sleep": "animation.billeys_mobs.duck.sleep",
          "centipede": "animation.billeys_mobs.duck.centipede",
          "mandarin": "animation.billeys_mobs.duck.mandarin",
          "controller.sit": "controller.animation.billeys_mobs.sit",
          "controller.quack": "controller.animation.billeys_mobs.quack",
          "controller.quackbaby": "controller.animation.billeys_mobs.quackbaby",
          "controller.eat": "controller.animation.billeys_mobs.eat",
          "controller.swim": "controller.animation.billeys_mobs.swim",
          "controller.sleep": "controller.animation.billeys_mobs.sleep",
          "angrycon": "controller.animation.billeys_mobs.duckangry",
          "ccentipede": "controller.animation.billeys_mobs.centipede"
        },
        "sound_effects": {
          "quack": "billey.duck.say",
          "quackbaby": "billey.duck.saybaby"
        },
        "scripts": {
                "should_update_bones_and_effects_offscreen": "q.graphics_mode_is_any('raytraced')",
          "animate": [
            "ccentipede",
            {
              "hurt": "(query.health < query.max_health) && query.is_alive"
            },
            "angrycon",
            {
              "controller.eat": "!query.is_stunned"
            },
            {
              "controller.swim": "!query.has_rider"
            },
            {
              "look_at_target": "!query.is_baby ? 1 - variable.attack_time"
            },
            {
              "controller.quack": "!query.is_baby && !query.is_alive && !query.has_target && !query.is_sleeping && query.health >= query.max_health"
            },
            {
              "controller.quackbaby": "query.is_baby && !query.is_alive && !query.has_target && !query.is_sleeping && query.health >= query.max_health"
            },
            {
              "mandarin": "!query.is_baby && query.variant == 3 && !query.has_target"
            },
            {
              "look_at_target_baby": "query.is_baby - variable.attack_time"
            },
            {
              "flap_wings": "!query.is_in_water && !query.is_saddled && !query.has_rider && !query.is_on_ground"
            },
            {
              "move": "query.modified_move_speed * 1.5"
            },
            {
              "baby_transform": "query.is_baby"
            }
           
          ]
        },
        "enable_attachables": true,
      "hide_armor": false,
      "render_controllers": [
          "controller.render.billeys_mobs.duckcentipede",
          {
            "controller.render.billeys_mobs.centipedehat": "query.is_saddled"
          },
          {
            "controller.render.billeys_mobs.duckchest": "query.is_chested"
          }
        ],
        "spawn_egg": {
          "overlay_color": "#FF2448",
          "base_color": "#ffffff"
        }
      }
    }
  }