{
	"format_version": "1.8.0",
	"animations": {
		"animation.billeys_mobs.amogus.new": {
			"loop": true,
			"animation_length": 0.48,
			"bones": {
				"body": {
					"position": {
						"0.0": [0, 0.25, 0],
						"0.12": [0, 0.1, 0],
						"0.24": [0, 0.25, 0],
						"0.36": [0, 0.1, 0],
						"0.48": [0, 0.25, 0]
					}
				},
				"leftleg": {
					"rotation": {
						"0.0": {
							"post": [15, 0, 0],
							"lerp_mode": "catmullrom"
						},
						"0.16": {
							"post": [-10, 0, 0],
							"lerp_mode": "catmullrom"
						},
						"0.24": {
							"post": [-25, 0, 0],
							"lerp_mode": "catmullrom"
						},
						"0.32": {
							"post": [-10, 0, 0],
							"lerp_mode": "catmullrom"
						},
						"0.48": {
							"post": [15, 0, 0],
							"lerp_mode": "catmullrom"
						}
					},
					"position": {
						"0.0": {
							"post": [0, 0, 0],
							"lerp_mode": "catmullrom"
						},
						"0.24": {
							"post": [0, 0, -0.7],
							"lerp_mode": "catmullrom"
						},
						"0.48": {
							"post": [0, 0, 0],
							"lerp_mode": "catmullrom"
						}
					}
				},
				"rightleg": {
					"rotation": {
						"0.0": {
							"post": [-25, 0, 0],
							"lerp_mode": "catmullrom"
						},
						"0.08": {
							"post": [-10, 0, 0],
							"lerp_mode": "catmullrom"
						},
						"0.24": {
							"post": [15, 0, 0],
							"lerp_mode": "catmullrom"
						},
						"0.4": {
							"post": [-10, 0, 0],
							"lerp_mode": "catmullrom"
						},
						"0.48": {
							"post": [-25, 0, 0],
							"lerp_mode": "catmullrom"
						}
					},
					"position": {
						"0.0": {
							"post": [0, 0, -0.7],
							"lerp_mode": "catmullrom"
						},
						"0.24": {
							"post": [0, 0, 0],
							"lerp_mode": "catmullrom"
						},
						"0.48": {
							"post": [0, 0, -0.7],
							"lerp_mode": "catmullrom"
						}
					}
				},
				"upper": {
					"position": {
						"0.0": {
							"post": [0, -0.4, 0],
							"lerp_mode": "catmullrom"
						},
						"0.08": {
							"post": [0, 0, 0],
							"lerp_mode": "catmullrom"
						},
						"0.16": {
							"post": [0, 0, 0],
							"lerp_mode": "catmullrom"
						},
						"0.24": {
							"post": [0, -0.4, 0],
							"lerp_mode": "catmullrom"
						},
						"0.32": {
							"post": [0, 0, 0],
							"lerp_mode": "catmullrom"
						},
						"0.4": {
							"post": [0, 0, 0],
							"lerp_mode": "catmullrom"
						},
						"0.48": {
							"post": [0, -0.4, 0],
							"lerp_mode": "catmullrom"
						}
					}
				}
			}
		},
		"animation.billeys_mobs.amogus.new2": {
			"loop": true,
			"bones": {
				"rightleg": {
					"rotation": ["math.cos(750*q.life_time)*-27.5", 0, 0]
				}
			}
		},
		"animation.billeys_mobs.amogus.new3": {
			"loop": true,
			"animation_length": 0.48,
			"bones": {
				"leftleg": {
					"rotation": {
						"0.0": {
							"post": [-19.81, 0, 0],
							"lerp_mode": "catmullrom"
						},
						"0.08": {
							"post": [0, 0, 0],
							"lerp_mode": "catmullrom"
						},
						"0.16": {
							"post": [10, 0, 0],
							"lerp_mode": "catmullrom"
						},
						"0.24": {
							"post": [10, 0, 0],
							"lerp_mode": "catmullrom"
						},
						"0.44": {
							"post": [-25, 0, 0],
							"lerp_mode": "catmullrom"
						},
						"0.48": {
							"post": [-19.81, 0, 0],
							"lerp_mode": "catmullrom"
						}
					},
					"position": {
						"0.0": {
							"post": [0, 0, -0.41],
							"lerp_mode": "catmullrom"
						},
						"0.08": {
							"post": [0, 0, 0],
							"lerp_mode": "catmullrom"
						},
						"0.16": {
							"post": [0, 0, 0.5],
							"lerp_mode": "catmullrom"
						},
						"0.24": {
							"post": [0, 0, 0],
							"lerp_mode": "catmullrom"
						},
						"0.44": {
							"post": [0, 0, -0.5],
							"lerp_mode": "catmullrom"
						},
						"0.48": {
							"post": [0, 0, -0.41],
							"lerp_mode": "catmullrom"
						}
					}
				},
				"rightleg": {
					"rotation": {
						"0.0": {
							"post": [0, 0, 0],
							"lerp_mode": "catmullrom"
						},
						"0.2": {
							"post": [-25, 0, 0],
							"lerp_mode": "catmullrom"
						},
						"0.32": {
							"post": [0, 0, 0],
							"lerp_mode": "catmullrom"
						},
						"0.4": {
							"post": [10, 0, 0],
							"lerp_mode": "catmullrom"
						},
						"0.48": {
							"post": [10, 0, 0],
							"lerp_mode": "catmullrom"
						}
					},
					"position": {
						"0.0": {
							"post": [0, 0, 0],
							"lerp_mode": "catmullrom"
						},
						"0.2": {
							"post": [0, 0, -0.5],
							"lerp_mode": "catmullrom"
						},
						"0.32": {
							"post": [0, 0, 0],
							"lerp_mode": "catmullrom"
						},
						"0.4": {
							"post": [0, 0, 0.5],
							"lerp_mode": "catmullrom"
						},
						"0.48": {
							"post": [0, 0, 0],
							"lerp_mode": "catmullrom"
						}
					}
				}
			}
		},
		"animation.billeys_mobs.amogus.new4": {
			"loop": true,
			"bones": {
				"body": {
					"position": [0, "2*(math.sin(q.position(0) * 33) * 4 + math.sin(q.position(2) * 33) * 4 + 8)", 0]
				}
			}
		},
		"animation.billeys_mobs.amogus.liedown": {
			"loop": "hold_on_last_frame",
			"animation_length": 1.04,
			"bones": {
				"upper": {
					"rotation": {
						"0.0": {
							"post": [0, 0, 0],
							"lerp_mode": "catmullrom"
						},
						"0.24": {
							"post": [-17.5, 0, 0],
							"lerp_mode": "catmullrom"
						},
						"0.52": {
							"post": [12.5, 0, 0],
							"lerp_mode": "catmullrom"
						},
						"0.8": {
							"post": [-32.5, 0, 0],
							"lerp_mode": "catmullrom"
						}
					}
				},
				"bone2": {
					"rotation": {
						"0.0": {
							"post": [0, 0, 0],
							"lerp_mode": "catmullrom"
						},
						"0.68": [0, 0, 0],
						"0.84": {
							"post": [-72.5, 0, 0],
							"lerp_mode": "catmullrom"
						}
					}
				},
				"bone3": {
					"rotation": {
						"0.8": [0, 0, 0],
						"0.88": {
							"post": [-42.5, 0, 0],
							"lerp_mode": "catmullrom"
						},
						"1.04": {
							"post": [-57.5, 0, 0],
							"lerp_mode": "catmullrom"
						}
					},
					"position": {
						"0.8": {
							"post": [0, 0, 0],
							"lerp_mode": "catmullrom"
						},
						"1.04": {
							"post": [0, 0.4, -3],
							"lerp_mode": "catmullrom"
						}
					}
				}
			}
		}
	}
}