{
	"format_version": "1.8.0",
	"animations": {
		"animation.billeys_mobs.yutyrannus.eat": {
			"loop": true,
			"bones": {
				"head": {
					"rotation": [-5, 0, 0]
				},
				"lowerjaw": {
					"rotation": [14, 0, 0]
				}
			}
		},
		"animation.billeys_mobs.yutyrannus.walk": {
			"loop": true,
			"anim_time_update": "q.modified_distance_moved / 16",
			"bones": {
				"body": {
					"rotation": [0, "math.cos(q.anim_time*720)", "math.cos(q.anim_time*720)"],
					"position": [0, "math.abs(math.cos(q.anim_time*720))", 0]
				},
				"left_thigh": {
					"rotation": ["math.cos(q.anim_time*720)*15", 0, 0]
				},
				"left_shin": {
					"rotation": ["math.sin(q.anim_time*720)*25", 0, 0]
				},
				"left_ankle": {
					"rotation": ["math.sin(-q.anim_time*720)*10", 0, 0]
				},
				"left_foot": {
					"rotation": ["math.min(0,math.sin(q.anim_time*720+90)*25-7.5)", 0, 0]
				},
				"right_thigh": {
					"rotation": ["-math.cos(q.anim_time*720)*15", 0, 0]
				},
				"right_shin": {
					"rotation": ["-math.sin(q.anim_time*720)*25", 0, 0]
				},
				"right_ankle": {
					"rotation": ["math.sin(q.anim_time*720)*10", 0, 0]
				},
				"right_foot": {
					"rotation": ["math.min(0,math.sin(q.anim_time*720-90)*25-7.5)", 0, 0]
				},
				"neck": {
					"rotation": ["5+math.sin(q.anim_time*1080)", 0, "math.cos(q.anim_time*720)"]
				},
				"tail": {
					"rotation": ["math.sin(q.anim_time*540)", "math.cos(q.anim_time*720)*2", 0]
				},
				"tail2": {
					"rotation": [0, "math.cos(q.anim_time*720+30)*2", 0],
					"position": [0, 0, "-math.abs(math.cos(q.anim_time*720+120))/4"]
				},
				"head": {
					"rotation": [-5, 0, 0]
				}
			}
		},
		"animation.billeys_mobs.yutyrannus.death": {
			"loop": "hold_on_last_frame",
			"animation_length": 1,
			"bones": {
				"head": {
					"rotation": {
						"0.0": [0, 0, 0],
						"0.04": [-7, 0, 0],
						"0.08": [-20, 0, 0],
						"0.92": [-20, 0, 0],
						"1.0": [0, 0, 0]
					}
				},
				"lowerjaw": {
					"rotation": {
						"0.0": [0, 0, 0],
						"0.04": [10, 0, 0],
						"0.08": [30, 0, 0],
						"0.88": [30, 0, 0],
						"1.0": [0, 0, 0]
					}
				},
				"neck": {
					"rotation": {
						"0.0": [0, 0, "math.sin(q.life_time * 1000)"],
						"0.52": [0, 0, "math.sin(q.life_time * 1000)*2"],
						"0.96": [0, 0, 0]
					}
				},
				"body": {
					"rotation": {
						"0.0": [0, 0, "math.cos(q.anim_time*1200)*35-35"],
						"1.0": [0, 0, 0]
					}
				}
			}
		},
		"animation.billeys_mobs.yutyrannus.water": {
			"loop": true,
			"bones": {
				"neck": {
					"rotation": [-22.5, 0, 0]
				}
			}
		},
		"animation.billeys_mobs.yutyrannus.attack": {
			"animation_length": 0.48,
			"bones": {
				"body1": {
					"rotation": {
						"0.0": [0, 0, 0],
						"0.2": [10, 0, 0],
						"0.48": [0, 0, 0]
					}
				},
				"neck": {
					"rotation": {
						"0.0": [0, 0, 0],
						"0.04": [-5, 0, 0],
						"0.16": [32.5, 0, 0],
						"0.44": [0, 0, 0]
					}
				},
				"head": {
					"rotation": {
						"0.0": [0, 0, 0],
						"0.04": [5, 0, 0],
						"0.2": [-5, 0, 0],
						"0.28": [0, 0, 0]
					}
				},
				"lowerjaw": {
					"rotation": {
						"0.0": [0, 0, 0],
						"0.08": [45, 0, 0],
						"0.24": [-1, 0, 0],
						"0.44": [0, 0, 0]
					}
				}
			}
		},
		"animation.billeys_mobs.yutyrannus.general": {
			"loop": true,
			"bones": {
				"body1": {
					"rotation": ["math.cos(q.anim_time*80+45)/2", 0, 0]
				},
				"left_arm": {
					"rotation": [0, 0, "-2-math.cos(q.anim_time*135+45)*2"]
				},
				"right_arm": {
					"rotation": [0, 0, "2-math.cos(q.anim_time*135+225)*2"]
				},
				"neck": {
					"rotation": [0, 0, "math.cos(q.anim_time*90)"]
				},
				"tail": {
					"rotation": ["math.sin(q.anim_time*90)/2", "math.cos(q.anim_time*135+90)", 0]
				},
				"tail2": {
					"rotation": [0, "math.cos(q.anim_time*135+120)", 0],
					"position": [0, 0, "-math.abs(math.cos(q.anim_time*180+120))/12"]
				},
				"look": {
					"rotation": ["q.target_x_rotation", "q.target_y_rotation", 0]
				}
			}
		},
		"animation.billeys_mobs.yutyrannus.dance": {
			"loop": "hold_on_last_frame",
			"animation_length": 16,
			"bones": {
				"body1": {
					"rotation": {
						"0.0": [0, 0, 0],
						"0.64": [-41.25, 0, 0],
						"1.0": ["-67.5+math.cos(q.anim_time*240)/2", 0, "math.sin(q.anim_time*360)*2"]
					},
					"position": {
						"0.0": [0, 0, 0],
						"0.64": [0, -0.5, -1.5],
						"1.0": [0, -1, -4]
					}
				},
				"left_arm": {
					"rotation": {
						"0.0": [0, 0, 0],
						"1.0": [0, 0, "math.sin(q.anim_time*1080)*2-3"]
					}
				},
				"right_arm": {
					"rotation": {
						"0.0": [0, 0, 0],
						"1.0": [0, 0, "math.sin(q.anim_time*1080)*-2+3"]
					}
				},
				"tail": {
					"rotation": {
						"0.0": [0, 0, 0],
						"0.2": [27.5, 0, 0],
						"1.0": [37.5, 0, 0]
					}
				},
				"tail2": {
					"rotation": {
						"0.0": [0, 0, 0],
						"1.0": [27.5, 0, 0]
					},
					"position": {
						"0.0": [0, 0, 0],
						"1.0": [0, 0, -2]
					}
				}
			}
		},
		"animation.billeys_mobs.yutyrannus.roar": {
			"animation_length": 1.36,
			"bones": {
				"head": {
					"rotation": {
						"0.0": [0, 0, 0],
						"0.16": [-7, 0, 0],
						"0.32": [-20, 0, 0],
						"1.28": [-20, 0, 0],
						"1.36": [0, 0, 0]
					}
				},
				"neck": {
					"rotation": {
						"0.0": [0, 0, "math.sin(q.life_time * 1000)"],
						"0.56": [0, "math.cos(q.life_time * 1000)*8", "math.sin(q.life_time * 1000)"],
						"1.36": [0, 0, 0]
					}
				},
				"lowerjaw": {
					"rotation": {
						"0.0": [0, 0, 0],
						"0.16": [10, 0, 0],
						"0.32": [30, 0, 0],
						"1.24": [30, 0, 0],
						"1.36": [0, 0, 0]
					}
				},
				"body1": {
					"rotation": {
						"0.0": [0, 0, 0],
						"0.56": [0, "math.cos(q.life_time * 1000)*2", 0],
						"1.36": [0, 0, 0]
					}
				},
				"left_arm": {
					"rotation": {
						"0.0": [0, 0, 0],
						"0.56": [0, 0, -10],
						"1.36": [0, 0, 0]
					}
				},
				"right_arm": {
					"rotation": {
						"0.0": [0, 0, 0],
						"0.56": [0, 0, 10],
						"1.36": [0, 0, 0]
					}
				}
			}
		},
		"animation.billeys_mobs.yutyrannus.sit": {
			"loop": true,
			"bones": {
				"body": {
					"position": [0, -16, -4]
				},
				"body1": {
					"rotation": [-27.5, 0, 0]
				},
				"left_arm": {
					"rotation": [0, 0, -22.5],
					"position": [-1, 0, 0]
				},
				"right_arm": {
					"rotation": [0, 0, 22.5],
					"position": [1, 0, 0]
				},
				"neck": {
					"rotation": [27.5, 0, 0]
				},
				"tail": {
					"rotation": [17.5, 0, 0],
					"position": [0, -1, -2]
				},
				"tail2": {
					"rotation": [7.5, 0, 0],
					"position": [0, 0, -1]
				},
				"left_thigh": {
					"rotation": [-62.5, 0, 0],
					"position": [0, 0, 4]
				},
				"left_shin": {
					"rotation": [7.5, 0, 0]
				},
				"left_ankle": {
					"rotation": [-20, 0, 0],
					"position": [0, 0, -1]
				},
				"left_foot": {
					"rotation": [47.5, 0, 0]
				},
				"right_thigh": {
					"rotation": [-62.5, 0, 0],
					"position": [0, 0, 4]
				},
				"right_shin": {
					"rotation": [7.5, 0, 0]
				},
				"right_ankle": {
					"rotation": [-20, 0, 0],
					"position": [0, 0, -1]
				},
				"right_foot": {
					"rotation": [47.5, 0, 0]
				}
			}
		}
	}
}