{
	"format_version": "1.8.0",
	"animations": {
		"animation.billeys_mobs.bettafish.new": {
			"loop": true,
			"animation_length": 0.76,
			"particle_effects": {}
		},
		"animation.billeys_mobs.bettafish.die": {
			"loop": "hold_on_last_frame",
			"animation_length": 1,
			"bones": {
				"body": {
					"rotation": {
						"0.0": [0, 0, "-(math.pow(3.5+q.anim_time,3.5+q.anim_time)-math.pow(3.5,3.5))"],
						"0.92": ["180*v.mirror", "180*v.mirror", "-(math.pow(3.5+q.anim_time-0.25,3.5+q.anim_time-0.25)-math.pow(3.5-0.25,-0.25+3.5))"],
						"0.96": ["180*v.mirror", "180*v.mirror", 0],
						"1.0": ["180*v.mirror", 180, 0]
					},
					"position": {
						"0.88": [0, 0, 0],
						"0.96": [0, -1.05, 0],
						"1.0": [0, -2.5, 0]
					},
					"scale": {
						"0.88": [1, 1, 1],
						"0.92": [0.25, 0.25, 0.25],
						"1.0": [0, 0, 0]
					}
				},
				"bone3": {
					"rotation": [0, 0, 0],
					"position": [0, 0, 0]
				}
			}
		},
		"animation.billeys_mobs.bettafish.swim": {
			"loop": true,
			"bones": {
				"body": {
					"rotation": ["q.target_x_rotation/2", "q.target_y_rotation", 0],
					"scale": "math.min(q.life_time*q.life_time*10,1)"
				},
				"tail": {
					"rotation": [0, "math.cos(q.life_time*270*0.05/0.05-30)*18.75", 0]
				},
				"fin": {
					"rotation": ["math.cos(q.life_time*270*0.05/0.05-30)*4", 0, 0]
				},
				"back_body": {
					"rotation": [0, "math.cos(q.life_time*270*0.05/0.05)*6.25", 0]
				},
				"bone4": {
					"rotation": [0, "math.min(0,-math.cos(q.life_time*270*0.05/0.05)*3.75)", 0]
				},
				"bone5": {
					"rotation": [0, "math.max(0,-math.cos(q.life_time*270*0.05/0.05)*3.75)", 0]
				},
				"ish": {
					"rotation": ["math.cos(q.life_time*270*0.05/0.05+150)*4", 0, 0]
				},
				"head": {
					"position": [0, 0, "math.abs(math.cos(q.life_time*270*0.05/0.05))/32"]
				}
			}
		},
		"animation.billeys_mobs.bettafish.flop": {
			"loop": true,
			"blend_weight": "1.75",
			"bones": {
				"body": {
					"rotation": ["q.target_x_rotation", 0, 0]
				},
				"tail": {
					"rotation": [0, "math.cos(q.life_time*720-30)*15", 0]
				},
				"fin": {
					"rotation": [0, 0, 0]
				},
				"head": {
					"rotation": [0, 0, 0],
					"position": [0, 0, 0]
				},
				"back_body": {
					"rotation": [0, "math.cos(q.life_time*720)*5", 0]
				},
				"bone4": {
					"rotation": [0, "math.min(0,-math.cos(q.life_time*720+30)*3)", 0]
				},
				"bone5": {
					"rotation": [0, "math.max(0,-math.cos(q.life_time*720+30)*3)", 0]
				}
			}
		},
		"animation.billeys_mobs.bettafish.dance1": {
			"animation_length": 7.84,
			"bones": {
				"body": {
					"rotation": {
						"0.0": [0, 0, 0],
						"0.04": [0, "v.mirror*45", 0],
						"0.16": [0, "v.mirror*180", 0],
						"7.68": [0, "v.mirror*180", 0],
						"7.76": [0, "315*v.mirror", 0],
						"7.84": [0, "360*v.mirror", 0]
					}
				}
			}
		},
		"animation.billeys_mobs.bettafish.dance2": {
			"animation_length": 8,
			"bones": {
				"body": {
					"rotation": {
						"0.0": [0, 0, 0],
						"0.04": [0, 0, "v.mirror*45"],
						"0.16": [0, 0, "v.mirror*180"],
						"7.84": [0, 0, "v.mirror*180"],
						"7.92": [0, 0, "45*v.mirror"],
						"8.0": [0, 0, 0]
					}
				}
			}
		},
		"animation.billeys_mobs.bettafish.dance3": {
			"animation_length": 4,
			"bones": {
				"body": {
					"rotation": [0, 0, "v.mirror*math.min(1440,math.pow(q.anim_time+1,q.anim_time+1)-1)"]
				}
			}
		},
		"animation.billeys_mobs.bettafish.dance4": {
			"animation_length": 4,
			"bones": {
				"body": {
					"rotation": [0, "v.mirror*math.min(1440,math.pow(q.anim_time+1,q.anim_time+1)-1)", 0]
				}
			}
		},
		"animation.billeys_mobs.bettafish.pet": {
			"loop": true,
			"animation_length": 1.52,
			"loop_delay": "math.random(60,180)",
			"bones": {
				"body": {
					"rotation": [0, 0, "(q.life_time>60)*v.mirror*(math.min(360,math.pow(q.anim_time*7+1,2.5)-1))"]
				}
			}
		},
		"animation.billeys_mobs.bettafish.boost": {
			"animation_length": 2,
			"bones": {
				"tail": {
					"rotation": [0, "math.sin(q.life_time*970+10+10.01)*15*v.mirror*(math.max(0,7-q.anim_time*7))", 0]
				},
				"fin": {
					"rotation": ["math.sin(q.life_time*970+60+10.01)*2*v.mirror*(math.max(0,7-q.anim_time*7))", 0, 0]
				},
				"back_body": {
					"rotation": [0, "math.sin(10.01+q.life_time*970)*5*v.mirror*(math.max(0,7-q.anim_time*7))", 0]
				},
				"bone4": {
					"rotation": [0, "math.min(0,-math.sin(10.01+q.life_time*970+30)*3*v.mirror*(math.max(0,7-q.anim_time*7)))", 0]
				},
				"bone5": {
					"rotation": [0, "math.max(0,-math.sin(10.01+q.life_time*970+30)*3*v.mirror*(math.max(0,7-q.anim_time*7)))", 0]
				},
				"bone8": {
					"scale": 0.5
				},
				"ish": {
					"rotation": ["math.sin(180+q.life_time*970+60+10.01)*2*v.mirror*(math.max(0,7-q.anim_time*7))", 0, 0]
				}
			}
		},
		"animation.billeys_mobs.bettafish.cancelvanilladeathanim": {
			"loop": true,
			"bones": {
				"ooo": {
					"rotation": [0, 0, "Math.min(Math.sqrt(Math.max(0, q.anim_time * 20 - 0.5) / 20 * 1.6), 1) * -90"]
				}
			}
		},
		"animation.billeys_mobs.bettafish.flip": {
			"loop": true,
			"animation_length": 5,
			"bones": {
				"body": {
					"rotation": {
						"0.0": [0, 0, -90],
						"2.4": [0, 0, -90],
						"2.52": [0, 0, 90],
						"4.88": [0, 0, 90],
						"5.0": [0, 0, -90]
					},
					"position": {
						"0.0": [0, -0.4, 0],
						"2.4": [0, -0.4, 0],
						"2.44": [0, 1.73, 0],
						"2.48": [0, 1.85, 0],
						"2.52": [0, -0.25, 0],
						"4.88": [0, -0.25, 0],
						"4.92": [0, 1.3, 0],
						"4.96": [0, 0.85, 0],
						"5.0": [0, -0.15, 0]
					},
					"scale": "math.min(q.life_time*q.life_time*10,1)"
				},
				"fin": {
					"rotation": {
						"0.0": [0, 0, 0],
						"2.4": [0, 0, 0],
						"2.52": [0, 0, 20],
						"4.88": [0, 0, 20],
						"5.0": [0, 0, 0]
					}
				},
				"ish": {
					"rotation": {
						"0.0": [0, 0, -25],
						"2.4": [0, 0, -25],
						"2.52": [0, 0, 0],
						"4.88": [0, 0, 0],
						"5.0": [0, 0, -20]
					}
				},
				"tail": {
					"rotation": {
						"0.0": [0, 20, 0],
						"2.44": [0, 20, 0],
						"2.52": [0, -20, 0],
						"4.92": [0, -20, 0],
						"5.0": [0, 20, 0]
					}
				}
			}
		},
		"animation.billeys_mobs.bettafish.radiation": {
			"loop": true,
			"animation_length": 1,
			"particle_effects": {
				"0.0": {
					"effect": "radiaziona",
					"locator": "lead"
				}
			}
		},
		"animation.billeys_mobs.bettafish.radiation2": {
			"loop": true,
			"animation_length": 1,
			"particle_effects": {
				"0.0": {
					"effect": "radiaziona_",
					"locator": "lead"
				}
			}
		}
	}
}