{
	"format_version": "1.8.0",
	"animations": {
		"animation.billeys_mobs.animplayer.new": {
			"loop": true,
			"animation_length": 0.48,
			"bones": {
				"RightArm": {
					"rotation": {
						"0.0": [-35, 0, 0],
						"0.24": [27, 0, 0],
						"0.48": [-35, 0, 0]
					}
				},
				"LeftArm": {
					"rotation": {
						"0.0": [27, 0, 0],
						"0.24": [-35, 0, 0],
						"0.48": [27, 0, 0]
					}
				},
				"RightLeg": {
					"rotation": {
						"0.0": [25, 0, 0],
						"0.24": [-32.5, 0, 0],
						"0.48": [25, 0, 0]
					}
				},
				"LeftLeg": {
					"rotation": {
						"0.0": [-32.5, 0, 0],
						"0.24": [25, 0, 0],
						"0.48": [-32.5, 0, 0]
					}
				},
				"RightBone": {
					"rotation": {
						"0.0": [25, 0, 0],
						"0.24": [0, 0, 0],
						"0.48": [25, 0, 0]
					},
					"position": {
						"0.0": [0, 0.85, -0.175],
						"0.24": [0, 0, 0],
						"0.48": [0, 0.85, -0.175]
					}
				},
				"LeftBone": {
					"rotation": {
						"0.0": [0, 0, 0],
						"0.24": [25, 0, 0],
						"0.48": [0, 0, 0]
					},
					"position": {
						"0.0": [0, 0, 0],
						"0.24": [0, 0.85, -0.175],
						"0.48": [0, 0, 0]
					}
				},
				"bone": {
					"position": {
						"0.0": [0, -0.775, 0],
						"0.04": [0, -0.345, 0],
						"0.08": [0, -0.225, 0],
						"0.12": [0, 0, 0],
						"0.24": [0, -0.775, 0],
						"0.36": [0, 0, 0],
						"0.4": [0, -0.225, 0],
						"0.44": [0, -0.345, 0],
						"0.48": [0, -0.775, 0]
					}
				},
				"LeftBoner": {
					"rotation": {
						"0.0": [0, 0, 0],
						"0.24": [-17.5, 0, 0],
						"0.48": [0, 0, 0]
					},
					"position": {
						"0.0": [0, 0, 0],
						"0.24": [0, 0.6, 0.1],
						"0.48": [0, 0, 0]
					}
				},
				"RightBoner": {
					"rotation": {
						"0.0": [-17.5, 0, 0],
						"0.24": [0, 0, 0],
						"0.48": [-17.5, 0, 0]
					},
					"position": {
						"0.0": [0, 0.6, 0.1],
						"0.24": [0, 0, 0],
						"0.48": [0, 0.6, 0.1]
					}
				}
			}
		},
		"animation.billeys_mobs.animplayer.new2": {
			"loop": true,
			"animation_length": 0.48,
			"bones": {
				"RightArm": {
					"rotation": {
						"0.0": [-35, 0, 0],
						"0.04": [-26.82, 0, 0],
						"0.08": [-14.33, 0, 0],
						"0.12": [-0.12, 0, 0],
						"0.16": [13.22, 0, 0],
						"0.2": [23.13, 0, 0],
						"0.24": [27, 0, 0],
						"0.28": [23.12, 0, 0],
						"0.32": [13.22, 0, 0],
						"0.36": [-0.12, 0, 0],
						"0.4": [-14.33, 0, 0],
						"0.44": [-26.82, 0, 0],
						"0.48": [-35, 0, 0]
					}
				},
				"LeftArm": {
					"rotation": {
						"0.0": [27, 0, 0],
						"0.04": [18.82, 0, 0],
						"0.08": [6.33, 0, 0],
						"0.12": [-7.87, 0, 0],
						"0.16": [-21.22, 0, 0],
						"0.2": [-31.13, 0, 0],
						"0.24": [-35, 0, 0],
						"0.28": [-31.12, 0, 0],
						"0.32": [-21.22, 0, 0],
						"0.36": [-7.87, 0, 0],
						"0.4": [6.33, 0, 0],
						"0.44": [18.82, 0, 0],
						"0.48": [27, 0, 0]
					}
				},
				"RightLeg": {
					"rotation": {
						"0.0": [25, 0, 0],
						"0.04": [17.41, 0, 0],
						"0.08": [5.83, 0, 0],
						"0.12": [-7.34, 0, 0],
						"0.16": [-19.72, 0, 0],
						"0.2": [-28.91, 0, 0],
						"0.24": [-32.5, 0, 0],
						"0.28": [-28.91, 0, 0],
						"0.32": [-19.72, 0, 0],
						"0.36": [-7.34, 0, 0],
						"0.4": [5.83, 0, 0],
						"0.44": [17.41, 0, 0],
						"0.48": [25, 0, 0]
					}
				},
				"LeftLeg": {
					"rotation": {
						"0.0": [-32.5, 0, 0],
						"0.04": [-24.91, 0, 0],
						"0.08": [-13.33, 0, 0],
						"0.12": [-0.16, 0, 0],
						"0.16": [12.22, 0, 0],
						"0.2": [21.41, 0, 0],
						"0.24": [25, 0, 0],
						"0.28": [21.41, 0, 0],
						"0.32": [12.22, 0, 0],
						"0.36": [-0.16, 0, 0],
						"0.4": [-13.33, 0, 0],
						"0.44": [-24.91, 0, 0],
						"0.48": [-32.5, 0, 0]
					}
				},
				"RightBone": {
					"rotation": {
						"0.0": [25, 0, 0],
						"0.04": [21.7, 0, 0],
						"0.08": [16.67, 0, 0],
						"0.12": [10.94, 0, 0],
						"0.16": [5.56, 0, 0],
						"0.2": [1.56, 0, 0],
						"0.24": [0, 0, 0],
						"0.28": [1.56, 0, 0],
						"0.32": [5.56, 0, 0],
						"0.36": [10.94, 0, 0],
						"0.4": [16.67, 0, 0],
						"0.44": [21.7, 0, 0],
						"0.48": [25, 0, 0]
					},
					"position": {
						"0.0": [0, 0.85, -0.17],
						"0.04": [0, 0.74, -0.15],
						"0.08": [0, 0.57, -0.12],
						"0.12": [0, 0.37, -0.08],
						"0.16": [0, 0.19, -0.04],
						"0.2": [0, 0.05, -0.01],
						"0.24": [0, 0, 0],
						"0.28": [0, 0.05, -0.01],
						"0.32": [0, 0.19, -0.04],
						"0.36": [0, 0.37, -0.08],
						"0.4": [0, 0.57, -0.12],
						"0.44": [0, 0.74, -0.15],
						"0.48": [0, 0.85, -0.17]
					}
				},
				"LeftBone": {
					"rotation": {
						"0.0": [0, 0, 0],
						"0.04": [3.3, 0, 0],
						"0.08": [8.33, 0, 0],
						"0.12": [14.06, 0, 0],
						"0.16": [19.44, 0, 0],
						"0.2": [23.44, 0, 0],
						"0.24": [25, 0, 0],
						"0.28": [23.44, 0, 0],
						"0.32": [19.44, 0, 0],
						"0.36": [14.06, 0, 0],
						"0.4": [8.33, 0, 0],
						"0.44": [3.3, 0, 0],
						"0.48": [0, 0, 0]
					},
					"position": {
						"0.0": [0, 0, 0],
						"0.04": [0, 0.11, -0.02],
						"0.08": [0, 0.28, -0.06],
						"0.12": [0, 0.48, -0.1],
						"0.16": [0, 0.66, -0.14],
						"0.2": [0, 0.8, -0.16],
						"0.24": [0, 0.85, -0.17],
						"0.28": [0, 0.8, -0.16],
						"0.32": [0, 0.66, -0.14],
						"0.36": [0, 0.48, -0.1],
						"0.4": [0, 0.28, -0.06],
						"0.44": [0, 0.11, -0.02],
						"0.48": [0, 0, 0]
					}
				},
				"bone": {
					"position": {
						"0.0": [0, -0.77, 0],
						"0.04": [0, -0.34, 0],
						"0.08": [0, -0.22, 0],
						"0.12": [0, 0, 0],
						"0.16": [0, -0.24, 0],
						"0.2": [0, -0.59, 0],
						"0.24": [0, -0.77, 0],
						"0.28": [0, -0.59, 0],
						"0.32": [0, -0.24, 0],
						"0.36": [0, 0, 0],
						"0.4": [0, -0.22, 0],
						"0.44": [0, -0.34, 0],
						"0.48": [0, -0.77, 0]
					}
				},
				"LeftBoner": {
					"rotation": {
						"0.0": [0, 0, 0],
						"0.04": [-2.31, 0, 0],
						"0.08": [-5.83, 0, 0],
						"0.12": [-9.84, 0, 0],
						"0.16": [-13.61, 0, 0],
						"0.2": [-16.41, 0, 0],
						"0.24": [-17.5, 0, 0],
						"0.28": [-16.41, 0, 0],
						"0.32": [-13.61, 0, 0],
						"0.36": [-9.84, 0, 0],
						"0.4": [-5.83, 0, 0],
						"0.44": [-2.31, 0, 0],
						"0.48": [0, 0, 0]
					},
					"position": {
						"0.0": [0, 0, 0],
						"0.04": [0, 0.08, 0.01],
						"0.08": [0, 0.2, 0.03],
						"0.12": [0, 0.34, 0.06],
						"0.16": [0, 0.47, 0.08],
						"0.2": [0, 0.56, 0.09],
						"0.24": [0, 0.6, 0.1],
						"0.28": [0, 0.56, 0.09],
						"0.32": [0, 0.47, 0.08],
						"0.36": [0, 0.34, 0.06],
						"0.4": [0, 0.2, 0.03],
						"0.44": [0, 0.08, 0.01],
						"0.48": [0, 0, 0]
					}
				},
				"RightBoner": {
					"rotation": {
						"0.0": [-17.5, 0, 0],
						"0.04": [-15.19, 0, 0],
						"0.08": [-11.67, 0, 0],
						"0.12": [-7.66, 0, 0],
						"0.16": [-3.89, 0, 0],
						"0.2": [-1.09, 0, 0],
						"0.24": [0, 0, 0],
						"0.28": [-1.09, 0, 0],
						"0.32": [-3.89, 0, 0],
						"0.36": [-7.66, 0, 0],
						"0.4": [-11.67, 0, 0],
						"0.44": [-15.19, 0, 0],
						"0.48": [-17.5, 0, 0]
					},
					"position": {
						"0.0": [0, 0.6, 0.1],
						"0.04": [0, 0.52, 0.09],
						"0.08": [0, 0.4, 0.07],
						"0.12": [0, 0.26, 0.04],
						"0.16": [0, 0.13, 0.02],
						"0.2": [0, 0.04, 0.01],
						"0.24": [0, 0, 0],
						"0.28": [0, 0.04, 0.01],
						"0.32": [0, 0.13, 0.02],
						"0.36": [0, 0.26, 0.04],
						"0.4": [0, 0.4, 0.07],
						"0.44": [0, 0.52, 0.09],
						"0.48": [0, 0.6, 0.1]
					}
				}
			}
		},
		"animation.billeys_mobs.animplayer.new3": {
			"loop": true,
			"animation_length": 0.48,
			"bones": {
				"RightArm": {
					"rotation": {
						"0.0": {
							"post": [-35, 0, 0],
							"lerp_mode": "catmullrom"
						},
						"0.24": {
							"post": [27, 0, 0],
							"lerp_mode": "catmullrom"
						},
						"0.48": {
							"post": [-35, 0, 0],
							"lerp_mode": "catmullrom"
						}
					}
				},
				"LeftArm": {
					"rotation": {
						"0.0": {
							"post": [27, 0, 0],
							"lerp_mode": "catmullrom"
						},
						"0.24": {
							"post": [-35, 0, 0],
							"lerp_mode": "catmullrom"
						},
						"0.48": {
							"post": [27, 0, 0],
							"lerp_mode": "catmullrom"
						}
					}
				},
				"RightLeg": {
					"rotation": {
						"0.0": {
							"post": [25, 0, 0],
							"lerp_mode": "catmullrom"
						},
						"0.24": {
							"post": [-32.5, 0, 0],
							"lerp_mode": "catmullrom"
						},
						"0.48": {
							"post": [25, 0, 0],
							"lerp_mode": "catmullrom"
						}
					}
				},
				"LeftLeg": {
					"rotation": {
						"0.0": {
							"post": [-32.5, 0, 0],
							"lerp_mode": "catmullrom"
						},
						"0.24": {
							"post": [25, 0, 0],
							"lerp_mode": "catmullrom"
						},
						"0.48": {
							"post": [-32.5, 0, 0],
							"lerp_mode": "catmullrom"
						}
					}
				},
				"RightBone": {
					"rotation": {
						"0.0": {
							"post": [25, 0, 0],
							"lerp_mode": "catmullrom"
						},
						"0.24": {
							"post": [0, 0, 0],
							"lerp_mode": "catmullrom"
						},
						"0.48": {
							"post": [25, 0, 0],
							"lerp_mode": "catmullrom"
						}
					},
					"position": {
						"0.0": {
							"post": [0, 0.85, -0.175],
							"lerp_mode": "catmullrom"
						},
						"0.24": {
							"post": [0, 0, 0],
							"lerp_mode": "catmullrom"
						},
						"0.48": {
							"post": [0, 0.85, -0.175],
							"lerp_mode": "catmullrom"
						}
					}
				},
				"LeftBone": {
					"rotation": {
						"0.0": {
							"post": [0, 0, 0],
							"lerp_mode": "catmullrom"
						},
						"0.24": {
							"post": [25, 0, 0],
							"lerp_mode": "catmullrom"
						},
						"0.48": {
							"post": [0, 0, 0],
							"lerp_mode": "catmullrom"
						}
					},
					"position": {
						"0.0": {
							"post": [0, 0, 0],
							"lerp_mode": "catmullrom"
						},
						"0.24": {
							"post": [0, 0.85, -0.175],
							"lerp_mode": "catmullrom"
						},
						"0.48": {
							"post": [0, 0, 0],
							"lerp_mode": "catmullrom"
						}
					}
				},
				"bone": {
					"position": {
						"0.0": {
							"post": [0, -0.775, 0],
							"lerp_mode": "catmullrom"
						},
						"0.04": {
							"post": [0, -0.345, 0],
							"lerp_mode": "catmullrom"
						},
						"0.08": {
							"post": [0, -0.225, 0],
							"lerp_mode": "catmullrom"
						},
						"0.12": {
							"post": [0, 0, 0],
							"lerp_mode": "catmullrom"
						},
						"0.24": {
							"post": [0, -0.775, 0],
							"lerp_mode": "catmullrom"
						},
						"0.36": {
							"post": [0, 0, 0],
							"lerp_mode": "catmullrom"
						},
						"0.4": {
							"post": [0, -0.225, 0],
							"lerp_mode": "catmullrom"
						},
						"0.44": {
							"post": [0, -0.345, 0],
							"lerp_mode": "catmullrom"
						},
						"0.48": {
							"post": [0, -0.775, 0],
							"lerp_mode": "catmullrom"
						}
					}
				},
				"LeftBoner": {
					"rotation": {
						"0.0": {
							"post": [0, 0, 0],
							"lerp_mode": "catmullrom"
						},
						"0.24": {
							"post": [-17.5, 0, 0],
							"lerp_mode": "catmullrom"
						},
						"0.48": {
							"post": [0, 0, 0],
							"lerp_mode": "catmullrom"
						}
					},
					"position": {
						"0.0": {
							"post": [0, 0, 0],
							"lerp_mode": "catmullrom"
						},
						"0.24": {
							"post": [0, 0.6, 0.1],
							"lerp_mode": "catmullrom"
						},
						"0.48": {
							"post": [0, 0, 0],
							"lerp_mode": "catmullrom"
						}
					}
				},
				"RightBoner": {
					"rotation": {
						"0.0": {
							"post": [-17.5, 0, 0],
							"lerp_mode": "catmullrom"
						},
						"0.24": {
							"post": [0, 0, 0],
							"lerp_mode": "catmullrom"
						},
						"0.48": {
							"post": [-17.5, 0, 0],
							"lerp_mode": "catmullrom"
						}
					},
					"position": {
						"0.0": {
							"post": [0, 0.6, 0.1],
							"lerp_mode": "catmullrom"
						},
						"0.24": {
							"post": [0, 0, 0],
							"lerp_mode": "catmullrom"
						},
						"0.48": {
							"post": [0, 0.6, 0.1],
							"lerp_mode": "catmullrom"
						}
					}
				}
			}
		}
	}
}