{
	"format_version": "1.8.0",
	"animations": {
		"animation.billeys_mobs.falcon.walk": {
			"loop": true,
			"animation_length": 0.48,
			"anim_time_update": "q.modified_distance_moved / 5",
			"bones": {
				"bone": {
					"position": {
						"0.0": [0, -0.15, 0],
						"0.04": [0, -0.175, 0],
						"0.08": [0, -0.065, 0],
						"0.12": [0, -0.02, 0],
						"0.16": [0, 0.025, 0],
						"0.2": [0, -0.035, 0],
						"0.24": [0, -0.15, 0],
						"0.28": [0, -0.175, 0],
						"0.32": [0, -0.065, 0],
						"0.36": [0, -0.02, 0],
						"0.4": [0, 0.025, 0],
						"0.44": [0, -0.035, 0],
						"0.48": [0, -0.15, 0]
					}
				},
				"bone2": {
					"rotation": {
						"0.0": [0, 0, 1.25],
						"0.24": [0, 0, -2.5],
						"0.48": [0, 0, 1.25]
					}
				},
				"leg": {
					"rotation": {
						"0.0": [37.5, 0, 0],
						"0.24": [-37.5, 0, 0],
						"0.48": [37.5, 0, 0]
					}
				},
				"foot": {
					"rotation": {
						"0.0": [-30, 0, 0],
						"0.12": [-40, 0, 0],
						"0.24": [7.5, 0, 0],
						"0.32": [10, 0, 0],
						"0.48": [-30, 0, 0]
					}
				},
				"leg2": {
					"rotation": {
						"0.0": [-37.5, 0, 0],
						"0.24": [37.5, 0, 0],
						"0.48": [-37.5, 0, 0]
					}
				},
				"foot2": {
					"rotation": {
						"0.0": [7.5, 0, 0],
						"0.08": [10, 0, 0],
						"0.24": [-30, 0, 0],
						"0.36": [-40, 0, 0],
						"0.48": [7.5, 0, 0]
					}
				}
			}
		},
		"animation.billeys_mobs.falcon.walk2": {
			"loop": true,
			"anim_time_update": "q.modified_distance_moved / 20",
			"animation_length": 0.48,
			"bones": {
				"bone2": {
					"rotation": {
						"0.0": [0, 0, 1.25],
						"0.24": [0, 0, -2.5],
						"0.48": [0, 0, 1.25]
					}
				},
				"leg": {
					"rotation": {
						"0.0": [37.5, 0, 0],
						"0.24": [-37.5, 0, 0],
						"0.48": [37.5, 0, 0]
					}
				},
				"foot": {
					"rotation": {
						"0.0": [-30, 0, 0],
						"0.12": [-40, 0, 0],
						"0.24": [7.5, 0, 0],
						"0.32": [10, 0, 0],
						"0.48": [-30, 0, 0]
					}
				},
				"leg2": {
					"rotation": {
						"0.0": [-37.5, 0, 0],
						"0.24": [37.5, 0, 0],
						"0.48": [-37.5, 0, 0]
					}
				},
				"foot2": {
					"rotation": {
						"0.0": [7.5, 0, 0],
						"0.08": [10, 0, 0],
						"0.24": [-30, 0, 0],
						"0.36": [-40, 0, 0],
						"0.48": [7.5, 0, 0]
					}
				}
			}
		},
		"animation.billeys_mobs.falcon.fly4": {
			"loop": true,
			"anim_time_update": "1",
			"bones": {
				"wing0": {
					"rotation": [0, 0, -90],
					"position": [0, -1, 0],
					"scale": [1, 1.3, 1]
				},
				"wing1": {
					"rotation": [0, 0, 90],
					"position": [0, -1, 0],
					"scale": [1, 1.3, 1]
				},
				"bone7": {
					"rotation": [0, 0, "-15*math.sin(q.life_time*720+25-25)"]
				},
				"winga0": {
					"rotation": [0, 0, "-15*math.sin(q.life_time*720+25-25*2)"]
				},
				"bone8": {
					"rotation": [0, 0, "-15*math.sin(q.life_time*720+25-25*3)"]
				},
				"wingb0": {
					"rotation": [0, 0, "-15*math.sin(q.life_time*720+25-25*4)"]
				},
				"bone6": {
					"rotation": [0, 0, "-15*math.sin(q.life_time*720+25-25*5)"]
				},
				"bone5": {
					"rotation": [0, 0, "-15*math.sin(q.life_time*720+25-25*6)"]
				},
				"bone9": {
					"rotation": [0, 0, "15*math.sin(q.life_time*720+25-25)"]
				},
				"winga1": {
					"rotation": [0, 0, "15*math.sin(q.life_time*720+25-25*2)"]
				},
				"bone10": {
					"rotation": [0, 0, "15*math.sin(q.life_time*720+25-25*3)"]
				},
				"wingb1": {
					"rotation": [0, 0, "15*math.sin(q.life_time*720+25-25*4)"]
				},
				"bone11": {
					"rotation": [0, 0, "15*math.sin(q.life_time*720+25-25*5)"]
				},
				"bone12": {
					"rotation": [0, 0, "15*math.sin(q.life_time*720+25-25*6)"]
				},
				"bone13": {
					"rotation": [0, 0, "-30*math.sin(q.life_time*720)+17.5"],
					"position": [0.15, 0.25, 0]
				},
				"bone14": {
					"rotation": [0, 0, "30*math.sin(q.life_time*720)-17.5"],
					"position": [-0.15, 0.25, 0]
				}
			}
		},
		"animation.billeys_mobs.falcon.fly5": {
			"loop": true,
			"bones": {
				"bone": {
					"position": [0, 0, 3.5]
				},
				"bone2": {
					"rotation": [52.5, 0, 0]
				},
				"neck": {
					"rotation": [-17.5, 0, 0],
					"position": [0, -0.125, 0.925],
					"scale": 1
				},
				"head": {
					"rotation": [-35, 0, 0],
					"position": [0, -0.075, -0.25]
				},
				"wing0": {
					"rotation": [0, -90, -90],
					"position": [0, -2.5, 0.75],
					"scale": [1, 1.3, 1]
				},
				"tail": {
					"rotation": [-57.5, 0, 0],
					"position": [0, -0.75, -0.75]
				},
				"bone3": {
					"scale": [1, 1.24, 1]
				},
				"bone4": {
					"scale": [1, 1.1, 1]
				},
				"wing1": {
					"rotation": [0, 90, 90],
					"position": [0, -2.5, 0.75],
					"scale": [1, 1.3, 1]
				},
				"bone7": {
					"rotation": [0, 0, 0]
				},
				"winga0": {
					"rotation": [0, 0, 0]
				},
				"bone8": {
					"rotation": [0, 0, "-45*math.sin(q.life_time*360+25-25*2.5)"]
				},
				"bone10": {
					"rotation": [0, 0, "45*math.sin(q.life_time*360+25-25*2.5)"]
				},
				"bone13": {
					"rotation": [0, 0, "-45*math.sin(q.life_time*360)"]
				},
				"bone14": {
					"rotation": [0, 0, "45*math.sin(q.life_time*360)"]
				},
				"flyrotation": {
					"rotation": ["-q.target_x_rotation", "q.target_y_rotation", 0]
				}
			}
		},
		"animation.billeys_mobs.falcon.fly3": {
			"loop": true,
			"bones": {
				"wing0": {
					"rotation": [0, -90, -90],
					"position": [0, -2.5, 0.75],
					"scale": [1, 1.3, 1]
				},
				"bone3": {
					"scale": [1, 1.24, 1]
				},
				"wing1": {
					"rotation": [0, 90, 90],
					"position": [0, -2.5, 0.75],
					"scale": [1, 1.3, 1]
				},
				"bone7": {
					"rotation": [0, 0, "-15*math.sin(q.life_time*360+25-25)"]
				},
				"winga0": {
					"rotation": [0, 0, "-15*math.sin(q.life_time*360+25-25*2)"]
				},
				"bone8": {
					"rotation": [0, 0, "-15*math.sin(q.life_time*360+25-25*3)"]
				},
				"wingb0": {
					"rotation": [0, 0, "-15*math.sin(q.life_time*360+25-25*4)"]
				},
				"bone6": {
					"rotation": [0, 0, "-15*math.sin(q.life_time*360+25-25*5)"]
				},
				"bone5": {
					"rotation": [0, 0, "-15*math.sin(q.life_time*360+25-25*6)"]
				},
				"bone9": {
					"rotation": [0, 0, "15*math.sin(q.life_time*360+25-25)"]
				},
				"winga1": {
					"rotation": [0, 0, "15*math.sin(q.life_time*360+25-25*2)"]
				},
				"bone10": {
					"rotation": [0, 0, "15*math.sin(q.life_time*360+25-25*3)"]
				},
				"wingb1": {
					"rotation": [0, 0, "15*math.sin(q.life_time*360+25-25*4)"]
				},
				"bone11": {
					"rotation": [0, 0, "15*math.sin(q.life_time*360+25-25*5)"]
				},
				"bone12": {
					"rotation": [0, 0, "15*math.sin(q.life_time*360+25-25*6)"]
				},
				"bone13": {
					"rotation": [0, 0, "-15*math.sin(q.life_time*360)"]
				},
				"bone14": {
					"rotation": [0, 0, "15*math.sin(q.life_time*360)"]
				}
			}
		},
		"animation.billeys_mobs.falcon.sleep": {
			"loop": true,
			"animation_length": 1.5,
			"bones": {
				"bone": {
					"position": [0, 0, 4]
				},
				"bone2": {
					"rotation": [52.5, 0, 0],
					"position": [0, -1.675, 0]
				},
				"neck": {
					"rotation": [-20, 0, 0],
					"position": [0, -0.25, 1]
				},
				"bone13": {
					"rotation": [5, 0, 0]
				},
				"bone14": {
					"rotation": [5, 0, 0]
				},
				"tail": {
					"rotation": [-45, 0, 0],
					"position": [0, 0, -1]
				},
				"foot": {
					"rotation": [0, 25, 0]
				},
				"foot2": {
					"rotation": [0, -25, 0]
				},
				"eyelid": {
					"position": [0, -0.3, 0],
					"scale": [1.06, 600.9, 1]
				},
				"pom": {
					"scale": [1, 1, 2]
				},
				"eyelid2": {
					"position": [0, 0.05, 0],
					"scale": [1.06, 100.9, 1]
				}
			},
			"particle_effects": {
				"0.0": {
					"effect": "zeelol",
					"locator": "zee"
				}
			}
		},
		"animation.billeys_mobs.falcon.sit": {
			"loop": true,
			"bones": {
				"bone2": {
					"position": [0, -2, 0]
				}
			}
		},
		"animation.billeys_mobs.falcon.fly": {
			"loop": true,
			"bones": {
				"bone": {
					"position": [0, 0, 3.5]
				},
				"bone2": {
					"rotation": [52.5, 0, 0]
				},
				"neck": {
					"rotation": [-17.5, 0, 0],
					"position": [0, -0.125, 0.925],
					"scale": 1
				},
				"head": {
					"rotation": [-35, 0, 0],
					"position": [0, -0.075, -0.25]
				},
				"wing0": {
					"rotation": [0, -90, -90],
					"position": [0, -2.5, 0.75]
				},
				"tail": {
					"rotation": [-57.5, 0, 0],
					"position": [0, -0.75, -0.75]
				},
				"bone3": {
					"scale": [1, 1.24, 1]
				},
				"bone4": {
					"scale": [1, 1.1, 1]
				},
				"wing1": {
					"rotation": [0, 90, 90],
					"position": [0, -2.5, 0.75],
					"scale": [1, 1.3, 1]
				},
				"bone13": {
					"rotation": [0, 0, -5],
					"scale": [1, 1.3, 1]
				},
				"bone7": {
					"rotation": [0, 0, -5]
				},
				"winga0": {
					"rotation": [0, 0, -5]
				},
				"bone8": {
					"rotation": [0, 0, -5]
				},
				"wingb0": {
					"rotation": [0, 0, -4]
				},
				"bone6": {
					"rotation": [0, 0, -4]
				},
				"bone5": {
					"rotation": [0, 0, -4]
				},
				"bone14": {
					"rotation": [0, 0, 5]
				},
				"bone9": {
					"rotation": [0, 0, 5]
				},
				"winga1": {
					"rotation": [0, 0, 5]
				},
				"bone10": {
					"rotation": [0, 0, 5]
				},
				"wingb1": {
					"rotation": [0, 0, 5]
				},
				"bone11": {
					"rotation": [0, 0, 5]
				},
				"bone12": {
					"rotation": [0, 0, 5]
				},
				"flyrotation": {
					"rotation": ["-q.target_x_rotation", "q.target_y_rotation", 0],
					"position": [0, 0, 0]
				}
			}
		},
		"animation.billeys_mobs.falcon.fly2": {
			"loop": true,
			"bones": {
				"bone": {
					"position": [0, 0, 3.5]
				},
				"bone2": {
					"rotation": [52.5, 0, 0]
				},
				"neck": {
					"rotation": [-17.5, 0, 0],
					"position": [0, -0.125, 0.925],
					"scale": 1
				},
				"head": {
					"rotation": [-35, 0, 0],
					"position": [0, -0.075, -0.25]
				},
				"wing0": {
					"rotation": [0, -90, -90],
					"position": [0, -2.5, 0.75],
					"scale": [1, 1.3, 1]
				},
				"tail": {
					"rotation": [-57.5, 0, 0],
					"position": [0, -0.75, -0.75]
				},
				"bone3": {
					"scale": [1, 1.24, 1]
				},
				"bone4": {
					"scale": [1, 1.1, 1]
				},
				"wing1": {
					"rotation": [0, 90, 90],
					"position": [0, -2.5, 0.75],
					"scale": [1, 1.3, 1]
				},
				"bone7": {
					"rotation": [0, 0, "-15*math.sin(q.life_time*360+25-25)"]
				},
				"winga0": {
					"rotation": [0, 0, "-15*math.sin(q.life_time*360+25-25*2)"]
				},
				"bone8": {
					"rotation": [0, 0, "-15*math.sin(q.life_time*360+25-25*3)"]
				},
				"wingb0": {
					"rotation": [0, 0, "-15*math.sin(q.life_time*360+25-25*4)"]
				},
				"bone6": {
					"rotation": [0, 0, "-15*math.sin(q.life_time*360+25-25*5)"]
				},
				"bone5": {
					"rotation": [0, 0, "-15*math.sin(q.life_time*360+25-25*6)"]
				},
				"bone9": {
					"rotation": [0, 0, "15*math.sin(q.life_time*360+25-25)"]
				},
				"winga1": {
					"rotation": [0, 0, "15*math.sin(q.life_time*360+25-25*2)"]
				},
				"bone10": {
					"rotation": [0, 0, "15*math.sin(q.life_time*360+25-25*3)"]
				},
				"wingb1": {
					"rotation": [0, 0, "15*math.sin(q.life_time*360+25-25*4)"]
				},
				"bone11": {
					"rotation": [0, 0, "15*math.sin(q.life_time*360+25-25*5)"]
				},
				"bone12": {
					"rotation": [0, 0, "15*math.sin(q.life_time*360+25-25*6)"]
				},
				"bone13": {
					"rotation": [0, 0, "-30*math.sin(q.life_time*360)"]
				},
				"bone14": {
					"rotation": [0, 0, "30*math.sin(q.life_time*360)"]
				},
				"flyrotation": {
					"rotation": ["-q.target_x_rotation", "q.target_y_rotation", 0]
				}
			}
		},
		"animation.billeys_mobs.falcon.cancelvanilladeath": {
			"loop": true,
			"bones": {
				"bone": {
					"rotation": [0, 0, "Math.min(Math.sqrt(Math.max(0, q.anim_time * 20 - 0.5) / 20 * 1.6), 1) * -90"]
				}
			}
		},
		"animation.billeys_mobs.falcon.die": {
			"loop": "hold_on_last_frame",
			"animation_length": 1,
			"bones": {
				"flyrotation": {
					"position": {
						"0.0": [0, 0, 0],
						"1.0": [0, "-4 * q.is_on_ground", 0]
					},
					"scale": {
						"0.0": [1, 1, 1],
						"0.92": [1, 1, 1],
						"1.0": [0, 0, 0]
					}
				},
				"bone": {
					"rotation": {
						"0.0": [0, 0, 0],
						"0.2": [-17.5, -20, 19.5],
						"0.4": [-27.5, 0, 90]
					},
					"position": {
						"0.0": [0, 0, 0],
						"0.16": [-3, 1.5, -2],
						"0.4": [-6, 2.75, -2]
					}
				},
				"leg": {
					"rotation": {
						"0.0": [0, 0, 0],
						"0.12": [0, 0, 0],
						"0.2": [0, 0, -27.5]
					}
				}
			}
		}
	}
}