{
	"format_version": "1.8.0",
	"animations": {
		"animation.billeys_mobs.banana_duck.pugehenis": {
			"animation_length": 1.8,
			"bones": {
				"lol": {
					"rotation": {
						"0.0": [
							"-(q.has_target && !(q.is_sitting&&q.is_alive&&!q.has_rider&&!q.is_avoiding_mobs&&!(q.is_moving&&q.has_target)) ? 0 : (q.target_x_rotation / 3))",
							0,
							0
						],
						"1.76": [
							"-(q.has_target && !(q.is_sitting&&q.is_alive&&!q.has_rider&&!q.is_avoiding_mobs&&!(q.is_moving&&q.has_target)) ? 0 : (q.target_x_rotation / 3))",
							0,
							0
						],
						"1.8": [0, 0, 0]
					}
				},
				"bone": {
					"rotation": {
						"0.0": [-10, 0, 0],
						"0.08": [0, 0, 0],
						"1.08": [0, 0, 0],
						"1.16": [-10, 0, 0],
						"1.52": [-10, 0, 0],
						"1.56": [0, 0, 0]
					}
				},
				"bone3": {
					"rotation": {
						"0.0": [10, 0, 0],
						"0.08": [0, 0, 0],
						"1.08": [0, 0, 0],
						"1.16": [10, 0, 0],
						"1.52": [10, 0, 0],
						"1.56": [0, 0, 0]
					}
				},
				"bone19": {
					"rotation": {
						"0.0": [-50, 0, 0],
						"0.08": [12.5, 0, 0],
						"0.16": [25, 0, 0],
						"0.2": [12.5, 0, 0],
						"0.96": [12.5, 0, 0],
						"1.0": [25, 0, 0],
						"1.08": [12.5, 0, 0],
						"1.16": [-50, 0, 0]
					},
					"position": {
						"0.0": [0, -1, 0],
						"0.08": [0, -1, 0],
						"0.16": [0, -2.2, 0],
						"0.24": [0, -3.7, 0.7],
						"0.44": [0, -3.7, 2],
						"0.76": [0, -3.7, 1.5],
						"0.92": [0, -3.7, 0.7],
						"1.0": [0, -2.2, 0],
						"1.08": [0, -1, 0],
						"1.16": [0, -1, 0]
					}
				},
				"shake": {
					"position": {
						"0.0": [0, 0, 0],
						"0.64": ["math.sin(q.anim_time * 600) / 4", 0, 0],
						"1.12": ["math.sin(q.anim_time * 1200 + 60)", 0, 0],
						"1.6": ["math.sin(q.anim_time * 600) / 4", 0, 0]
					}
				},
				"head": {
					"rotation": {
						"0.0": [
							"-9.99 - (q.has_target && !(q.is_sitting&&q.is_alive&&!q.has_rider&&!q.is_avoiding_mobs&&!(q.is_moving&&q.has_target)) ? 0 : (q.target_x_rotation / 3))",
							0,
							0
						],
						"1.76": [
							"-9.99 - (q.has_target && !(q.is_sitting&&q.is_alive&&!q.has_rider&&!q.is_avoiding_mobs&&!(q.is_moving&&q.has_target)) ? 0 : (q.target_x_rotation / 3))",
							0,
							0
						],
						"1.8": [0, 0, 0]
					}
				},
				"bone2": {
					"rotation": {
						"0.0": [
							"-9.99 - (q.has_target && !(q.is_sitting&&q.is_alive&&!q.has_rider&&!q.is_avoiding_mobs&&!(q.is_moving&&q.has_target)) ? 0 : (q.target_x_rotation / 3))",
							0,
							0
						],
						"1.76": [
							"-9.99 - (q.has_target && !(q.is_sitting&&q.is_alive&&!q.has_rider&&!q.is_avoiding_mobs&&!(q.is_moving&&q.has_target)) ? 0 : (q.target_x_rotation / 3))",
							0,
							0
						],
						"1.8": [0, 0, 0]
					}
				},
				"bodynolegs": {
					"position": {
						"0.0": [0, -1, 0],
						"1.72": [0, -1, 0],
						"1.8": [0, 0, 0]
					}
				}
			},
			"sound_effects": {
				"1.16": {
					"effect": "burp"
				}
			},
			"particle_effects": {
				"1.16": {
					"effect": "banana",
					"locator": "lead"
				}
			}
		},
		"animation.billeys_mobs.banana_duck.walk": {
			"loop": true,
			"animation_length": 0.5,
			"anim_time_update": "q.modified_distance_moved / 16",
			"bones": {
				"body": {
					"position": {
						"0.0": [0, -1, 0],
						"0.04": [0, -0.5, 0],
						"0.08": [0, -0.1, 0],
						"0.12": [0, 0, 0],
						"0.16": [0, -0.1, 0],
						"0.2": [0, -0.5, 0],
						"0.24": [0, -1, 0],
						"0.28": [0, -0.5, 0],
						"0.32": [0, -0.1, 0],
						"0.36": [0, 0, 0],
						"0.4": [0, -0.1, 0],
						"0.44": [0, -0.5, 0],
						"0.52": [0, -1, 0]
					}
				},
				"leg0": {
					"rotation": {
						"0.0": [35, 0, 0],
						"0.24": [-35, 0, 0],
						"0.52": [35, 0, 0]
					}
				},
				"bone5": {
					"rotation": {
						"0.0": [-32.5, 0, 0],
						"0.12": [0, 0, 0],
						"0.24": [-12.5, 0, 0],
						"0.36": [0, 0, 0],
						"0.52": [-32.5, 0, 0]
					}
				},
				"leg1": {
					"rotation": {
						"0.0": [-35, 0, 0],
						"0.24": [35, 0, 0],
						"0.52": [-35, 0, 0]
					}
				},
				"bone4": {
					"rotation": {
						"0.0": [-12.5, 0, 0],
						"0.12": [0, 0, 0],
						"0.24": [-32.5, 0, 0],
						"0.36": [0, 0, 0],
						"0.52": [-12.5, 0, 0]
					}
				},
				"bodynolegs": {
					"rotation": {
						"0.0": [0, 0, 5],
						"0.24": [0, 0, -5],
						"0.52": [0, 0, 5]
					}
				}
			}
		},
		"animation.billeys_mobs.banana_duck.sit": {
			"loop": true,
			"bones": {
				"body": {
					"rotation": [-25, 0, 0],
					"position": [0, -5.5, -1.25]
				},
				"leg0": {
					"rotation": [-58.21708, 33.4751, -2.1888],
					"position": [0, -1, 0],
					"scale": [1, 0.9, 1]
				},
				"bone5": {
					"rotation": [0, 0, 22.5],
					"position": [0, -0.3, 0]
				},
				"leg1": {
					"rotation": [-58.21708, -33.47505, 2.18875],
					"position": [0, -1, 0],
					"scale": [1, 0.9, 1]
				},
				"bone4": {
					"rotation": [0, 0, -22.5],
					"position": [0, -0.3, 0]
				},
				"head": {
					"rotation": [17.5, 0, 0]
				},
				"wing1": {
					"rotation": [0, 0, -20]
				},
				"wing8": {
					"rotation": [0, 40, 0]
				},
				"wing0": {
					"rotation": [0, 0, 20]
				},
				"bone15": {
					"position": [0, -0.2, 0]
				},
				"bone14": {
					"rotation": [0, 0, 0],
					"position": [0, -0.02, 0]
				},
				"duck_tail": {
					"rotation": [0, 47.5, 0],
					"position": [0, -0.25, -0.25]
				},
				"bowtie": {
					"position": [0, -1, 0]
				}
			}
		},
		"animation.billeys_mobs.banana_duck.flappy": {
			"loop": true,
			"bones": {
				"wing1": {
					"rotation": [0, 0, "math.sin(q.life_time * 880) * 14"]
				},
				"wing2": {
					"rotation": [0, 0, "math.sin(q.life_time * 880 + 45) * 9+ 9"]
				},
				"wing3": {
					"rotation": [0, 0, "math.sin(q.life_time * 880 + 45) * 7 +7"]
				},
				"wing4": {
					"rotation": [0, 0, "-math.sin(q.life_time * 880 + 45) * 9- 9"]
				},
				"wing5": {
					"rotation": [0, 0, "math.sin(q.life_time * 880 + 45) * 9+ 9"]
				},
				"wing6": {
					"rotation": [0, "math.sin(q.life_time * 880) * 7 -15", 0]
				},
				"wing0": {
					"rotation": [0, 0, "-math.sin(q.life_time * 880) * 14"]
				},
				"wing9": {
					"rotation": [0, 0, "math.sin(q.life_time * 880 + 30) * 7"],
					"scale": [1.2, 1, 1]
				},
				"wing10": {
					"rotation": [0, 0, "math.sin(q.life_time * 880 + 60) * 7"],
					"scale": [1.1, 1, 1]
				},
				"wing11": {
					"rotation": [0, 0, "math.sin(q.life_time * 880 + 90) * 7"],
					"scale": [1.2, 1, 1]
				},
				"wing12": {
					"rotation": [0, 0, "math.sin(q.life_time * 880 + 120) * 7"],
					"scale": [0.6, 1, 1]
				},
				"wing13": {
					"rotation": [0, 0, "math.sin(q.life_time * 880 + 150) * 7"]
				},
				"wing7": {
					"rotation": [0, 0, "math.sin(q.life_time * 880 + 150) * 7"]
				},
				"wing14": {
					"rotation": [0, 0, "math.sin(q.life_time * 880 + 150) * 7"]
				},
				"wing8": {
					"rotation": [0, "-math.sin(q.life_time * 880) * 7", 0],
					"scale": [1.2, 1.3, 1]
				},
				"wing15": {
					"rotation": [0, 0, "math.sin(q.life_time * 880 + 30) * 7"],
					"scale": [1.2, 1, 1]
				},
				"wing16": {
					"rotation": [0, 0, "math.sin(q.life_time * 880 + 90) * 7"],
					"scale": [1.2, 1, 1]
				},
				"wing18": {
					"rotation": [0, 0, "math.sin(q.life_time * 880 + 120) * 7"],
					"scale": [0.6, 1, 1]
				},
				"wing19": {
					"rotation": [0, 0, "math.sin(q.life_time * 880 + 150) * 7"]
				},
				"wing20": {
					"rotation": [0, 0, "math.sin(q.life_time * 880 + 150) * 7"]
				},
				"duck_tail": {
					"rotation": [0, "-math.sin(q.life_time * 880) * 14", 0]
				}
			}
		},
		"animation.billeys_mobs.banana_duck.sleep": {
			"loop": true,
			"bones": {
				"body": {
					"rotation": [-25, 0, 0],
					"position": [0, -5.5, -1.25]
				},
				"leg0": {
					"rotation": [-58.21708, 33.4751, -2.1888],
					"position": [0, -1, 0],
					"scale": [1, 0.9, 1]
				},
				"bone5": {
					"rotation": [0, 0, 22.5],
					"position": [0, -0.3, 0]
				},
				"leg1": {
					"rotation": [-58.21708, -33.47505, 2.18875],
					"position": [0, -1, 0],
					"scale": [1, 0.9, 1]
				},
				"bone4": {
					"rotation": [0, 0, -22.5],
					"position": [0, -0.3, 0]
				},
				"head": {
					"rotation": [17.5, 0, 0]
				},
				"wing1": {
					"rotation": [0, 0, -20]
				},
				"wing8": {
					"rotation": [0, 40, 0]
				},
				"wing0": {
					"rotation": [0, 0, 20]
				},
				"bone15": {
					"position": [0, -0.2, 0]
				},
				"bone14": {
					"rotation": [0, 0, 0],
					"position": [0, -0.02, 0]
				},
				"duck_tail": {
					"rotation": [0, 47.5, 0],
					"position": [0, -0.25, -0.25]
				},
				"bone10": {
					"scale": [1, 1.15, 1.1]
				},
				"bone9": {
					"scale": [1, 1.375, 1.1]
				},
				"bowtie": {
					"position": [0, -1, 0]
				}
			}
		},
		"animation.billeys_mobs.banana_duck.idle": {
			"loop": true,
			"bones": {
				"head": {
					"rotation": [0, 0, "math.cos(q.anim_time*60)"]
				},
				"wing1": {
					"rotation": [0, 0, "-2-math.cos(q.anim_time*90+45)*2"]
				},
				"duck_tail": {
					"rotation": [0, "2+math.cos(q.anim_time*90+45)*2", 0]
				},
				"wing6": {
					"rotation": [0, "-2-math.cos(q.anim_time*90+45)*2", 0]
				},
				"wing0": {
					"rotation": [0, 0, "2+math.cos(q.anim_time*90+45)*2"]
				}
			}
		}
	}
}