{
	"format_version": "1.8.0",
	"animations": {
		"animation.piranha.bite": {
			"loop": true,
			"bones": {
				"jaw": {
					"rotation": [-28, 0, 0],
					"position": [0, -0.2, 0.4],
					"scale": [1, 1, 1.3]
				}
			}
		},
		"animation.biillpiranha.attack": {
			"animation_length": 0.4,
			"bones": {
				"jaw": {
					"rotation": {
						"0.0": [0, 0, 0],
						"0.08": [-12.5, 0, 0],
						"0.16": [-25, 0, 0],
						"0.28": [-27, 0, 0],
						"0.36": [0, 0, 0]
					},
					"scale": {
						"0.0": [1, 1, 1],
						"0.08": [1, 1, 1.4],
						"0.16": [1, 1, 1.2],
						"0.28": [1, 1, 1.2],
						"0.36": [1, 1, 1]
					}
				}
			}
		},
		"animation.billeys_mobs.piranha.swim": {
			"loop": true,
			"bones": {
				"body": {
					"rotation": [0, "math.sin(q.life_time * 480)*2.5", 0]
				},
				"tail": {
					"rotation": [0, "math.sin(q.life_time * 480 + 30)*10", 0]
				},
				"tail1": {
					"rotation": [0, "math.sin(q.life_time * 480 + 45)*10", 0]
				},
				"left_fin": {
					"rotation": [0, "math.sin(q.life_time * 480 + 15)*5", 0]
				},
				"right_fin": {
					"rotation": [0, "math.sin(q.life_time * 480 +60)*5", 0]
				},
				"look": {
					"rotation": ["q.target_x_rotation / 2", 0, "math.clamp(q.target_y_rotation/2,-15,15)"]
				}
			}
		},
		"animation.billeys_mobs.piranha.thrown": {
			"loop": true,
			"bones": {
				"body": {
					"rotation": [0, 0, 0]
				},
				"tail": {
					"rotation": [0, "math.sin(q.life_time * 720 + 30)*20", 0]
				},
				"tail1": {
					"rotation": [0, "math.sin(q.life_time * 720+ 45)*15", 0]
				},
				"left_fin": {
					"rotation": [0, "math.sin(q.life_time * 480 + 15)*5", 0]
				},
				"right_fin": {
					"rotation": [0, "math.sin(q.life_time * 480 +60)*5", 0]
				},
				"look": {
					"rotation": ["-q.target_x_rotation", "q.target_y_rotation + q.anim_time * 180", "math.clamp(q.target_y_rotation/2,-15,15)"]
				}
			}
		},
		"animation.billeys_mobs.piranha.flop": {
			"loop": true,
			"animation_length": 2.6,
			"bones": {
				"body": {
					"rotation": {
						"0.0": [0, 0, -90],
						"1.16": [0, 0, -90],
						"1.28": [0, 0, 90],
						"2.48": [0, 0, 90],
						"2.6": [0, 0, 270]
					},
					"position": {
						"0.0": [-0.25, -0.25, 0],
						"1.16": [-0.25, -0.25, 0],
						"1.2": [-0.08, 0.75, 0],
						"1.28": [0.25, -0.25, 0],
						"2.48": [0.25, -0.25, 0],
						"2.52": [0.08, 0.75, 0],
						"2.6": [-0.25, -0.25, 0]
					}
				},
				"left_fin": {
					"rotation": [0, 0, -37.5]
				},
				"right_fin": {
					"rotation": [0, 0, 37.5]
				}
			}
		}
	}
}