{
	"format_version": "1.8.0",
	"animations": {
		"animation.billeys_mobs.velvet.antennas": {
			"loop": true,
			"bones": {
				"bone6": {
					"rotation": [0, 0, "math.max(0,math.sin(q.life_time * 700) * 5 + 2.5)"]
				},
				"bone7": {
					"rotation": [0, 0, "math.max(0,math.sin(q.life_time * 700 + 45) * 5 + 2.5)"]
				},
				"bone8": {
					"rotation": [0, 0, "-math.max(0,math.sin(q.life_time * 700) * 5 + 2.5)"]
				},
				"bone14": {
					"rotation": [0, 0, "-math.max(0,math.sin(q.life_time * 700 + 45) * 5 + 2.5)"]
				},
				"bone20": {
					"position": [0, 0, 0]
				}
			}
		},
		"animation.billeys_mobs.velvet.turn": {
			"loop": true,
			"bones": {
				"bone": {
					"rotation": [0, "q.target_y_rotation / 5", 0],
					"position": [0, 0, "q.target_y_rotation > 0 ? q.target_y_rotation / 300 : -q.target_y_rotation / 300"]
				},
				"bone2": {
					"rotation": [0, "q.target_y_rotation / 5", 0],
					"position": [0, 0, "q.target_y_rotation > 0 ? -q.target_y_rotation / 300 : q.target_y_rotation / 300"]
				},
				"bone3": {
					"rotation": [0, "q.target_y_rotation / 5", 0],
					"position": [0, 0, "q.target_y_rotation > 0 ? -q.target_y_rotation / 300 : q.target_y_rotation / 300"]
				},
				"bone4": {
					"rotation": [0, "q.target_y_rotation / 5", 0],
					"position": [0, 0, "q.target_y_rotation > 0 ? -q.target_y_rotation / 300 : q.target_y_rotation / 300"]
				},
				"bone5": {
					"rotation": [0, "q.target_y_rotation / 5", 0],
					"position": [0, 0, "q.target_y_rotation > 0 ? -q.target_y_rotation / 300 : q.target_y_rotation / 300"]
				},
				"bone9": {
					"rotation": [0, "-q.target_y_rotation / 20", 0],
					"position": [0, 0, "q.target_y_rotation > 0 ? -q.target_y_rotation / 1200 : q.target_y_rotation / 1200"]
				},
				"bone10": {
					"rotation": [0, "-q.target_y_rotation / 20", 0],
					"position": [0, 0, "q.target_y_rotation > 0 ? -q.target_y_rotation / 1200 : q.target_y_rotation / 1200"]
				},
				"bone11": {
					"rotation": [0, "-q.target_y_rotation / 20", 0],
					"position": [0, 0, "q.target_y_rotation > 0 ? -q.target_y_rotation / 1200 : q.target_y_rotation / 1200"]
				},
				"bone12": {
					"rotation": [0, "-q.target_y_rotation / 20", 0],
					"position": [0, 0, "q.target_y_rotation > 0 ? -q.target_y_rotation / 1200 : q.target_y_rotation / 1200"]
				},
				"bone13": {
					"rotation": [0, "-q.target_y_rotation / 20", 0],
					"position": [0, 0, "q.target_y_rotation > 0 ? -q.target_y_rotation / 1200 : q.target_y_rotation / 1200"]
				},
				"bone18": {
					"rotation": [0, "q.target_y_rotation / 20", 0]
				},
				"bone19": {
					"rotation": ["-q.target_x_rotation", 0, 0]
				}
			}
		},
		"animation.billeys_mobs.velvet.walk": {
			"loop": true,
			"anim_time_update": "q.modified_distance_moved / 6",
			"bones": {
				"bone75": {
					"rotation": [0, "math.sin(q.life_time * 936 + 7.5 * 12) * 9 + 7.5", 0]
				},
				"bone76": {
					"rotation": [0, "math.sin(q.life_time * 936 + 7.5 * 12) * 9 + 7.5", 0]
				},
				"bone79": {
					"rotation": [0, "math.sin(q.life_time * 936 + 7.5 * 10) * 9 + 7.5", 0]
				},
				"bone80": {
					"rotation": [0, "math.sin(q.life_time * 936 + 7.5 * 11) * 9 + 7.5", 0]
				},
				"bone81": {
					"rotation": [0, "math.sin(q.life_time * 936 + 7.5 * 11) * 9 + 7.5", 0]
				},
				"bone82": {
					"rotation": [0, "math.sin(q.life_time * 936 + 7.5 * 10) * 9 + 7.5", 0]
				},
				"bone84": {
					"rotation": [0, "math.sin(q.life_time * 936 + 7.5 * 9) * 9 + 7.5", 0]
				},
				"bone87": {
					"rotation": [0, "math.sin(q.life_time * 936 + 7.5 * 9) * 9 + 7.5", 0]
				},
				"bone90": {
					"rotation": [0, "math.sin(q.life_time * 936 + 7.5 * 8) * 9 + 7.5", 0]
				},
				"bone91": {
					"rotation": [0, "math.sin(q.life_time * 936 + 7.5 * 8) * 9 + 7.5", 0]
				},
				"bone94": {
					"rotation": [0, "math.sin(q.life_time * 936 + 7.5 * 6) * 9 + 7.5", 0]
				},
				"bone95": {
					"rotation": [0, "math.sin(q.life_time * 936 + 7.5 * 7) * 9 + 7.5", 0]
				},
				"bone96": {
					"rotation": [0, "math.sin(q.life_time * 936 + 7.5 * 7) * 9 + 7.5", 0]
				},
				"bone97": {
					"rotation": [0, "math.sin(q.life_time * 936 + 7.5 * 6) * 9 + 7.5", 0]
				},
				"bone34": {
					"rotation": [0, "-(math.sin(q.life_time * 936) * 9 + 7.5)", 0]
				},
				"bone37": {
					"rotation": [0, "-(math.sin(q.life_time * 936) * 9 + 7.5)", 0]
				},
				"bone40": {
					"rotation": [0, "-(math.sin(q.life_time * 936 + 7.5) * 9 + 7.5)", 0]
				},
				"bone41": {
					"rotation": [0, "-(math.sin(q.life_time * 936 + 7.5) * 9 + 7.5)", 0]
				},
				"bone44": {
					"rotation": [0, "-(math.sin(q.life_time * 936 + 7.5 * 3) * 9 + 7.5)", 0]
				},
				"bone45": {
					"rotation": [0, "-(math.sin(q.life_time * 936 + 7.5 * 2) * 9 + 7.5)", 0]
				},
				"bone46": {
					"rotation": [0, "-(math.sin(q.life_time * 936 + 7.5 * 2) * 9 + 7.5)", 0]
				},
				"bone47": {
					"rotation": [0, "-(math.sin(q.life_time * 936 + 7.5 * 3) * 9 + 7.5)", 0]
				},
				"bone49": {
					"rotation": [0, "-(math.sin(q.life_time * 936 + 7.5 * 4) * 9 + 7.5)", 0]
				},
				"bone52": {
					"rotation": [0, "-(math.sin(q.life_time * 936 + 7.5 * 4) * 9 + 7.5)", 0]
				},
				"bone55": {
					"rotation": [0, "-(math.sin(q.life_time * 936 + 7.5 * 5) * 9 + 7.5)", 0]
				},
				"bone56": {
					"rotation": [0, "-(math.sin(q.life_time * 936 + 7.5 * 5) * 9 + 7.5)", 0]
				},
				"bone21": {
					"scale": [1, 1, "1 - math.sin(q.life_time * -936) / 30"]
				}
			}
		},
		"animation.billeys_mobs.velvet.climb": {
			"loop": true,
			"bones": {
				"bone17": {
					"rotation": [-90, 0, 0]
				},
				"bone": {
					"rotation": [0, 0, 0]
				}
			}
		},
		"animation.billeys_mobs.velvet.fall": {
			"loop": true,
			"bones": {
				"bone17": {
					"rotation": ["q.vertical_speed < 0.1 && !q.is_on_ground ? 90", 0, 0],
					"position": [0, 0, "q.vertical_speed < 0.1 && !q.is_on_ground ? -1.5"]
				},
				"bone": {
					"rotation": [0, 0, 0]
				}
			}
		},
		"animation.billeys_mobs.velvet.sit": {
			"loop": true,
			"bones": {
				"bone17": {
					"rotation": [0, 65, 0],
					"position": [0, -0.5, 0]
				},
				"bone10": {
					"rotation": [0, 19, 0],
					"position": [-0.05, 0, -0.2]
				},
				"bone11": {
					"rotation": [0, 20, 0],
					"position": [-0.05, 0, -0.25]
				},
				"bone12": {
					"rotation": [0, 16, 0],
					"position": [0, 0, -0.2]
				},
				"bone75": {
					"rotation": [0, 15, -37.5],
					"position": [-0.4, 0, 0.2]
				},
				"bone76": {
					"rotation": [0, 0, 40]
				},
				"bone79": {
					"rotation": [0, 20.5, -39],
					"position": [-0.1, 0, 0.1]
				},
				"bone80": {
					"rotation": [0, 8, -31],
					"position": [-0.2, 0.1, 0]
				},
				"bone81": {
					"rotation": [0, 0, 40]
				},
				"bone82": {
					"rotation": [0, 0, 40]
				},
				"bone84": {
					"rotation": [-2, 16, -41],
					"position": [0, -0.05, 0]
				},
				"bone87": {
					"rotation": [0, 0, 40]
				},
				"bone90": {
					"rotation": [0, 0, -44],
					"position": [0, -0.1, 0]
				},
				"bone91": {
					"rotation": [0, 0, 40]
				},
				"bone94": {
					"rotation": [7, 0, -41],
					"position": [-0.1, -0.1, 0]
				},
				"bone95": {
					"rotation": [0, -7, -43],
					"position": [-0.1, -0.1, -0.2]
				},
				"bone96": {
					"rotation": [0, 0, 40]
				},
				"bone97": {
					"rotation": [0, 0, 40]
				},
				"bone": {
					"rotation": [0, -10, 0],
					"position": [0, 0, 0.2]
				},
				"bone2": {
					"rotation": [0, -9, 0],
					"position": [0, 0, -0.1]
				},
				"bone3": {
					"rotation": [0, -12, 0],
					"position": [0, 0, -0.2]
				},
				"bone4": {
					"rotation": [0, -14, 0],
					"position": [0, 0, -0.2]
				},
				"bone5": {
					"rotation": [0, -17, 0],
					"position": [0, 0, -0.2]
				},
				"bone34": {
					"rotation": [0, 0, -40]
				},
				"bone37": {
					"rotation": [0, 7, 40]
				},
				"bone19": {
					"rotation": ["-q.target_x_rotation", "q.target_y_rotation", 0]
				},
				"bone40": {
					"rotation": [0, 0, -40]
				},
				"bone41": {
					"rotation": [0, -10, 42]
				},
				"bone44": {
					"rotation": [0, 0, -40]
				},
				"bone45": {
					"rotation": [0, 0, -40]
				},
				"bone46": {
					"rotation": [0, -20, 41.5]
				},
				"bone47": {
					"rotation": [0, -4, 41],
					"position": [0.1, 0, 0.1]
				},
				"bone49": {
					"rotation": [0, 0, -40]
				},
				"bone52": {
					"rotation": [0, -6, 42],
					"position": [0.2, 0, 0]
				},
				"bone55": {
					"rotation": [0, 0, -40],
					"position": [0, -0.05, 0]
				},
				"bone56": {
					"rotation": [0, 0, 41],
					"position": [0.2, 0, 0]
				},
				"bone13": {
					"rotation": [0, 13, 0],
					"position": [0, 0, -0.3]
				}
			}
		},
		"animation.billeys_mobs.velvet.hurt": {
			"loop": true,
			"bones": {
				"bone8": {
					"rotation": [0, 0, 6.75]
				},
				"bone14": {
					"rotation": [6.25, 0, 20],
					"position": [0, 0, 0]
				},
				"bone6": {
					"rotation": [0, 0, -6.25]
				},
				"bone7": {
					"rotation": [6.25, 0, -20]
				},
				"bone20": {
					"position": [0, -0.007, 0]
				}
			}
		},
		"animation.billeys_mobs.velvet.angry": {
			"loop": true,
			"bones": {
				"bone14": {
					"rotation": [12.5, 0, -15]
				},
				"bone7": {
					"rotation": [12.5, 0, 15]
				}
			}
		},
		"animation.billeys_mobs.velvet.hurt2": {
			"loop": true,
			"bones": {
				"bone20": {
					"position": [0, -0.1, 0],
					"scale": [1.6, 1, 1]
				}
			}
		},
		"animation.billeys_mobs.velvet.petted": {
			"animation_length": 1.56,
			"bones": {
				"bone17": {
					"rotation": {
						"0.0": [0, 0, 0],
						"0.12": [-22.5, 0, -17.5],
						"0.2": [-42.5, -10, -32.5],
						"0.36": [-125, -10, -32.5],
						"0.44": [-157.5, -10, 10],
						"0.48": [-180, 0, 0]
					},
					"position": {
						"0.0": [0, 0, 0],
						"0.12": [0, 2, 0],
						"0.2": [0, 3, 0],
						"0.28": [0, 3.5, 0],
						"0.36": [0, 2, 0],
						"0.44": [0, 0.75, 0],
						"0.48": [0, -1.5, 0]
					}
				},
				"bone9": {
					"rotation": {
						"0.4": [0, 0, 0],
						"0.52": [-7.5, 0, 0]
					},
					"position": {
						"0.4": [0, 0, 0],
						"0.52": [0, 0, -0.15]
					}
				},
				"bone10": {
					"rotation": {
						"0.4": [0, 0, 0],
						"0.52": [-17.5, 0, 0]
					},
					"position": {
						"0.4": [0, 0, 0],
						"0.52": [0, 0, -0.15]
					}
				},
				"bone11": {
					"rotation": {
						"0.44": [0, 0, 0],
						"0.52": [-17.5, 0, 0]
					},
					"position": {
						"0.44": [0, 0, 0],
						"0.52": [0, 0, -0.15]
					}
				},
				"bone12": {
					"rotation": {
						"0.44": [0, 0, 0],
						"0.52": [-17.5, 0, 0]
					},
					"position": {
						"0.44": [0, 0, 0],
						"0.52": [0, 0, -0.15]
					}
				},
				"bone13": {
					"rotation": {
						"0.48": [0, 0, 0],
						"0.52": [-17.5, 0, 0]
					},
					"position": {
						"0.48": [0, 0, 0],
						"0.52": [0, 0, -0.15]
					}
				},
				"bone": {
					"rotation": {
						"0.4": [0, 0, 0],
						"0.52": [-7.5, 0, 0]
					}
				},
				"bone2": {
					"rotation": {
						"0.4": [0, 0, 0],
						"0.52": [-17.5, 0, 0]
					},
					"position": {
						"0.4": [0, 0, 0],
						"0.52": [0, 0, -0.15]
					}
				},
				"bone3": {
					"rotation": {
						"0.44": [0, 0, 0],
						"0.52": [-17.5, 0, 0]
					},
					"position": {
						"0.44": [0, 0, 0],
						"0.52": [0, 0, -0.15]
					}
				},
				"bone4": {
					"rotation": {
						"0.44": [0, 0, 0],
						"0.52": [-17.5, 0, 0]
					},
					"position": {
						"0.44": [0, 0, 0],
						"0.52": [0, 0, -0.15]
					}
				},
				"bone19": {
					"rotation": {
						"0.44": [0, 0, 0],
						"0.52": [-72.5, 0, 0]
					},
					"position": {
						"0.44": [0, 0, 0],
						"0.52": [0, 0, -0.15]
					}
				},
				"bone8": {
					"rotation": {
						"0.0": [-22.5, 0, 0],
						"0.52": [-22.5, 0, 0]
					}
				},
				"bone6": {
					"rotation": {
						"0.0": [-22.5, 0, 0],
						"0.52": [-22.5, 0, 0]
					}
				}
			}
		},
		"animation.billeys_mobs.velvet.death": {
			"loop": "hold_on_last_frame",
			"animation_length": 1,
			"bones": {
				"bone17": {
					"rotation": {
						"0.0": [0, 0, 0],
						"0.12": [-22.5, 0, -17.5],
						"0.2": [-42.5, -10, -32.5],
						"0.36": [-125, -10, -32.5],
						"0.44": [-157.5, -10, 10],
						"0.48": [-180, 0, 0]
					},
					"position": {
						"0.0": [0, 0, 0],
						"0.12": [0, 2, 0],
						"0.2": [0, 3, 0],
						"0.28": [0, 3.5, 0],
						"0.36": [0, 2, 0],
						"0.44": [0, 0.75, 0],
						"0.48": [0, -1.5, 0]
					}
				},
				"bone9": {
					"rotation": {
						"0.4": [0, 0, 0],
						"0.52": [-7.5, 0, 0],
						"0.84": [-7.5, 0, 0],
						"0.92": [0, 0, 0]
					},
					"position": {
						"0.4": [0, 0, 0],
						"0.52": [0, 0, -0.15],
						"0.84": [0, 0, -0.35],
						"0.92": [0, 0, 0]
					}
				},
				"bone10": {
					"rotation": {
						"0.4": [0, 0, 0],
						"0.52": [-17.5, 0, 0],
						"0.84": [-17.5, 0, 0],
						"0.92": [0, 0, 0]
					},
					"position": {
						"0.4": [0, 0, 0],
						"0.52": [0, 0, -0.15],
						"0.84": [0, 0, -0.15],
						"0.92": [0, 0, 0]
					}
				},
				"bone11": {
					"rotation": {
						"0.44": [0, 0, 0],
						"0.52": [-17.5, 0, 0],
						"0.84": [-17.5, 0, 0],
						"0.92": [0, 0, 0]
					},
					"position": {
						"0.44": [0, 0, 0],
						"0.52": [0, 0, -0.15],
						"0.84": [0, 0, -0.15],
						"0.92": [0, 0, 0]
					}
				},
				"bone12": {
					"rotation": {
						"0.44": [0, 0, 0],
						"0.52": [-17.5, 0, 0],
						"0.84": [-17.5, 0, 0],
						"0.92": [0, 0, 0]
					},
					"position": {
						"0.44": [0, 0, 0],
						"0.52": [0, 0, -0.15],
						"0.84": [0, 0, -0.15],
						"0.92": [0, 0, 0]
					}
				},
				"bone13": {
					"rotation": {
						"0.48": [0, 0, 0],
						"0.52": [-17.5, 0, 0],
						"0.84": [-17.5, 0, 0],
						"0.92": [0, 0, 0]
					},
					"position": {
						"0.48": [0, 0, 0],
						"0.52": [0, 0, -0.15],
						"0.84": [0, 0, -0.15],
						"0.92": [0, 0, 0]
					}
				},
				"bone": {
					"rotation": {
						"0.4": [0, 0, 0],
						"0.52": [-7.5, 0, 0],
						"0.84": [-17.5, 0, 0],
						"0.92": [0, 0, 0]
					},
					"position": [0, 0, 0]
				},
				"bone2": {
					"rotation": {
						"0.4": [0, 0, 0],
						"0.52": [-17.5, 0, 0],
						"0.84": [-17.5, 0, 0],
						"0.92": [0, 0, 0]
					},
					"position": {
						"0.4": [0, 0, 0],
						"0.52": [0, 0, -0.15],
						"0.84": [0, 0, -0.15],
						"0.92": [0, 0, 0]
					}
				},
				"bone3": {
					"rotation": {
						"0.44": [0, 0, 0],
						"0.52": [-17.5, 0, 0],
						"0.84": [-17.5, 0, 0],
						"0.92": [0, 0, 0]
					},
					"position": {
						"0.44": [0, 0, 0],
						"0.52": [0, 0, -0.15],
						"0.84": [0, 0, -0.15],
						"0.92": [0, 0, 0]
					}
				},
				"bone4": {
					"rotation": {
						"0.44": [0, 0, 0],
						"0.52": [-17.5, 0, 0],
						"0.84": [-17.5, 0, 0],
						"0.92": [0, 0, 0]
					},
					"position": {
						"0.44": [0, 0, 0],
						"0.52": [0, 0, -0.15],
						"0.84": [0, 0, -0.15],
						"0.92": [0, 0, 0]
					}
				},
				"bone19": {
					"rotation": {
						"0.44": [0, 0, 0],
						"0.52": [-17.5, 0, 0],
						"0.84": [-17.5, 0, 0],
						"0.92": [0, 0, 0]
					},
					"position": {
						"0.44": [0, 0, 0],
						"0.52": [0, 0, -0.15],
						"0.84": [0, 0, -0.15],
						"0.92": [0, 0, 0]
					}
				},
				"bone8": {
					"rotation": {
						"0.0": [-22.5, 0, 0],
						"0.52": [-22.5, 0, 0]
					}
				},
				"bone6": {
					"rotation": {
						"0.0": [-22.5, 0, 0],
						"0.52": [-22.5, 0, 0]
					}
				}
			}
		}
	}
}