{
	"format_version": "1.8.0",
	"animations": {
		"animation.billeys_mobs.angler.swim": {
			"loop": true,
			"anim_time_update": "math.max(q.anim_time + q.delta_time / 2,q.modified_distance_moved / 1.6)",
			"bones": {
				"body_front": {
					"rotation": ["q.target_x_rotation / 2", "math.cos(q.life_time * 300) * 5 + q.target_y_rotation", 0],
					"position": [0, -3, 0],
					"scale": 1
				},
				"tail1": {
					"rotation": [0, "math.sin(q.life_time * 360 + 60)*7.5", 0]
				},
				"tailfin": {
					"rotation": [0, "math.sin(q.life_time * 300 + 33.75) * 25", 0]
				},
				"tailxd": {
					"rotation": [0, "math.sin(q.life_time * 300 + 67.5) * 25", 0]
				},
				"bone2": {
					"rotation": [0, "math.sin(q.life_time * 300 + 70) * 25", 0]
				},
				"body": {
					"rotation": [0, "math.sin(q.life_time * 360)*2.5", 0]
				},
				"tail": {
					"rotation": [0, "math.sin(q.life_time * 360 + 30)*7.5", 0]
				},
				"angler": {
					"rotation": [0, "math.sin(q.life_time * 360- 15)", 0]
				},
				"left_fin": {
					"rotation": [0, "math.sin(q.life_time * 360 + 60)*10", 0]
				},
				"right_fin": {
					"rotation": [0, "-math.sin(q.life_time * 360 + 60)*10", 0]
				}
			}
		},
		"animation.billeys_mobs.angler.attackfront": {
			"animation_length": 0.48,
			"bones": {
				"jaw": {
					"rotation": {
						"0.0": [0, 0, 0],
						"0.04": [-0.7, 0, 0],
						"0.08": [-1.78, 0, 0],
						"0.12": [-1.75, 0, 0],
						"0.16": [0.88, 0, 0],
						"0.2": [7.64, 0, 0],
						"0.24": [20, 0, 0],
						"0.28": [9.65, 0, 0],
						"0.36": [1.25, 0, 0],
						"0.4": [0.25, 0, 0],
						"0.44": [0.02, 0, 0],
						"0.48": [0, 0, 0]
					}
				},
				"topjaw": {
					"rotation": {
						"0.0": [0, 0, 0],
						"0.16": [-1.55, 0, 0],
						"0.2": [-13.36, 0, 0],
						"0.24": [-35, 0, 0],
						"0.28": [-16.88, 0, 0],
						"0.36": [-2.19, 0, 0],
						"0.4": [-0.43, 0, 0],
						"0.44": [-0.03, 0, 0],
						"0.48": [0, 0, 0]
					}
				}
			}
		},
		"animation.billeys_mobs.angler.attackright": {
			"animation_length": 0.48,
			"bones": {
				"bone3": {
					"rotation": {
						"0.0": [0, 0, 0],
						"0.04": [0, -0.78, 0],
						"0.08": [0, -2, 0],
						"0.12": [0, -1.97, 0],
						"0.16": [0, 0.99, 0],
						"0.2": [0, 8.59, 0],
						"0.24": [0, 22.5, 0],
						"0.28": [0, 8.59, 0],
						"0.32": [0, 0.99, 0],
						"0.48": [0, 0, 0]
					}
				},
				"jaw": {
					"rotation": {
						"0.0": [0, 0, 0],
						"0.04": [-0.7, 0, 0],
						"0.08": [-1.78, 0, 0],
						"0.12": [-1.75, 0, 0],
						"0.16": [0.88, 0, 0],
						"0.2": [7.64, 0, 0],
						"0.24": [20, 0, 0],
						"0.28": [9.65, 0, 0],
						"0.32": [3.95, 0, 0],
						"0.36": [1.25, 0, 0],
						"0.4": [0.25, 0, 0],
						"0.44": [0.02, 0, 0],
						"0.48": [0, 0, 0]
					}
				},
				"topjaw": {
					"rotation": {
						"0.0": [0, 0, 0],
						"0.16": [-1.55, 0, 0],
						"0.2": [-13.36, 0, 0],
						"0.24": [-35, 0, 0],
						"0.28": [-16.88, 0, 0],
						"0.32": [-6.91, 0, 0],
						"0.36": [-2.19, 0, 0],
						"0.4": [-0.43, 0, 0],
						"0.44": [-0.03, 0, 0],
						"0.48": [0, 0, 0]
					}
				}
			}
		},
		"animation.billeys_mobs.angler.attack": {
			"animation_length": 1,
			"anim_time_update": "q.anim_time + q.delta_time*2",
			"bones": {
				"bone3": {
					"rotation": {
						"0.0": [0, 0, 0],
						"0.04": [0, 0.78, 0],
						"0.08": [0, 2, 0],
						"0.12": [0, 1.97, 0],
						"0.16": [0, -0.99, 0],
						"0.2": [0, -8.59, 0],
						"0.24": [0, -22.5, 0],
						"0.28": [0, -8.59, 0],
						"0.32": [0, -0.99, 0],
						"0.48": [0, 0, 0]
					}
				},
				"jaw": {
					"rotation": {
						"0.0": {
							"post": [0, 0, 0],
							"lerp_mode": "catmullrom"
						},
						"0.24": {
							"post": [8, 0, 0],
							"lerp_mode": "catmullrom"
						},
						"0.4": {
							"post": [10, 0, 0],
							"lerp_mode": "catmullrom"
						},
						"0.48": {
							"post": [-0.83, 0, 0],
							"lerp_mode": "catmullrom"
						},
						"0.56": {
							"post": [-34, 0, 0],
							"lerp_mode": "catmullrom"
						},
						"0.64": {
							"post": [-34, 0, 0],
							"lerp_mode": "catmullrom"
						},
						"1.0": {
							"post": [0, 0, 0],
							"lerp_mode": "catmullrom"
						}
					},
					"scale": {
						"0.0": {
							"post": [1, 1, 1],
							"lerp_mode": "catmullrom"
						},
						"0.24": {
							"post": [1, 1, 1],
							"lerp_mode": "catmullrom"
						},
						"0.44": {
							"post": [1, 1, 1.3],
							"lerp_mode": "catmullrom"
						},
						"0.8": {
							"post": [1, 1, 0.9],
							"lerp_mode": "catmullrom"
						},
						"1.0": {
							"post": [1, 1, 1],
							"lerp_mode": "catmullrom"
						}
					}
				},
				"topjaw": {
					"rotation": {
						"0.0": [0, 0, 0],
						"0.16": [-1.55, 0, 0],
						"0.2": [-13.36, 0, 0],
						"0.24": [-35, 0, 0],
						"0.28": [-16.88, 0, 0],
						"0.36": [-2.19, 0, 0],
						"0.4": [-0.43, 0, 0],
						"0.44": [-0.03, 0, 0],
						"0.48": [0, 0, 0]
					}
				},
				"body": {
					"rotation": {
						"0.0": {
							"post": [0, 0, 0],
							"lerp_mode": "catmullrom"
						},
						"0.32": {
							"post": [30, 0, 0],
							"lerp_mode": "catmullrom"
						},
						"0.64": {
							"post": [-10, 0, 0],
							"lerp_mode": "catmullrom"
						},
						"1.0": {
							"post": [0, 0, 0],
							"lerp_mode": "catmullrom"
						}
					}
				}
			}
		},
		"animation.billeys_mobs.angler.death": {
			"loop": true,
			"bones": {
				"body_front": {
					"rotation": [0, 0, "-Math.min(Math.sqrt(Math.max(0, q.anim_time * 0.44 * 20 - 0.5) / 20 * 2.5), 1) * -90"],
					"position": [0, "Math.min(Math.sqrt(Math.max(0, q.anim_time * 0.44 * 20 - 0.5) / 20 * 2.5), 1) * 4", 0]
				}
			}
		},
		"animation.billeys_mobs.angler.flop": {
			"loop": true,
			"animation_length": 5,
			"bones": {
				"body_front": {
					"rotation": {
						"2.3": [0, 0, 0],
						"2.5": [0, 0, 180],
						"4.8": [0, 0, 180],
						"5.0": [0, 0, 0]
					}
				},
				"body": {
					"rotation": {
						"0.0": [0, 0, -90],
						"2.4": [0, 0, -90],
						"2.5": [0, 0, 90],
						"4.9": [0, 0, 90],
						"5.0": [0, 0, 270]
					}
				}
			}
		},
		"animation.billeys_mobs.angler.look": {
			"loop": true,
			"bones": {
				"body": {
					"rotation": ["q.target_x_rotation / 2", 0, "math.clamp(q.target_y_rotation/2,-15,15)"]
				}
			}
		}
	}
}