{
	"format_version": "1.8.0",
	"animations": {
		"animation.billeys_mobs.woodlouse.walk": {
			"loop": true,
			"anim_time_update": "q.modified_distance_moved / 2",
			"bones": {
				"left_leg0": {
					"rotation": [0, "-math.sin(q.anim_time * 720) * 15", "math.cos(q.anim_time * 720) * 10-10"]
				},
				"left_leg1": {
					"rotation": [0, "math.sin(q.anim_time * 720) * 15", "-math.cos(q.anim_time * 720) * 10-10"]
				},
				"left_leg2": {
					"rotation": [0, "-math.sin(q.anim_time * 720) * 15", "math.cos(q.anim_time * 720) * 10-10"]
				},
				"left_leg3": {
					"rotation": [0, "math.sin(q.anim_time * 720) * 15", "-math.cos(q.anim_time * 720) * 10-10"]
				},
				"left_leg4": {
					"rotation": [0, "-math.sin(q.anim_time * 720) * 15", "math.cos(q.anim_time * 720) * 10-10"]
				},
				"left_leg5": {
					"rotation": [0, "math.sin(q.anim_time * 720) * 15", "-math.cos(q.anim_time * 720) * 10-10"]
				},
				"right_leg0": {
					"rotation": [0, "-math.sin(q.anim_time * 720) * 15", "math.cos(q.anim_time * 720) * 10+10"]
				},
				"right_leg1": {
					"rotation": [0, "math.sin(q.anim_time * 720) * 15", "-math.cos(q.anim_time * 720) * 10+10"]
				},
				"right_leg2": {
					"rotation": [0, "-math.sin(q.anim_time * 720) * 15", "math.cos(q.anim_time * 720) * 10+10"]
				},
				"right_leg3": {
					"rotation": [0, "math.sin(q.anim_time * 720) * 15", "-math.cos(q.anim_time * 720) * 10+10"]
				},
				"right_leg4": {
					"rotation": [0, "-math.sin(q.anim_time * 720) * 15", "math.cos(q.anim_time * 720) * 10+10"]
				},
				"right_leg5": {
					"rotation": [0, "math.sin(q.anim_time * 720) * 15", "-math.cos(q.anim_time * 720) * 10+10"]
				},
				"left_leg6": {
					"rotation": [0, "-math.sin(q.anim_time * 720) * 15", "math.cos(q.anim_time * 720) * 10-10"]
				},
				"right_leg6": {
					"rotation": [0, "-math.sin(q.anim_time * 720) * 15", "math.cos(q.anim_time * 720) * 10+10"]
				},
				"left_antenna": {
					"rotation": [0, "math.sin(1080*q.anim_time)*4", 0]
				},
				"right_antenna": {
					"rotation": [0, "-math.sin(900*q.anim_time)*4", 0]
				},
				"right_tail": {
					"rotation": [0, "math.sin(1080*q.anim_time)*4", 0]
				},
				"left_tail": {
					"rotation": [0, "-math.sin(1080*q.anim_time)*4", 0]
				}
			}
		},
		"animation.billeys_mobs.woodlouse.curl": {
			"loop": true,
			"bones": {
				"body": {
					"rotation": [5, 0, 0],
					"position": [0, -1, -2],
					"scale": [1, 1.3, 1.3]
				},
				"head": {
					"position": [0, 0, 2]
				},
				"left_antenna": {
					"rotation": [-61.75088, 15.7204, 28.24912],
					"position": [0, 0.25882, 0.96593]
				},
				"right_antenna": {
					"rotation": [-61.75088, -15.7204, -28.24912],
					"position": [0, 0.25882, 0.96593]
				},
				"tail": {
					"rotation": [-22.5, 0, 0],
					"position": [0, 0, 0]
				},
				"right_tail": {
					"rotation": [107.34711, 15.41378, -30.70769]
				},
				"left_tail": {
					"rotation": [114.34294, -18.13569, 31.01004]
				},
				"body1": {
					"rotation": [30, 0, 0],
					"position": [0, 0.75, 1.5],
					"scale": 1.001
				},
				"body2": {
					"rotation": [30, 0, 0],
					"scale": 0.999
				},
				"body3": {
					"rotation": [30, 0, 0],
					"scale": 0.999
				},
				"body5": {
					"rotation": [-30, 0, 0],
					"scale": 1.0005
				},
				"body6": {
					"rotation": [-30, 0, 0],
					"scale": 1.0001
				},
				"body7": {
					"rotation": [-30, 0, 0]
				},
				"body4": {
					"rotation": [-30, 0, 0]
				}
			}
		},
		"animation.billeys_mobs.woodlouse.sit": {
			"loop": true,
			"bones": {
				"body": {
					"position": [0, -0.9, 0]
				},
				"left_leg2": {
					"rotation": [0, 0, -30]
				},
				"right_leg2": {
					"rotation": [0, 0, 30]
				},
				"left_leg1": {
					"rotation": [0, 12.5, -30]
				},
				"right_leg1": {
					"rotation": [0, -12.5, 30]
				},
				"left_leg0": {
					"rotation": [0, 22.5, -30],
					"position": [-0.25, 0, 0]
				},
				"right_leg0": {
					"rotation": [0, -22.5, 30],
					"position": [0.25, 0, 0]
				},
				"right_leg3": {
					"rotation": [0, 0, 30]
				},
				"left_leg3": {
					"rotation": [0, 0, -30]
				},
				"left_leg4": {
					"rotation": [0, 0, -30]
				},
				"right_leg4": {
					"rotation": [0, 0, 30]
				},
				"left_leg5": {
					"rotation": [0, -12.5, -30]
				},
				"right_leg5": {
					"rotation": [0, 12.5, 30]
				},
				"left_leg6": {
					"rotation": [0, -22.5, -30]
				},
				"right_leg6": {
					"rotation": [0, 22.5, 30]
				}
			}
		},
		"animation.billeys_mobs.woodlouse.idle": {
			"animation_length": 0.56,
			"bones": {
				"left_antenna": {
					"rotation": {
						"0.0": [0, 0, 0],
						"0.12": [0, 20, 0],
						"0.24": [0, 0, 0],
						"0.36": [0, 20, 0],
						"0.48": [0, 0, 0]
					}
				},
				"right_antenna": {
					"rotation": {
						"0.0": [0, 0, 0],
						"0.16": [0, -20, 0],
						"0.28": [0, 0, 0],
						"0.44": [0, -20, 0],
						"0.56": [0, 0, 0]
					}
				}
			}
		},
		"animation.billeys_mobs.woodlouse.climb": {
			"loop": true,
			"override_previous_animation": true,
			"bones": {
				"body": {
					"rotation": [-90, 0, 0],
					"position": [0, 4, -3.1]
				}
			}
		}
	}
}