{
	"format_version": "1.8.0",
	"animations": {
		"animation.billeys_mobs.kiwi.walk": {
			"loop": true,
			"anim_time_update": "q.modified_distance_moved / 6",
			"bones": {
				"leg0": {
					"rotation": ["math.cos(720*q.life_time) * 30", 0, 0]
				},
				"leg1": {
					"rotation": ["-math.cos(720*q.life_time) * 30", 0, 0]
				},
				"body2": {
					"rotation": [0, 0, "-math.cos(720*q.life_time) * 2"]
				},
				"body": {
					"position": [0, "math.abs(math.cos(720*q.life_time))/2", 0]
				},
				"bone0": {
					"rotation": ["math.min(-math.sin(720*q.life_time) * 30+math.cos(720*q.life_time) * 30,0)", 0, 0]
				},
				"bone1": {
					"rotation": ["math.min(math.sin(720*q.life_time) * 30-math.cos(720*q.life_time) * 30,0)", 0, 0]
				}
			}
		},
		"animation.billeys_mobs.kiwi.ground": {
			"loop": true,
			"bones": {
				"body2": {
					"rotation": [22.5, 0, 0]
				},
				"head": {
					"rotation": [45, 0, 0],
					"position": [0, -1, 0]
				},
				"bone4": {
					"rotation": [10, 0, 0]
				},
				"bone5": {
					"rotation": [-10, 0, 0]
				}
			}
		},
		"animation.billeys_mobs.kiwi.eat": {
			"loop": true,
			"bones": {
				"bone4": {
					"rotation": [5, 0, 0]
				},
				"bone5": {
					"rotation": [-5, 0, 0]
				}
			}
		},
		"animation.billeys_mobs.kiwi.sit": {
			"loop": true,
			"bones": {
				"body": {
					"position": [0, -4, 0]
				},
				"leg0": {
					"rotation": [-90, -12.5, 0],
					"position": [0.65, 0, -0.95]
				},
				"leg1": {
					"rotation": [-90, 12.5, 0],
					"position": [-0.65, 0, -0.95]
				},
				"body2": {
					"rotation": [0, 0, 0]
				},
				"bone6": {
					"position": [0, 0.025, 0]
				}
			}
		},
		"animation.billeys_mobs.kiwi.baby": {
			"loop": true,
			"bones": {
				"head": {
					"position": [0, 0, 0],
					"scale": "1/(q.model_scale*18)"
				}
			}
		},
		"animation.billeys_mobs.kiwi.cancelvanilladeath": {
			"loop": true,
			"bones": {
				"body": {
					"rotation": [0, 0, 0]
				},
				"death": {
					"rotation": [0, 0, "Math.min(Math.sqrt(Math.max(0, q.anim_time * 20 - 0.5) / 20 * 1.6), 1) * -90"]
				}
			}
		},
		"animation.billeys_mobs.kiwi.death": {
			"loop": "hold_on_last_frame",
			"animation_length": 0.48,
			"bones": {
				"body": {
					"rotation": {
						"0.0": [0, 0, 0],
						"0.16": [-44, 0, 0],
						"0.36": [-90, 0, 40],
						"0.48": [-90, 0, 90]
					},
					"position": {
						"0.0": [0, 0, 0],
						"0.28": [0, 3.8, -4],
						"0.48": [0, 2, -4]
					}
				},
				"head": {
					"rotation": {
						"0.0": [0, 0, 0],
						"0.48": [0, -12.5, 0]
					}
				},
				"bone4": {
					"rotation": {
						"0.0": [0, 0, 0],
						"0.36": [0, 0, 0],
						"0.48": [10, 0, 0]
					}
				},
				"bone5": {
					"rotation": {
						"0.0": [0, 0, 0],
						"0.36": [0, 0, 0],
						"0.48": [-7.5, 0, 0]
					}
				},
				"leg0": {
					"position": {
						"0.0": [0, 0, 0],
						"0.28": [0, 0, 0],
						"0.48": [0, 0.55, 0]
					}
				},
				"leg1": {
					"rotation": {
						"0.0": [0, 0, 0],
						"0.28": [0, 0, 0],
						"0.48": [0, 0, -22.5]
					},
					"position": {
						"0.0": [0, 0, 0],
						"0.28": [0, 0, 0],
						"0.48": [0, 0.2, 0]
					}
				},
				"body2": {
					"rotation": {
						"0.0": [0, 0, 0],
						"0.48": [-2.5, 0, 0]
					}
				}
			}
		},
		"animation.billeys_mobs.kiwi.albino": {
			"animation_length": 100.5,
			"bones": {
				"bone6": {
					"rotation": {
						"0.0": [0, 0, 0],
						"1.38": [0, 0, 0],
						"1.5": [90, 0, 0],
						"100.5": [-37.5, 0, 0]
					},
					"position": {
						"0.0": [0, 0, 0],
						"1.42": [0, 0, 0],
						"1.5": [0, 0, 0],
						"100.5": [0, 0, 0]
					},
					"scale": {
						"0.0": [1, 1, 1],
						"1.42": [1, 1, 1],
						"1.5": [0, 0, 0],
						"100.5": [0, 0, 0]
					}
				}
			}
		},
		"animation.billeys_mobs.kiwi.general": {
			"loop": true,
			"bones": {
				"body": {
					"position": ["q.health < q.max_health ? math.sin(q.life_time*1600) / 18", 0, 0]
				},
				"head": {
					"rotation": ["q.target_x_rotation + math.abs((q.health < q.max_health ? 25) - math.max(0,math.abs(q.target_x_rotation / 2)))", "q.target_y_rotation", 0]
				}
			}
		},
		"animation.billeys_mobs.kiwi.new": {
			"loop": "hold_on_last_frame",
			"animation_length": 1.96,
			"bones": {
				"death": {
					"rotation": {
						"0.0": [0, 0, 0],
						"0.04": [0, 0, 0.28],
						"0.08": [0, 0, 1.13],
						"0.12": [0, 0, 2.55],
						"0.16": [0, 0, 4.54],
						"0.2": [0, 0, 7.09],
						"0.24": [0, 0, 10.21],
						"0.28": [0, 0, 13.89],
						"0.32": [0, 0, 18.14],
						"0.36": [0, 0, 22.96],
						"0.4": [0, 0, 28.35],
						"0.44": [0, 0, 34.3],
						"0.48": [0, 0, 40.82],
						"0.52": [0, 0, 47.91],
						"0.56": [0, 0, 55.56],
						"0.6": [0, 0, 63.78],
						"0.64": [0, 0, 72.57],
						"0.68": [0, 0, 81.92],
						"0.72": [0, 0, 88.18],
						"0.76": [0, 0, 78.85],
						"0.8": [0, 0, 70.66],
						"0.84": [0, 0, 63.6],
						"0.88": [0, 0, 57.67],
						"0.92": [0, 0, 52.88],
						"0.96": [0, 0, 49.22],
						"1.0": [0, 0, 46.69],
						"1.04": [0, 0, 45.3],
						"1.08": [0, 0, 45.04],
						"1.12": [0, 0, 45.92],
						"1.16": [0, 0, 47.93],
						"1.2": [0, 0, 51.07],
						"1.24": [0, 0, 55.35],
						"1.28": [0, 0, 60.76],
						"1.32": [0, 0, 67.31],
						"1.36": [0, 0, 74.99],
						"1.4": [0, 0, 83.8],
						"1.44": [0, 0, 86.48],
						"1.48": [0, 0, 78.33],
						"1.52": [0, 0, 72.46],
						"1.56": [0, 0, 68.85],
						"1.6": [0, 0, 67.51],
						"1.64": [0, 0, 68.44],
						"1.68": [0, 0, 71.63],
						"1.72": [0, 0, 77.1],
						"1.76": [0, 0, 84.83],
						"1.8": [0, 0, 85.88],
						"1.84": [0, 0, 80.1],
						"1.88": [0, 0, 78.87],
						"1.92": [0, 0, 82.17],
						"1.96": [0, 0, 90]
					},
					"position": {
						"0.0": [0, 23, 0],
						"0.04": [0, 22.93, 0],
						"0.08": [0, 22.74, -0.01],
						"0.12": [0, 22.4, -0.03],
						"0.16": [0, 21.94, -0.05],
						"0.2": [0, 21.35, -0.08],
						"0.24": [0, 20.62, -0.11],
						"0.28": [0, 19.76, -0.15],
						"0.32": [0, 18.77, -0.2],
						"0.36": [0, 17.64, -0.26],
						"0.4": [0, 16.39, -0.31],
						"0.44": [0, 15, -0.38],
						"0.48": [0, 13.48, -0.45],
						"0.52": [0, 11.82, -0.53],
						"0.56": [0, 10.04, -0.62],
						"0.6": [0, 8.12, -0.71],
						"0.64": [0, 6.07, -0.81],
						"0.68": [0, 3.88, -0.91],
						"0.72": [0, 2.21, -0.99],
						"0.76": [0, 3.3, -0.94],
						"0.8": [0, 4.26, -0.89],
						"0.84": [0, 5.08, -0.85],
						"0.88": [0, 5.77, -0.82],
						"0.92": [0, 6.33, -0.79],
						"0.96": [0, 6.76, -0.77],
						"1.0": [0, 7.05, -0.76],
						"1.04": [0, 7.22, -0.75],
						"1.08": [0, 7.25, -0.75],
						"1.12": [0, 7.14, -0.76],
						"1.16": [0, 6.91, -0.77],
						"1.2": [0, 6.54, -0.78],
						"1.24": [0, 6.04, -0.81],
						"1.28": [0, 5.41, -0.84],
						"1.32": [0, 4.65, -0.87],
						"1.36": [0, 3.75, -0.92],
						"1.4": [0, 2.72, -0.97],
						"1.44": [0, 2.21, -0.99],
						"1.48": [0, 2.68, -0.97],
						"1.52": [0, 3.02, -0.95],
						"1.56": [0, 3.23, -0.94],
						"1.6": [0, 3.31, -0.94],
						"1.64": [0, 3.26, -0.94],
						"1.68": [0, 3.07, -0.95],
						"1.72": [0, 2.75, -0.96],
						"1.76": [0, 2.3, -0.99],
						"1.8": [0, 2.12, -0.99],
						"1.84": [0, 2.29, -0.99],
						"1.88": [0, 2.32, -0.98],
						"1.92": [0, 2.23, -0.99],
						"1.96": [0, 2, -1]
					}
				},
				"bone": {
					"position": [0, 0, 0]
				}
			}
		}
	}
}