{
	"format_version": "1.8.0",
	"animations": {
		"animation.billeys_mobs.stickbug.walk": {
			"loop": true,
			"anim_time_update": "q.modified_distance_moved / 10",
			"bones": {
				"body": {
					"rotation": [0, "math.sin(q.anim_time*720)", "math.sin(q.anim_time*720)*3"],
					"position": [0, "math.abs(0.5*math.cos(q.anim_time*720))", 0]
				},
				"left_leg": {
					"rotation": [0, "math.sin(720*q.anim_time)*20", "-math.cos(720*q.anim_time)*10"]
				},
				"right_leg": {
					"rotation": [0, "math.sin(720*q.anim_time)*20", "-math.cos(720*q.anim_time)*10"]
				},
				"left_leg2": {
					"rotation": [0, "-math.sin(720*q.anim_time)*20", "math.cos(720*q.anim_time)*10"],
					"position": ["-math.max(math.sin(720*q.anim_time)/2,0)", 0, 0]
				},
				"right_leg2": {
					"rotation": [0, "-math.sin(720*q.anim_time)*20", "math.cos(720*q.anim_time)*10"],
					"position": ["-math.min(math.sin(720*q.anim_time)/2,0)", 0, 0]
				},
				"left_leg4": {
					"rotation": [0, "math.sin(720*q.anim_time)*20", "-math.cos(720*q.anim_time)*10"],
					"position": ["-math.max(math.sin(720*q.anim_time)/2,0)", 0, 0]
				},
				"right_leg4": {
					"rotation": [0, "math.sin(720*q.anim_time)*20", "-math.cos(720*q.anim_time)*10"],
					"position": ["-math.min(math.sin(720*q.anim_time)/2,0)", 0, 0]
				},
				"left_wing": {
					"rotation": [0, 0, -4]
				},
				"right_wing": {
					"rotation": [0, 0, 4]
				}
			}
		},
		"animation.billeys_mobs.stickbug.dance": {
			"loop": true,
			"animation_length": 0.48,
			"bones": {
				"body": {
					"position": {
						"0.0": [-3, -1, 0],
						"0.12": [0, 0, 0],
						"0.24": [3, -1, 0],
						"0.36": [0, 0, 0],
						"0.48": [-3, -1, 0]
					}
				},
				"left_leg": {
					"rotation": [0, -12.5, 0]
				},
				"left_leg1": {
					"rotation": {
						"0.0": [0, 0, -27.5],
						"0.24": [0, 0, 40],
						"0.48": [0, 0, -27.5]
					}
				},
				"right_leg": {
					"rotation": [0, 12.5, 0]
				},
				"right_leg1": {
					"rotation": {
						"0.0": [0, 0, -40],
						"0.24": [0, 0, 27.5],
						"0.48": [0, 0, -40]
					}
				},
				"left_leg3": {
					"rotation": {
						"0.0": [0, 0, -27.5],
						"0.24": [0, 0, 40],
						"0.48": [0, 0, -27.5]
					}
				},
				"right_leg3": {
					"rotation": {
						"0.0": [0, 0, -40],
						"0.24": [0, 0, 27.5],
						"0.48": [0, 0, -40]
					}
				},
				"left_leg5": {
					"rotation": {
						"0.0": [0, 0, -27.5],
						"0.24": [0, 0, 40],
						"0.48": [0, 0, -27.5]
					}
				},
				"right_leg5": {
					"rotation": {
						"0.0": [0, 0, -40],
						"0.24": [0, 0, 27.5],
						"0.48": [0, 0, -40]
					}
				}
			}
		},
		"animation.billeys_mobs.stickbug.sit": {
			"loop": true,
			"bones": {
				"body": {
					"position": [0, -5, 0]
				},
				"left_leg": {
					"rotation": [0, -12.5, -42.5]
				},
				"right_leg": {
					"rotation": [0, 12.5, 42.5]
				},
				"left_leg2": {
					"rotation": [0, -10, -42.5]
				},
				"right_leg2": {
					"rotation": [0, 10, 42.5]
				},
				"left_leg4": {
					"rotation": [0, 0, -42.5]
				},
				"right_leg4": {
					"rotation": [0, 0, 42.5]
				},
				"left_wing": {
					"rotation": [0, 0, -45]
				},
				"right_wing": {
					"rotation": [0, 0, 42.5]
				}
			}
		},
		"animation.billeys_mobs.stickbug.wiggle": {
			"animation_length": 0.6,
			"bones": {
				"left_antena": {
					"rotation": {
						"0.0": [0, 0, "-math.max(0,math.sin(q.anim_time * 1400) * 5)"],
						"0.56": [0, 0, "-math.max(0,math.sin(q.life_time * 1400) * 5)"],
						"0.6": [0, 0, 0]
					}
				},
				"right_antena": {
					"rotation": {
						"0.0": [0, 0, "math.max(0,math.sin(q.anim_time * 1600) * 5 )"],
						"0.56": [0, 0, "math.max(0,math.sin(q.life_time * 1600) * 5)"],
						"0.6": [0, 0, 0]
					}
				}
			}
		},
		"animation.billeys_mobs.stickbug.hurt": {
			"loop": true,
			"bones": {
				"body": {
					"position": ["math.sin(q.life_time * 2000) / 15", 0, 0]
				},
				"left_antena": {
					"rotation": [0, 0, "(q.max_health-q.health)*12"]
				},
				"right_antena": {
					"rotation": [0, 0, "(q.health-q.max_health)*12"]
				}
			}
		},
		"animation.billeys_mobs.stickbug.general": {
			"loop": true,
			"bones": {
				"left_antena": {
					"rotation": ["math.cos(q.anim_time*65)*4", 0, "math.sin(q.anim_time*50)*4"]
				},
				"right_antena": {
					"rotation": ["math.cos(q.anim_time*70)*4", 0, "-math.sin(q.anim_time*55)*4"]
				}
			}
		},
		"animation.billeys_mobs.stickbug.flap": {
			"loop": true,
			"bones": {
				"left_wing": {
					"rotation": [0, 0, "math.cos(q.life_time*2700)*25-25"]
				},
				"right_wing": {
					"rotation": [0, 0, "-math.cos(q.life_time*2700)*25+25"]
				}
			}
		},
		"animation.billeys_mobs.stickbug.hide_wings": {
			"loop": true,
			"bones": {
				"left_wing": {
					"rotation": [7.5, 0, -90],
					"position": [0, -1, 0],
					"scale": [0.1, 1, 0.6]
				},
				"right_wing": {
					"rotation": [7.5, 0, 90],
					"position": [0, -1, 0],
					"scale": [0.1, 1, 0.6]
				}
			}
		}
	}
}