{
	"format_version": "1.8.0",
	"animations": {
		"animation.billeys_mobs.pigeon.fly": {
			"loop": true,
			"bones": {
				"body_flying": {
					"rotation": ["q.target_x_rotation", "q.target_y_rotation", 0]
				}
			}
		},
		"animation.billeys_mobs.pigeon.sit": {
			"loop": true,
			"bones": {
				"bodynolegs": {
					"position": [0, -2.99, 0]
				},
				"wing1": {
					"rotation": [0, 0, 0],
					"position": [0, 0, 0]
				},
				"tail": {
					"rotation": [-10, 0, 0]
				},
				"wing0": {
					"rotation": [0, 0, 0],
					"position": [0, 0, 0]
				},
				"leg0": {
					"position": [0, 0, 2]
				},
				"leg1": {
					"position": [0, 0, 2]
				},
				"body_walking": {
					"position": [0, 0, 0]
				},
				"body1": {
					"rotation": [50, 0, 0],
					"position": [0, 0, 0]
				},
				"necc": {
					"position": [0, -2, -1]
				}
			}
		},
		"animation.yes.move": {
			"loop": true,
			"bones": {
				"leg0": {
					"rotation": ["Math.cos(q.life_time * 50) * 70", 0, 0]
				},
				"leg1": {
					"rotation": ["-(Math.cos(q.life_time * 50) * 70)", 0, 0]
				}
			}
		},
		"animation.billeys_mobs.pigeon.dead": {
			"loop": true
		},
		"animation.billeys_mobs.pigeon.dead2": {
			"loop": true,
			"bones": {
				"body": {
					"scale": 0
				},
				"body2": {
					"scale": 0
				}
			}
		},
		"animation.billeys_mobs.pigeon.flap": {
			"loop": true,
			"bones": {
				"wing1": {
					"rotation": [0, 0, "-(v.wing_flap * 57.3)"]
				},
				"wing0": {
					"rotation": [0, 0, "v.wing_flap * 57.3"]
				}
			}
		},
		"animation.billeys_mobs.pigeon.new2": {
			"loop": true,
			"bones": {
				"world": {
					"position": [0, 0, 0],
					"scale": [
						"(1 + 2 + math.sin(q.life_time * 300) * 2) / 4",
						"(1 + 2 + math.cos(q.life_time * 490) * 2 ) / 4",
						"(1 + 2 + math.cos(q.life_time * 390) * 2 ) / 4"
					]
				},
				"body_walking": {
					"position": [0, 0, 0],
					"scale": [
						"(1 + 2 + math.sin(q.life_time * 300) * 2) / 4",
						"(1 + 2 + math.cos(q.life_time * 500) * 2 ) / 4",
						"(1 + 2 + math.cos(q.life_time * 400) * 2 ) / 4"
					]
				},
				"body": {
					"position": [0, 0, 0],
					"scale": [
						"(1 + 2 + math.sin(q.life_time * 300) * 2) / 4",
						"(1 + 2 + math.cos(q.life_time * 510) * 2 ) / 4",
						"(1 + 2 + math.cos(q.life_time * 410) * 2 ) / 4"
					]
				},
				"whole": {
					"position": [0, 0, 0],
					"scale": [
						"(1 + 2 + math.sin(q.life_time * 300) * 2) / 4",
						"(1 + 2 + math.cos(q.life_time * 520) * 2 ) / 4",
						"(1 + 2 + math.cos(q.life_time * 420) * 2 ) / 4"
					]
				},
				"waist": {
					"position": [0, 0, 0],
					"scale": [
						"(1 + 2 + math.sin(q.life_time * 300) * 2) / 4",
						"(1 + 2 + math.cos(q.life_time * 530) * 2 ) / 4",
						"(1 + 2 + math.cos(q.life_time * 430) * 2 ) / 4"
					]
				},
				"bone": {
					"position": [0, 0, 0],
					"scale": [
						"(1 + 2 + math.sin(q.life_time * 300) * 2) / 4",
						"(1 + 2 + math.cos(q.life_time * 540) * 2 ) / 4",
						"(1 + 2 + math.cos(q.life_time * 440) * 2 ) / 4"
					]
				},
				"head": {
					"position": [0, -0.4, 0],
					"scale": [
						"1/((1 + 2 + math.sin(q.life_time * 350) * 1) / 4)",
						"1/((1 + 2 + math.cos(q.life_time * 550) * 1 ) / 4)",
						"1/((1 + 2 + math.cos(q.life_time * 450) * 1 ) / 4)"
					]
				}
			}
		},
		"animation.billeys_mobs.pigeon.newwalk": {
			"loop": true,
			"animation_length": 0.5,
			"bones": {
				"canceldeathanim": {
					"position": [0, 0, 0]
				},
				"leg0": {
					"rotation": ["math.exp(-math.cos((q.life_time)*720+180)/2)* 70 - 70", 0, 0]
				},
				"leg1": {
					"rotation": ["(math.exp(-math.cos(q.life_time*720)/2)* 70 - 70)", 0, 0]
				},
				"foot1": {
					"rotation": ["math.min((math.exp(-math.cos(q.life_time*720+90)/2)* 70 - 70),0)", 0, 0]
				},
				"body_walking": {
					"position": [0, "math.abs(-math.cos(q.life_time*720))/4", 0]
				},
				"bodynolegs": {
					"rotation": [0, 0, "-(math.exp(-math.cos(q.life_time*720)/2)* 70 - 70)/35"]
				},
				"foot0": {
					"rotation": ["math.min((math.exp(-math.cos(q.life_time*720+270)/2)* 70 - 70),0)", 0, 0]
				}
			}
		},
		"animation.billeys_mobs.pigeon.newwalk2": {
			"loop": true,
			"bones": {
				"leg0": {
					"rotation": [
						"(-math.cos(q.life_time*720+180)) > 0 ? (math.sqrt(-math.cos(q.life_time*720+180)) * 30) : -(math.sqrt(math.cos(q.life_time*720+180)) * 30)",
						0,
						0
					]
				},
				"leg1": {
					"rotation": ["(-math.cos(q.life_time*720)) > 0 ? (math.sqrt(-math.cos(q.life_time*720)) * 30) : -(math.sqrt(math.cos(q.life_time*720)) * 30)", 0, 0]
				}
			}
		},
		"animation.billeys_mobs.pigeon.newwalk3": {
			"loop": true,
			"animation_length": 0.48,
			"bones": {
				"leg0": {
					"rotation": {
						"0.0": [40, 0, 0],
						"0.2": [-40, 0, 0],
						"0.48": [40, 0, 0]
					}
				},
				"leg1": {
					"rotation": {
						"0.0": [-40, 0, 0],
						"0.28": [40, 0, 0],
						"0.48": [-40, 0, 0]
					}
				}
			}
		},
		"animation.billeys_mobs.pigeon.sleep": {
			"loop": true,
			"bones": {
				"bodynolegs": {
					"position": [0, -2.99, 0]
				},
				"wing1": {
					"rotation": [0, 0, 0],
					"position": [0, 0, 0]
				},
				"tail": {
					"rotation": [-10, 0, 0]
				},
				"wing0": {
					"rotation": [0, 0, 0],
					"position": [0, 0, 0]
				},
				"leg0": {
					"position": [0, 0, 2]
				},
				"leg1": {
					"position": [0, 0, 2]
				},
				"body_walking": {
					"position": [0, 0, 0]
				},
				"body1": {
					"rotation": [50, 0, 0],
					"position": [0, 0, 0]
				},
				"necc": {
					"rotation": [15, 0, 0],
					"position": [0, -2, -1]
				},
				"lower_eyelids": {
					"scale": [1, 1.45, 1.1]
				},
				"upper_eyelids": {
					"scale": [1, 1.375, 1.1]
				}
			}
		},
		"animation.billeys_mobs.pigeon.eatfloor": {
			"animation_length": 0.7,
			"override_previous_animation": true,
			"bones": {
				"bodynolegs": {
					"rotation": {
						"0.0": [0, 0, 0],
						"0.1833": [30.15, 0, 0],
						"0.2667": [45.12, 0, 0],
						"0.3": [35.12, 0, 0],
						"0.3833": [45.12, 0, 0],
						"0.4667": [35.12, 0, 0],
						"0.7": [0, 0, 0]
					}
				},
				"necc": {
					"rotation": {
						"0.0": [0, 0, 0],
						"0.1167": [35, 0, 0],
						"0.3833": [60, 0, 0],
						"0.7": [0, 0, 0]
					},
					"position": {
						"0.2167": [0, 0, 0],
						"0.3833": [0, 0, 1],
						"0.7": [0, 0, 0]
					}
				},
				"bone": {
					"rotation": {
						"0.3333": [0, 0, 0],
						"0.4167": [-20, 0, 0],
						"0.7": [0, 0, 0]
					}
				},
				"bone2": {
					"rotation": {
						"0.3333": [0, 0, 0],
						"0.4167": [5, 0, 0],
						"0.7": [0, 0, 0]
					}
				},
				"head": {
					"rotation": [0.01, 0.01, 0.01]
				}
			}
		},
		"animation.billeys_mobs.pigeon.shrink": {
			"animation_length": 6,
			"bones": {
				"body_walking": {
					"scale": "math.cos(math.clamp(180*(q.anim_time-4.5),0,90))"
				}
			}
		},
		"animation.billeys_mobs.pigeon.attack": {
			"loop": true,
			"animation_length": 0.56,
			"override_previous_animation": true,
			"bones": {
				"bodynolegs": {
					"rotation": {
						"0.0": [0, 0, 0],
						"0.1467": [30.15, 0, 0],
						"0.2133": [45.12, 0, 0],
						"0.24": [35.12, 0, 0],
						"0.3067": [45.12, 0, 0],
						"0.3733": [35.12, 0, 0],
						"0.56": [0, 0, 0]
					}
				},
				"necc": {
					"rotation": {
						"0.0": [0, 0, 0],
						"0.0933": [35, 0, 0],
						"0.3067": [60, 0, 0],
						"0.56": [0, 0, 0]
					},
					"position": {
						"0.1733": [0, 0, 0],
						"0.3067": [0, 0, 1],
						"0.56": [0, 0, 0]
					}
				},
				"bone": {
					"rotation": {
						"0.2667": [0, 0, 0],
						"0.3333": [-20, 0, 0],
						"0.56": [0, 0, 0]
					}
				},
				"bone2": {
					"rotation": {
						"0.2667": [0, 0, 0],
						"0.3333": [5, 0, 0],
						"0.56": [0, 0, 0]
					}
				},
				"head": {
					"rotation": [0.01, 0.01, 0.01]
				}
			}
		},
		"animation.billeys_mobs.pigeon.walk": {
			"loop": true,
			"bones": {
				"head": {
					"position": [0, 0, "(math.cos(q.modified_distance_moved * 105) / 3 + 0.4) * q.modified_move_speed * 1.75 - q.modified_move_speed * 1.0"]
				},
				"leg0": {
					"rotation": ["math.sin(q.modified_distance_moved * 70) * 70 * q.modified_move_speed", 0, 0]
				},
				"foot0": {
					"rotation": ["math.min(math.cos(q.modified_distance_moved * 70) * 50 * q.modified_move_speed,0)", 0, 0]
				},
				"leg1": {
					"rotation": ["-math.sin(q.modified_distance_moved * 70) * 70 * q.modified_move_speed", 0, 0]
				},
				"foot1": {
					"rotation": ["math.min(-math.cos(q.modified_distance_moved * 70) * 50 * q.modified_move_speed,0)", 0, 0]
				}
			}
		},
		"animation.billeys_mobs.pigeon.eat": {
			"loop": true,
			"bones": {
				"bone": {
					"rotation": [-5, 0, 0]
				},
				"bone2": {
					"rotation": [12.5, 0, 0]
				}
			}
		},
		"animation.billeys_mobs.pigeon.hurt": {
			"loop": true,
			"bones": {
				"necc": {
					"rotation": [15, 0, 0],
					"position": [0, 0, 0]
				},
				"body_walking": {
					"position": ["math.sin(q.life_time * 2000) / 15", 0, 0]
				}
			}
		},
		"animation.billeys_mobs.pigeon.idle": {
			"loop": true,
			"bones": {
				"wing1": {
					"rotation": [0, 0, "-2-math.cos(q.anim_time*90+45)*2"]
				},
				"wing0": {
					"rotation": [0, 0, "2+math.cos(q.anim_time*90+45)*2"]
				},
				"necc": {
					"position": [0, "math.cos(q.anim_time*60)/10", 0]
				}
			}
		},
		"animation.billeys_mobs.pigeon.look": {
			"loop": true,
			"bones": {
				"head": {
					"rotation": ["q.target_x_rotation", "q.target_y_rotation", 0]
				}
			}
		},
		"animation.billeys_mobs.pigeon.riding": {
			"loop": true,
			"bones": {
				"bodynolegs": {
					"position": [0, -1, 0]
				}
			}
		}
	}
}