{
	"format_version": "1.8.0",
	"animations": {
		"animation.billeys_mobs.duckatrice_egg.wobble": {
			"animation_length": 0.5,
			"anim_time_update": "q.anim_time + 1.25 * (q.anim_time + 0.5) * q.delta_time",
			"bones": {
				"body": {
					"rotation": {
						"0.0": [0, 0, 0],
						"0.125": ["-15 * v.wobble_sign * !v.wobble_axis", 0, "-15 * v.wobble_sign * v.wobble_axis"],
						"0.25": ["15 * v.wobble_sign * !v.wobble_axis", 0, "15 * v.wobble_sign * v.wobble_axis"],
						"0.375": ["-15 * v.wobble_sign * !v.wobble_axis", 0, "-15 * v.wobble_sign * v.wobble_axis"],
						"0.5": [0, 0, 0]
					},
					"position": {
						"0.0": [0, 0, 0],
						"0.125": [0, "v.wobble_axis ? 1.81 : 1.56", 0],
						"0.1875": [0, 0, 0],
						"0.25": [0, "v.wobble_axis ? 1.81 : 1.56", 0],
						"0.3125": [0, 0, 0],
						"0.375": [0, "v.wobble_axis ? 1.81 : 1.56", 0],
						"0.5": [0, 0, 0]
					}
				}
			},
			"timeline": {
				"0.0": "v.wobble_sign = 2 * math.random_integer(1,2) - 3; v.wobble_axis = !v.wobble_axis;"
			}
		}
	}
}