{
	"format_version": "1.8.0",
	"animations": {
		"animation.billeys_mobs.penguin.baby": {
			"loop": true,
			"bones": {
				"head": {
					"position": [0, 0.2, 0.4],
					"scale": [1.6, 1.3, 1.3]
				}
			}
		},
		"animation.billeys_mobs.penguin.swim_pose": {
			"loop": true,
			"bones": {
				"body": {
					"rotation": ["90+q.target_x_rotation/2", 0, 0],
					"position": [0, -2.5, 0]
				},
				"head": {
					"rotation": [-90, 0, 0],
					"position": [0, 0.25, -0.25]
				},
				"tail": {
					"rotation": [-30, 0, 0]
				}
			}
		},
		"animation.billeys_mobs.penguin.swim": {
			"loop": true,
			"anim_time_update": "math.max(q.anim_time + q.delta_time / 4,q.modified_distance_moved / 16)",
			"bones": {
				"body": {
					"scale": [1, "1 + math.cos(q.anim_time*720)/15", 1]
				},
				"head": {
					"scale": [1, 1, "1/(1 + math.cos(q.anim_time*720)/15)"]
				},
				"left_wing": {
					"rotation": ["-math.sin(q.anim_time*720)*10", 0, "-30-math.cos(q.anim_time*720)*30"]
				},
				"right_wing": {
					"rotation": ["-math.sin(q.anim_time*720)*10", 0, "30+math.cos(q.anim_time*720)*30"]
				},
				"left_leg": {
					"rotation": ["math.sin(q.anim_time*720)*30+20", 0, 0]
				},
				"left_toes": {
					"rotation": ["math.cos(q.anim_time*720)*15-15", 0, 0]
				},
				"right_leg": {
					"rotation": ["math.sin(q.anim_time*720+30)*30+20", 0, 0]
				},
				"right_toes": {
					"rotation": ["math.cos(q.anim_time*720+30)*15-15", 0, 0]
				}
			}
		},
		"animation.billeys_mobs.penguin.crawl": {
			"loop": true,
			"bones": {
				"body": {
					"rotation": [90, 0, 0],
					"position": [0, -3.5, 0],
					"scale": [1, "1 + math.cos(q.anim_time*720)/15", 1]
				},
				"head": {
					"rotation": [-90, 0, 0],
					"position": [0, 0.25, -0.25],
					"scale": [1, 1, "1/(1 + math.cos(q.anim_time*720)/15)"]
				},
				"left_wing": {
					"rotation": ["-math.sin(q.anim_time*720)*10", 0, "-25-math.cos(q.anim_time*720)*25"]
				},
				"right_wing": {
					"rotation": ["-math.sin(q.anim_time*720)*10", 0, "25+math.cos(q.anim_time*720)*25"]
				},
				"left_leg": {
					"rotation": ["math.sin(q.anim_time*720)*30+20", 0, 0]
				},
				"left_toes": {
					"rotation": ["math.cos(q.anim_time*720)*15-15", 0, 0]
				},
				"right_leg": {
					"rotation": ["math.sin(q.anim_time*720+30)*30+20", 0, 0]
				},
				"right_toes": {
					"rotation": ["math.cos(q.anim_time*720+30)*15-15", 0, 0]
				},
				"tail": {
					"rotation": [-30, 0, 0]
				}
			}
		},
		"animation.billeys_mobs.penguin.crawl_pose": {
			"loop": true,
			"bones": {
				"body": {
					"rotation": [90, 0, 0],
					"position": [0, -3.5, 0]
				},
				"tail": {
					"rotation": [-30, 0, 0]
				}
			}
		},
		"animation.billeys_mobs.penguin.crawl_move": {
			"loop": true,
			"anim_time_update": "q.modified_distance_moved / 10",
			"bones": {
				"body": {
					"scale": [1, "1 + math.cos(q.anim_time*720)/15", 1]
				},
				"head": {
					"scale": [1, 1, "1/(1 + math.cos(q.anim_time*720)/15)"]
				},
				"left_wing": {
					"rotation": ["-math.sin(q.anim_time*720)*10", 0, "-25-math.cos(q.anim_time*720)*25"]
				},
				"right_wing": {
					"rotation": ["-math.sin(q.anim_time*720)*10", 0, "25+math.cos(q.anim_time*720)*25"]
				},
				"left_leg": {
					"rotation": ["math.sin(q.anim_time*720)*30+20", 0, 0]
				},
				"left_toes": {
					"rotation": ["math.cos(q.anim_time*720)*15-15", 0, 0]
				},
				"right_leg": {
					"rotation": ["math.sin(q.anim_time*720+30)*30+20", 0, 0]
				},
				"right_toes": {
					"rotation": ["math.cos(q.anim_time*720+30)*15-15", 0, 0]
				}
			}
		},
		"animation.billeys_mobs.penguin.walk": {
			"loop": true,
			"anim_time_update": "q.modified_distance_moved / 10",
			"bones": {
				"left_wing": {
					"rotation": [0, -12.5, -15]
				},
				"right_wing": {
					"rotation": [0, 12.5, 15]
				},
				"left_leg": {
					"rotation": ["math.sin(q.anim_time*720)*15", 0, 0],
					"position": [0, "math.abs(math.sin(q.anim_time*720+60))/4", 0]
				},
				"left_toes": {
					"rotation": ["math.cos(q.anim_time*720)*10-10", 0, 0]
				},
				"right_leg": {
					"rotation": ["math.sin(q.anim_time*720+180)*15", 0, 0],
					"position": [0, "math.abs(math.sin(q.anim_time*720+240))/4", 0]
				},
				"right_toes": {
					"rotation": ["math.cos(q.anim_time*720+180)*10-10", 0, 0]
				},
				"zero": {
					"rotation": [0, 0, "math.cos(q.anim_time*720)*5"],
					"position": [0, "math.abs(math.sin(q.anim_time*720))/4", 0]
				}
			}
		},
		"animation.billeys_mobs.penguin.angry": {
			"loop": true,
			"bones": {
				"left_wing": {
					"rotation": [0, 0, "-90*!v.should_crawl"],
					"position": [0, -1, 0]
				},
				"right_wing": {
					"relative_to": {
						"rotation": "entity"
					},
					"rotation": [0, 0, "90*!v.should_crawl"],
					"position": [0, -1, 0]
				},
				"left_angry_eye": {
					"position": [1.02, 0, 0]
				},
				"right_angry_eye": {
					"position": [-1.02, 0, 0]
				}
			}
		},
		"animation.billeys_mobs.penguin.eat": {
			"loop": true,
			"bones": {
				"beak": {
					"rotation": [-5, 0, 0]
				},
				"jaw": {
					"rotation": [15, 0, 0]
				}
			}
		},
		"animation.billeys_mobs.penguin.sit": {
			"loop": true,
			"bones": {
				"body": {
					"position": [0, -1, 0]
				},
				"left_leg": {
					"rotation": [0, -25, 0],
					"position": [0, 1, -0.5]
				},
				"right_leg": {
					"rotation": [0, 25, 0],
					"position": [0, 1, -0.5]
				},
				"tail": {
					"rotation": [22.5, 0, 0],
					"position": [0, 0, -1]
				}
			}
		},
		"animation.billeys_mobs.penguin.cook": {
			"loop": true,
			"animation_length": 13,
			"bones": {
				"head": {
					"rotation": [20, 0, 0],
					"position": [0, 0, -1]
				},
				"left_wing": {
					"rotation": {
						"0.0": [-30, 0, "math.sin(q.anim_time*1080)*30"],
						"10.0": ["-30+math.cos(q.anim_time*720)*30", "math.sin(q.anim_time*1080)*30", 0],
						"13.0": [-30, 0, "math.sin(q.anim_time*1080)*30"]
					},
					"position": [0, 0, -1]
				},
				"right_wing": {
					"rotation": {
						"0.0": [-30, 0, "-math.sin(q.anim_time*1080)*30"],
						"10.0": ["-30+math.cos(q.anim_time*720)*30", "-math.sin(q.anim_time*1080)*30", 0],
						"13.0": [-30, 0, "-math.sin(q.anim_time*1080)*30"]
					},
					"position": [0, 0, -1]
				}
			}
		},
		"animation.billeys_mobs.penguin.sit_emperor": {
			"loop": true,
			"bones": {
				"body": {
					"position": [0, -2, 0]
				},
				"left_leg": {
					"rotation": [0, -25, 0],
					"position": [0, 2, -0.5]
				},
				"right_leg": {
					"rotation": [0, 25, 0],
					"position": [0, 2, -0.5]
				},
				"tail": {
					"rotation": [22.5, 0, 0],
					"position": [0, 0, -1]
				}
			}
		},
		"animation.billeys_mobs.penguin.fix_emperor": {
			"loop": true,
			"bones": {
				"body": {
					"position": [0, -2, 0]
				}
			}
		}
	}
}