{
	"format_version": "1.8.0",
	"animations": {
		"animation.billeys_mobs.rubber_ducky.squish": {
			"animation_length": 0.3704,
			"bones": {
				"hat": {
					"scale": {
						"0.0": {
							"post": [1, 1, 1],
							"lerp_mode": "catmullrom"
						},
						"0.0926": {
							"post": [1.1, 1, 0.8],
							"lerp_mode": "catmullrom"
						},
						"0.1852": {
							"post": [1.2, 0.8, 1],
							"lerp_mode": "catmullrom"
						},
						"0.2778": {
							"post": [0.8, 1.1, 1],
							"lerp_mode": "catmullrom"
						},
						"0.3704": {
							"post": [1, 1, 1],
							"lerp_mode": "catmullrom"
						}
					}
				}
			}
		}
	}
}