{
	"format_version": "1.8.0",
	"animations": {
		"animation.billeys_mobs.shark_armor.attack": {
			"animation_length": 0.5,
			"loop": true,
			"bones": {
				"shark_helmet_head": {
					"rotation": {
						"0.0": [0, 0, 0],
						"0.0417": [5, 0, 0],
						"0.1667": [-15, 0, 0],
						"0.4583": [0, 0, 0]
					},
					"position": {
						"0.0": [0, 0, 0],
						"0.0417": [0, 1, -1],
						"0.1667": [0, 0, -4],
						"0.5": [0, 0, 0]
					}
				},
				"shark_helmet_jaw": {
					"rotation": {
						"0.0": [0, 0, 0],
						"0.0833": [45, 0, 0],
						"0.25": [-1, 0, 0],
						"0.4583": [0, 0, 0]
					}
				},
				"shark_helmet_string": {
					"scale": {
						"0.0": [1, 1, 1],
						"0.1667": [1, 1, 5.1],
						"0.5": [1, 1, 1]
					}
				}
			}
		},
		"animation.billeys_mobs.shark_armor.swim": {
			"loop": true,
			"anim_time_update": "q.modified_distance_moved / 2",
			"bones": {
				"shark_chestplate_tail": {
					"rotation": [0, "-math.sin(q.anim_time * 156) * 20", 0]
				},
				"shark_chestplate_tail_fin": {
					"rotation": [0, "-math.sin(q.anim_time * 156 - 30) * 20", 0]
				}
			}
		}
	}
}