{
	"format_version": "1.8.0",
	"animations": {
		"animation.billeys_mobs.velvet_worm.antennas": {
			"loop": true,
			"bones": {
				"left_antenna": {
					"rotation": [0, 0, "math.max(0,math.sin(q.life_time * 900) * 5 + 2.5)"]
				},
				"right_antenna": {
					"rotation": [0, 0, "-math.max(0,math.sin(q.life_time * 900) * 5 + 2.5)"]
				}
			}
		},
		"animation.billeys_mobs.velvet_worm.turn": {
			"loop": true,
			"bones": {
				"back_body": {
					"rotation": [0, "-q.target_y_rotation / 4", 0],
					"position": [0, 0, "-math.abs(q.target_y_rotation)/120"]
				},
				"back_body1": {
					"rotation": [0, "-q.target_y_rotation / 4", 0],
					"position": [0, 0, "-math.abs(q.target_y_rotation)/120"]
				},
				"front_body": {
					"rotation": [0, "q.target_y_rotation / 4", 0],
					"position": [0, 0, "math.abs(q.target_y_rotation)/120"]
				},
				"front_body1": {
					"rotation": [0, "q.target_y_rotation / 4", 0],
					"position": [0, 0, "math.abs(q.target_y_rotation)/120"]
				},
				"head": {
					"rotation": ["q.target_x_rotation", "q.target_y_rotation / 2", 0]
				}
			}
		},
		"animation.billeys_mobs.velvet_worm.walk": {
			"loop": true,
			"anim_time_update": "q.modified_distance_moved / 16",
			"bones": {
				"left_leg1": {
					"rotation": [0, "math.sin(q.anim_time * 720) * 15", "-math.cos(q.anim_time * 720) * 10-10"]
				},
				"right_leg6": {
					"rotation": [0, "-math.sin(q.anim_time * 720) * 15", "math.cos(q.anim_time * 720) * 10+10"]
				},
				"left_leg6": {
					"rotation": [0, "-math.sin(q.anim_time * 720) * 15", "math.cos(q.anim_time * 720) * 10-10"]
				},
				"left_leg4": {
					"rotation": [0, "math.sin(q.anim_time * 720) * 15", "-math.cos(q.anim_time * 720) * 10-10"]
				},
				"left_leg5": {
					"rotation": [0, "-math.sin(q.anim_time * 720) * 15", "math.cos(q.anim_time * 720) * 10-10"]
				},
				"right_leg5": {
					"rotation": [0, "-math.sin(q.anim_time * 720) * 15", "math.cos(q.anim_time * 720) * 10+10"]
				},
				"left_leg2": {
					"rotation": [0, "math.sin(q.anim_time * 720) * 15", "-math.cos(q.anim_time * 720) * 10-10"]
				},
				"left_leg3": {
					"rotation": [0, "-math.sin(q.anim_time * 720) * 15", "math.cos(q.anim_time * 720) * 10-10"]
				},
				"right_leg3": {
					"rotation": [0, "-math.sin(q.anim_time * 720) * 15", "math.cos(q.anim_time * 720) * 10+10"]
				},
				"left_antenna": {
					"rotation": [0, 0, "math.sin(1080*q.anim_time)*4"]
				},
				"right_antenna": {
					"rotation": [0, 0, "-math.sin(900*q.anim_time)*4"]
				},
				"left_leg": {
					"rotation": [0, "-math.sin(q.anim_time * 720) * 15", "math.cos(q.anim_time * 720) * 10-10"]
				},
				"right_leg": {
					"rotation": [0, "-math.sin(q.anim_time * 720) * 15", "math.cos(q.anim_time * 720) * 10+10"]
				},
				"right_leg1": {
					"rotation": [0, "math.sin(q.anim_time * 720) * 15", "-math.cos(q.anim_time * 720) * 10+10"]
				},
				"right_leg4": {
					"rotation": [0, "math.sin(q.anim_time * 720) * 15", "-math.cos(q.anim_time * 720) * 10+10"]
				},
				"right_leg2": {
					"rotation": [0, "math.sin(q.anim_time * 720) * 15", "-math.cos(q.anim_time * 720) * 10+10"]
				},
				"squish": {
					"scale": [1, 1, "1.03+math.sin(900 * q.anim_time) * 0.03"]
				}
			}
		},
		"animation.billeys_mobs.velvet_worm.climb": {
			"loop": true,
			"bones": {
				"body": {
					"rotation": [-90, 0, 0],
					"position": [0, 0, 0]
				}
			}
		},
		"animation.billeys_mobs.velvet_worm.fall": {
			"loop": true,
			"bones": {
				"body": {
					"rotation": [90, 0, 0],
					"position": [0, 0, 0]
				}
			}
		},
		"animation.billeys_mobs.velvet_worm.sit": {
			"loop": true,
			"bones": {
				"body": {
					"rotation": [0, 60, 0],
					"position": [0, -1, 0]
				},
				"back_body": {
					"rotation": [0, 22.5, 0],
					"position": [-0.2, 0, -0.7]
				},
				"back_body1": {
					"rotation": [0, 25, 0],
					"position": [-0.1, 0, -0.8]
				},
				"left_leg1": {
					"rotation": [0, 0, -45],
					"position": [0, 0, 1]
				},
				"right_leg1": {
					"rotation": [0, 0, 45]
				},
				"right_leg6": {
					"rotation": [0, 0, 45]
				},
				"left_leg6": {
					"rotation": [0, 12.5, -45],
					"position": [0, 0, 0.25]
				},
				"left_leg4": {
					"rotation": [0, 0, -45],
					"position": [0, 0, 1]
				},
				"left_leg5": {
					"rotation": [0, 12.5, -45],
					"position": [0, 0, 0.25]
				},
				"right_leg5": {
					"rotation": [0, 0, 45]
				},
				"right_leg4": {
					"rotation": [0, 0, 45]
				},
				"left_leg2": {
					"rotation": [0, 0, -45],
					"position": [0, 0, 1]
				},
				"right_leg2": {
					"rotation": [0, 0, 45]
				},
				"left_leg3": {
					"rotation": [0, 12.5, -45],
					"position": [0, 0, 0.25]
				},
				"right_leg3": {
					"rotation": [0, 0, 45]
				},
				"front_body1": {
					"rotation": [0, -25, 0],
					"position": [-0.2, 0, 0.8]
				},
				"left_leg": {
					"rotation": [0, 0, -45]
				},
				"right_leg": {
					"rotation": [0, 0, 45]
				},
				"head": {
					"rotation": ["q.target_x_rotation", "q.target_y_rotation", 0]
				}
			}
		},
		"animation.billeys_mobs.velvet_worm.angry": {
			"loop": true,
			"bones": {
				"left_antenna": {
					"rotation": [0, 0, -7.5],
					"scale": [1, 1.3, 1]
				},
				"right_antenna": {
					"rotation": [0, 0, 7.5],
					"scale": [1, 1.3, 1]
				}
			}
		},
		"animation.billeys_mobs.velvet_worm.hurt": {
			"loop": true,
			"bones": {
				"left_antenna": {
					"rotation": [0, 0, "40 * (q.max_health-q.health)/q.max_health"]
				},
				"right_antenna": {
					"rotation": [0, 0, "-40 * (q.max_health-q.health)/q.max_health"]
				},
				"body": {
					"position": ["math.sin(q.life_time * 2000) / 15", 0, 0]
				},
				"head": {
					"rotation": [17.5, 0, 0]
				}
			}
		},
		"animation.billeys_mobs.velvet_worm.death": {
			"loop": "hold_on_last_frame",
			"animation_length": 1,
			"bones": {
				"body": {
					"rotation": {
						"0.0": [0, 0, 0],
						"0.125": [-22.5, 0, -17.5],
						"0.2083": [-42.5, -10, -32.5],
						"0.375": [-125, -10, -32.5],
						"0.4583": [-157.5, -10, 10],
						"0.5": [-180, 0, 0]
					},
					"position": {
						"0.0": [0, 0, 0],
						"0.125": [0, 2, 0],
						"0.2083": [0, 3, 0],
						"0.2917": [0, 3.5, 0],
						"0.375": [0, 2, 0],
						"0.4583": [0, 0.75, 0],
						"0.5": [0, -1, 0]
					},
					"scale": {
						"0.5": [1, 1, 1],
						"0.8333": [1, 1, 0.9],
						"0.9167": [1, 1, 1],
						"0.9583": [1, 1, 1.05],
						"1.0": [1, 1, 1.2]
					}
				},
				"back_body": {
					"rotation": {
						"0.4167": [0, 0, 0],
						"0.5": [-7.5, 0, 0],
						"0.8333": [-12.5, 0, 0],
						"0.9167": [0, 0, 0]
					},
					"position": {
						"0.4167": [0, 0, 0],
						"0.5": [0, 0, -0.15],
						"0.8333": [0, 0, -0.35],
						"0.9167": [0, 0, 0]
					}
				},
				"back_body1": {
					"rotation": {
						"0.4583": [0, 0, 0],
						"0.625": [-17.5, 0, 0],
						"0.8333": [-25, 0, 0],
						"0.9167": [0, 0, 0]
					},
					"position": {
						"0.4583": [0, 0, 0],
						"0.625": [0, 0, -0.15],
						"0.8333": [0, 0, -0.15],
						"0.9167": [0, 0, 0]
					}
				},
				"front_body": {
					"rotation": {
						"0.4167": [0, 0, 0],
						"0.5": [17.5, 0, 0],
						"0.8333": [25, 0, 0],
						"0.9167": [0, 0, 0]
					},
					"position": {
						"0.4167": [0, 0, 0],
						"0.5": [0, 0, 0.15],
						"0.8333": [0, 0, 0.35],
						"0.9167": [0, 0, 0]
					}
				},
				"front_body1": {
					"rotation": {
						"0.4583": [0, 0, 0],
						"0.5833": [17.5, 0, 0],
						"0.8333": [27.5, 0, 0],
						"0.9167": [0, 0, 0]
					},
					"position": {
						"0.4583": [0, 0, 0],
						"0.5833": [0, 0, 0.15],
						"0.8333": [0, 0, 0.15],
						"0.9167": [0, 0, 0]
					}
				},
				"head": {
					"rotation": {
						"0.4583": [0, 0, 0],
						"0.6667": [17.5, 0, 0],
						"0.8333": [30, 0, 0],
						"0.9167": [0, 0, 0]
					},
					"position": {
						"0.4583": [0, 0, 0],
						"0.6667": [0, 0, 0.15],
						"0.8333": [0, 0, 0.15],
						"0.9167": [0, 0, 0]
					}
				}
			}
		},
		"animation.billeys_mobs.velvet_worm.attacking": {
			"loop": true,
			"bones": {
				"left_slime": {
					"rotation": ["-math.cos(720*q.anim_time)*20", "math.sin(720*q.anim_time)*20", 0],
					"position": [0, 0, -0.8],
					"scale": [1, 1, 4]
				},
				"right_slime": {
					"rotation": ["math.cos(720*q.anim_time)*20", "math.sin(720*q.anim_time)*20", 0],
					"position": [0, 0, -0.8],
					"scale": [1, 1, 4]
				}
			}
		},
		"animation.billeys_mobs.velvet_worm.attacked": {
			"loop": true,
			"bones": {
				"left_slime": {
					"position": [0, 0, -9],
					"scale": [1, 1, 0]
				},
				"right_slime": {
					"position": [0, 0, -9],
					"scale": [1, 1, 0]
				}
			}
		}
	}
}