{
  "format_version": "1.8.0",
  "render_controllers": {
    "controller.render.salmon": {
      "geometry": "Geometry.default",
      "materials": [
        {
          "*": "Material.default"
        }
      ],
      "textures": [
        "texture.default"
      ],
      "overlay_color": {
          "r": "q.is_illager_captain ? (math.sin(q.life_time * 200 + q.variant * 234 + 0.0) * 0.5 + 0.5)",
          "g": "q.is_illager_captain ? (math.sin(q.life_time * 200 + q.variant * 234 + 120) * 0.5 + 0.5)",
          "b": "q.is_illager_captain ? (math.sin(q.life_time * 200 + q.variant * 234 + 240) * 0.5 + 0.5)",
        "a": "q.is_illager_captain ? 0.4 : 0.0"
      }
    }
  }
}