{
	"format_version": "1.12.0",
	"minecraft:geometry": [
		{
			"description": {
				"identifier": "geometry.cat",
				"texture_width": 64,
				"texture_height": 32,
				"visible_bounds_width": 4,
				"visible_bounds_height": 3,
				"visible_bounds_offset": [0, 0.5, 0]
			},
			"bones": [
				{
					"name": "ooo",
					"pivot": [0, 0, 0]
				},
				{
					"name": "bone",
					"parent": "ooo",
					"pivot": [0, 7, -7]
				},
				{
					"name": "body",
					"parent": "bone",
					"pivot": [0, 7, 1]
				},
				{
					"name": "bodynohead",
					"parent": "body",
					"pivot": [0, 7, 1]
				},
				{
					"name": "bodyxd",
					"parent": "bodynohead",
					"pivot": [0, 7, 1],
					"cubes": [
						{
							"origin": [-2, -1, -2],
							"size": [4, 16, 6],
							"pivot": [0, 7, 1],
							"rotation": [90, 0, 0],
							"uv": {
								"north": {"uv": [26.032, 6.032], "uv_size": [3.936, 15.936]},
								"east": {"uv": [20.032, 6.032], "uv_size": [5.936, 15.936]},
								"south": {"uv": [36.032, 6.032], "uv_size": [3.936, 15.936]},
								"west": {"uv": [30.032, 6.032], "uv_size": [5.936, 15.936]},
								"up": {"uv": [26.032, 0.032], "uv_size": [3.936, 5.936]},
								"down": {"uv": [30.032, 5.968], "uv_size": [3.936, -5.936]}
							}
						}
					]
				},
				{
					"name": "bowtie",
					"parent": "bodyxd",
					"pivot": [0, 5, -7]
				},
				{
					"name": "uhhhh",
					"parent": "bodyxd",
					"pivot": [0, 7, 1],
					"cubes": [
						{
							"origin": [-0.5, -1.02, 2],
							"size": [1, 0, 1],
							"pivot": [0, 7, 1],
							"rotation": [90, 0, 0],
							"uv": {
								"north": {"uv": [0.032, 0.032], "uv_size": [0.936, 0]},
								"east": {"uv": [0.032, 0.032], "uv_size": [0.936, 0]},
								"south": {"uv": [0.032, 0.032], "uv_size": [0.936, 0]},
								"west": {"uv": [0.032, 0.032], "uv_size": [0.936, 0]},
								"up": {"uv": [0.968, 0.968], "uv_size": [-0.936, -0.936]}
							}
						}
					]
				},
				{
					"name": "head",
					"parent": "bodynohead",
					"pivot": [0, 9, -9],
					"cubes": [
						{
							"origin": [-2.5, 7, -12],
							"size": [5, 4, 5],
							"uv": {
								"north": {"uv": [5.032, 5.032], "uv_size": [4.936, 3.936]},
								"east": {"uv": [0.032, 5.032], "uv_size": [4.936, 3.936]},
								"south": {"uv": [15.032, 5.032], "uv_size": [4.936, 3.936]},
								"west": {"uv": [10.032, 5.032], "uv_size": [4.936, 3.936]},
								"up": {"uv": [5.032, 0.032], "uv_size": [4.936, 4.936]},
								"down": {"uv": [10.032, 4.968], "uv_size": [4.936, -4.936]}
							}
						},
						{
							"origin": [-1.5, 7.01562, -13],
							"size": [3, 2, 2],
							"inflate": 0.01,
							"uv": {
								"north": {"uv": [2.032, 26.032], "uv_size": [2.936, 1.936]},
								"east": {"uv": [0.032, 26.032], "uv_size": [1.936, 1.936]},
								"south": {"uv": [7.032, 26.032], "uv_size": [2.936, 1.936]},
								"west": {"uv": [5.032, 26.032], "uv_size": [1.936, 1.936]},
								"up": {"uv": [2.032, 24.032], "uv_size": [2.936, 1.936]},
								"down": {"uv": [5.032, 25.968], "uv_size": [2.936, -1.936]}
							}
						}
					],
					"locators": {
						"lead": [0, 9, -9]
					}
				},
				{
					"name": "ear",
					"parent": "head",
					"pivot": [-1.5, 11.5, -7],
					"cubes": [
						{
							"origin": [-2, 11, -9],
							"size": [1, 1, 2],
							"inflate": 0.01,
							"uv": {
								"north": {"uv": [2.032, 12.032], "uv_size": [0.936, 0.936]},
								"east": {"uv": [0.032, 12.032], "uv_size": [1.936, 0.936]},
								"south": {"uv": [5.032, 12.032], "uv_size": [0.936, 0.936]},
								"west": {"uv": [3.032, 12.032], "uv_size": [1.936, 0.936]},
								"up": {"uv": [2.032, 10.032], "uv_size": [0.936, 1.936]},
								"down": {"uv": [3.032, 11.968], "uv_size": [0.936, -1.936]}
							}
						}
					]
				},
				{
					"name": "ear2",
					"parent": "head",
					"pivot": [1.5, 11.5, -7],
					"cubes": [
						{
							"origin": [1, 11, -9],
							"size": [1, 1, 2],
							"inflate": 0.01,
							"uv": {
								"north": {"uv": [8.032, 12.032], "uv_size": [0.936, 0.936]},
								"east": {"uv": [6.032, 12.032], "uv_size": [1.936, 0.936]},
								"south": {"uv": [11.032, 12.032], "uv_size": [0.936, 0.936]},
								"west": {"uv": [9.032, 12.032], "uv_size": [1.936, 0.936]},
								"up": {"uv": [8.032, 10.032], "uv_size": [0.936, 1.936]},
								"down": {"uv": [9.032, 11.968], "uv_size": [0.936, -1.936]}
							}
						}
					]
				},
				{
					"name": "tongue",
					"parent": "head",
					"pivot": [0, 8, -11],
					"cubes": [
						{
							"origin": [-0.5, 8.01, -12],
							"size": [1, 0, 1],
							"uv": {
								"north": {"uv": [1.032, 1.032], "uv_size": [0.936, 0]},
								"east": {"uv": [0.032, 1.032], "uv_size": [0.936, 0]},
								"south": {"uv": [3.032, 1.032], "uv_size": [0.936, 0]},
								"west": {"uv": [2.032, 1.032], "uv_size": [0.936, 0]},
								"up": {"uv": [1.032, 0.032], "uv_size": [0.936, 0.936]}
							}
						}
					]
				},
				{
					"name": "tongue4",
					"parent": "tongue",
					"pivot": [0, 8, -12],
					"cubes": [
						{
							"origin": [-0.5, 8.01, -13],
							"size": [1, 0, 1],
							"uv": {
								"north": {"uv": [1.032, 1.032], "uv_size": [0.936, 0]},
								"east": {"uv": [0.032, 1.032], "uv_size": [0.936, 0]},
								"south": {"uv": [3.032, 1.032], "uv_size": [0.936, 0]},
								"west": {"uv": [2.032, 1.032], "uv_size": [0.936, 0]},
								"up": {"uv": [1.032, 0.032], "uv_size": [0.936, 0.936]}
							}
						}
					]
				},
				{
					"name": "hat",
					"parent": "head",
					"pivot": [0, 11, -9.5]
				},
				{
					"name": "backLegL",
					"parent": "bodynohead",
					"pivot": [1.1, 6, 7],
					"cubes": [
						{
							"origin": [0.1, 4, 6],
							"size": [2, 2, 2],
							"uv": {
								"north": {"uv": [11.968, 15.032], "uv_size": [-1.936, 1.936]},
								"east": {"uv": [8.032, 15.032], "uv_size": [1.936, 1.936]},
								"south": {"uv": [14.032, 15.032], "uv_size": [1.936, 1.936]},
								"west": {"uv": [12.032, 15.032], "uv_size": [1.936, 1.936]},
								"up": {"uv": [10.032, 13.032], "uv_size": [1.936, 1.936]},
								"down": {"uv": [10.032, 16.968], "uv_size": [1.936, -1.936]}
							}
						}
					]
				},
				{
					"name": "foot2",
					"parent": "backLegL",
					"pivot": [1, 2, 7]
				},
				{
					"name": "bone2",
					"parent": "foot2",
					"pivot": [1, 4, 6],
					"cubes": [
						{
							"origin": [0.1, 0, 6],
							"size": [2, 4, 2],
							"inflate": -0.01,
							"uv": {
								"north": {"uv": [11.968, 17.032], "uv_size": [-1.936, 3.936]},
								"east": {"uv": [8.032, 17.032], "uv_size": [1.936, 3.936]},
								"south": {"uv": [14.032, 17.032], "uv_size": [1.936, 3.936]},
								"west": {"uv": [12.032, 17.032], "uv_size": [1.936, 3.936]},
								"up": {"uv": [10.032, 15.032], "uv_size": [1.936, 1.936]},
								"down": {"uv": [12.032, 14.968], "uv_size": [1.936, -1.936]}
							}
						}
					]
				},
				{
					"name": "backLegR",
					"parent": "bodynohead",
					"pivot": [-1.1, 6, 7],
					"cubes": [
						{
							"origin": [-2.1, 4, 6],
							"size": [2, 2, 2],
							"uv": {
								"north": {"uv": [10.032, 15.032], "uv_size": [1.936, 1.936]},
								"east": {"uv": [13.968, 15.032], "uv_size": [-1.936, 1.936]},
								"south": {"uv": [15.968, 15.032], "uv_size": [-1.936, 1.936]},
								"west": {"uv": [9.968, 15.032], "uv_size": [-1.936, 1.936]},
								"up": {"uv": [11.968, 13.032], "uv_size": [-1.936, 1.936]},
								"down": {"uv": [11.968, 16.968], "uv_size": [-1.936, -1.936]}
							}
						}
					]
				},
				{
					"name": "foot3",
					"parent": "backLegR",
					"pivot": [-1, 2, 7]
				},
				{
					"name": "bone3",
					"parent": "foot3",
					"pivot": [-1, 4, 6],
					"cubes": [
						{
							"origin": [-2.1, 0, 6],
							"size": [2, 4, 2],
							"inflate": -0.01,
							"uv": {
								"north": {"uv": [10.032, 17.032], "uv_size": [1.936, 3.936]},
								"east": {"uv": [13.968, 17.032], "uv_size": [-1.936, 3.936]},
								"south": {"uv": [15.968, 17.032], "uv_size": [-1.936, 3.936]},
								"west": {"uv": [9.968, 17.032], "uv_size": [-1.936, 3.936]},
								"up": {"uv": [11.968, 15.032], "uv_size": [-1.936, 1.936]},
								"down": {"uv": [13.968, 14.968], "uv_size": [-1.936, -1.936]}
							}
						}
					]
				},
				{
					"name": "frontLegL",
					"parent": "bodynohead",
					"pivot": [1.2, 7.8, -4],
					"cubes": [
						{
							"origin": [0.2, 2, -5],
							"size": [2, 6, 2],
							"uv": {
								"north": {"uv": [42.032, 4.032], "uv_size": [1.936, 5.936]},
								"east": {"uv": [40.032, 4.032], "uv_size": [1.936, 5.936]},
								"south": {"uv": [46.032, 4.032], "uv_size": [1.936, 5.936]},
								"west": {"uv": [44.032, 4.032], "uv_size": [1.936, 5.936]},
								"up": {"uv": [42.032, 5.032], "uv_size": [1.936, 1.936]},
								"down": {"uv": [44.032, 7.968], "uv_size": [1.936, -1.936]}
							}
						}
					]
				},
				{
					"name": "foot0",
					"parent": "frontLegL",
					"pivot": [1.2, 3, -4]
				},
				{
					"name": "bone0",
					"parent": "foot0",
					"pivot": [1.2, 2, -5],
					"cubes": [
						{
							"origin": [0.2, 0, -5],
							"size": [2, 2, 2],
							"inflate": -0.01,
							"uv": {
								"north": {"uv": [42.032, 10.032], "uv_size": [1.936, 1.936]},
								"east": {"uv": [40.032, 10.032], "uv_size": [1.936, 1.936]},
								"south": {"uv": [46.032, 10.032], "uv_size": [1.936, 1.936]},
								"west": {"uv": [44.032, 10.032], "uv_size": [1.936, 1.936]},
								"up": {"uv": [42.032, 0.032], "uv_size": [1.936, 1.936]},
								"down": {"uv": [44.032, 11.968], "uv_size": [1.936, -1.936]}
							}
						}
					]
				},
				{
					"name": "frontLegR",
					"parent": "bodynohead",
					"pivot": [-1.2, 7.8, -4],
					"cubes": [
						{
							"origin": [-2.2, 2, -5],
							"size": [2, 6, 2],
							"uv": {
								"north": {"uv": [43.968, 4.032], "uv_size": [-1.936, 5.936]},
								"east": {"uv": [45.968, 4.032], "uv_size": [-1.936, 5.936]},
								"south": {"uv": [47.968, 4.032], "uv_size": [-1.936, 5.936]},
								"west": {"uv": [41.968, 4.032], "uv_size": [-1.936, 5.936]},
								"up": {"uv": [43.968, 5.032], "uv_size": [-1.936, 1.936]},
								"down": {"uv": [45.968, 7.968], "uv_size": [-1.936, -1.936]}
							}
						}
					]
				},
				{
					"name": "foot1",
					"parent": "frontLegR",
					"pivot": [-1.2, 3, -4]
				},
				{
					"name": "bone1",
					"parent": "foot1",
					"pivot": [-1.2, 2, -5],
					"cubes": [
						{
							"origin": [-2.2, 0, -5],
							"size": [2, 2, 2],
							"inflate": -0.01,
							"uv": {
								"north": {"uv": [43.968, 10.032], "uv_size": [-1.936, 1.936]},
								"east": {"uv": [45.968, 10.032], "uv_size": [-1.936, 1.936]},
								"south": {"uv": [47.968, 10.032], "uv_size": [-1.936, 1.936]},
								"west": {"uv": [41.968, 10.032], "uv_size": [-1.936, 1.936]},
								"up": {"uv": [43.968, 0.032], "uv_size": [-1.936, 1.936]},
								"down": {"uv": [45.968, 11.968], "uv_size": [-1.936, -1.936]}
							}
						}
					]
				},
				{
					"name": "tail3",
					"parent": "bodynohead",
					"pivot": [0, 9, 8],
					"rotation": [90, 0, 0],
					"cubes": [
						{
							"origin": [-0.5, 5, 8],
							"size": [1, 4, 1],
							"inflate": 0.01,
							"uv": {
								"north": {"uv": [1.032, 16.032], "uv_size": [0.936, 3.936]},
								"east": {"uv": [0.032, 16.032], "uv_size": [0.936, 3.936]},
								"south": {"uv": [3.032, 16.032], "uv_size": [0.936, 3.936]},
								"west": {"uv": [2.032, 16.032], "uv_size": [0.936, 3.936]},
								"up": {"uv": [1.032, 15.032], "uv_size": [0.936, 0.936]},
								"down": {"uv": [2.032, 15.968], "uv_size": [0.936, -0.936]}
							}
						},
						{
							"origin": [-0.5, 1, 8],
							"size": [1, 4, 1],
							"uv": {
								"north": {"uv": [1.032, 20.032], "uv_size": [0.936, 3.936]},
								"east": {"uv": [0.032, 20.032], "uv_size": [0.936, 3.936]},
								"south": {"uv": [3.032, 20.032], "uv_size": [0.936, 3.936]},
								"west": {"uv": [2.032, 20.032], "uv_size": [0.936, 3.936]},
								"up": {"uv": [1.032, 19.032], "uv_size": [0.936, 0.936]},
								"down": {"uv": [2.032, 19.968], "uv_size": [0.936, -0.936]}
							}
						}
					]
				},
				{
					"name": "tail4",
					"parent": "tail3",
					"pivot": [0, 1, 8],
					"cubes": [
						{
							"origin": [-0.5, -3, 8],
							"size": [1, 4, 1],
							"inflate": -0.01,
							"uv": {
								"north": {"uv": [5.032, 16.032], "uv_size": [0.936, 3.936]},
								"east": {"uv": [4.032, 16.032], "uv_size": [0.936, 3.936]},
								"south": {"uv": [7.032, 16.032], "uv_size": [0.936, 3.936]},
								"west": {"uv": [6.032, 16.032], "uv_size": [0.936, 3.936]},
								"up": {"uv": [5.032, 15.032], "uv_size": [0.936, 0.936]},
								"down": {"uv": [7.032, 16.968], "uv_size": [0.936, -0.936]}
							}
						},
						{
							"origin": [-0.5, -7, 8],
							"size": [1, 4, 1],
							"inflate": -0.02,
							"uv": {
								"north": {"uv": [5.032, 20.032], "uv_size": [0.936, 3.936]},
								"east": {"uv": [4.032, 20.032], "uv_size": [0.936, 3.936]},
								"south": {"uv": [7.032, 20.032], "uv_size": [0.936, 3.936]},
								"west": {"uv": [6.032, 20.032], "uv_size": [0.936, 3.936]},
								"up": {"uv": [5.032, 19.032], "uv_size": [0.936, 0.936]},
								"down": {"uv": [5.032, 23.968], "uv_size": [0.936, -0.936]}
							}
						}
					]
				}
			]
		}
	]
}