{
  "format_version": "1.10.0",
  "minecraft:client_entity": {
    "description": {
      "identifier": "billey:flyingcat",
      "materials": { "default": "cat" },
      "textures": {
        "white": "textures/entity/cat/flyingwhite",
        "black": "textures/entity/cat/flyingtuxedo",
        "red": "textures/entity/cat/flyingredtabby",
        "siamese": "textures/entity/cat/flyingsiamesecat",
        "british": "textures/entity/cat/flyingbritishshorthair",
        "calico": "textures/entity/cat/flyingcalico",
        "persian": "textures/entity/cat/flyingpersian",
        "ragdoll": "textures/entity/cat/flyingragdoll",
        "tabby": "textures/entity/cat/flyingtabby",
        "all_black": "textures/entity/cat/flyingallblackcat",
        "jellie": "textures/entity/cat/flyingjellie",
        "blackorange": "textures/entity/cat/fblackorange",
        "blackwhite": "textures/entity/cat/fblackwhite",
        "perry": "textures/entity/cat/fperry",
        "pizza": "textures/entity/cat/fpizza",
        "sugar": "textures/entity/cat/fsugar",
        "white_tame": "textures/entity/cat/flyingwhite",
        "black_tame": "textures/entity/cat/flyingtuxedo",
        "red_tame": "textures/entity/cat/flyingredtabby",
        "siamese_tame": "textures/entity/cat/flyingsiamesecat",
        "british_tame": "textures/entity/cat/flyingbritishshorthair",
        "calico_tame": "textures/entity/cat/flyingcalico",
        "persian_tame": "textures/entity/cat/flyingpersian",
        "ragdoll_tame": "textures/entity/cat/flyingragdoll",
        "tabby_tame": "textures/entity/cat/flyingtabby",
        "all_black_tame": "textures/entity/cat/flyingallblackcat",
        "jellie_tame": "textures/entity/cat/flyingjellie",
        "blackorange_tame": "textures/entity/cat/fblackorange",
        "blackwhite_tame": "textures/entity/cat/fblackwhite",
        "perry_tame": "textures/entity/cat/fperry",
        "pizza_tame": "textures/entity/cat/fpizza",
        "sugar_tame": "textures/entity/cat/fsugar",
        "lily": "textures/entity/cat/lily",
        "tigerlily": "textures/entity/cat/tigerlily",
        "lily_tame": "textures/entity/cat/lily_tame"
      },
      "geometry": {
        "default": "geometry.fcat"
      },
      "scripts": {
                "should_update_bones_and_effects_offscreen": "q.graphics_mode_is_any('raytraced')",
        "variables": {
          "variable.head_size_x": "public",
          "variable.head_size_y": "public",
          "variable.head_size_z": "public"
        },
        "initialize": [
          "v.head_size_x = 5;",
          "v.head_size_y = 4;",
          "v.head_size_z = 5;"
        ],
        "animate": [ "new",
          "look_at_target",
          "controller.sit",
          { "sit": "!q.is_tamed && q.mark_variant == 1" },
          { "idle": "!(q.is_sitting&&q.is_alive&&!q.has_rider&&!q.is_avoiding_mobs&&!(q.is_moving&&q.has_target)) && !q.is_on_ground" },
          { "baby_transform": "q.is_baby" }
        ]
      },
      "animations": {
        "new": "animation.billeys_mobs.duckproj.body",
        "idle": "animation.fcat.idle",
        "baby_transform": "animation.cat.baby_transform",
        "sit": "animation.fcat.sit",
        "look_at_target": "animation.common.look_at_target",
        "controller.sit": "controller.animation.billeys_mobs.sit",
        "petted3": "animation.billeys_mobs.cat.petted4"// /playanimation animations dont need tobe listed here
        //i did it for blockbench
      },
      "enable_attachables": true,
      "hide_armor": false,
      "render_controllers": [ "controller.render.cat" ],
      "spawn_egg": {
        "texture": "egg_cat_angel"
      }
    }
  }
}