{
  "format_version": "1.10.0",
  "minecraft:client_entity": {
    "description": {
      "identifier": "billey:skeleton_cat",
      "materials": {
        "default": "cat"
      },
      "textures": {
        "default": "textures/entity/cat/scat",
        "aggresive": "textures/entity/cat/scatangry"
      },
      "geometry": {
        "default": "geometry.billeys_mobs.scat"
      },
      "animations": {
        "new": "animation.billeys_mobs.duckproj.body",
        "sneak": "animation.cat.sneak",
        "walk": "animation.cat.walk",
        "sprint": "animation.cat.sprint",
        "stand": "controller.animation.bcat.move",
        "sit": "animation.cat.sit",
        "look_at_target": "animation.common.look_at_target",
        "baby_transform": "animation.cat.baby_transform",
        "lie_down": "animation.cat.lie_down",
        "fix": "animation.cat.fix",
        "eat": "animation.scat.eat",
        "noteating": "animation.scat.noteat",
        "look_at_target_cont": "controller.animation.bcat.look_at_target",
        "sitcont": "controller.animation.billeys_mobs.sitforcat",
        "baby": "controller.animation.bcat.baby",
        "hurt": "animation.billeys_mobs.cat.hurt",
        "eatcont": "controller.animation.billeys_mobs.eatscat"
      },
      "scripts": {
                "should_update_bones_and_effects_offscreen": "q.graphics_mode_is_any('raytraced')",
        "variables": {
          "variable.head_size_x": "public",
          "variable.head_size_y": "public",
          "variable.head_size_z": "public"
        },
        "initialize": [
          "v.head_size_x = 5;",
          "v.head_size_y = 4;",
          "v.head_size_z = 5;"
        ],
        "animate": [ "new",
          "look_at_target_cont",
          "sitcont",
          "baby",
          {
            "hurt": "q.health < q.max_health"
          },
          "eatcont"
        ]
      },
      "enable_attachables": true,
      "hide_armor": false,
      "render_controllers": [
        "controller.render.scat"
      ],
      "spawn_egg": {
        "texture": "egg_cat_skeleton"
      }
    }
  }
}