{
  "format_version": "1.10.0",
  "minecraft:client_entity": {
    "description": {
      "identifier": "billey:catfish",
      "materials": {
        "default": "entity_alphatest"
      },
      "textures": {
        "zero": "textures/entity/billeys_mobs/billcatfish",
        "one": "textures/entity/billeys_mobs/billcatfish1",
        "two": "textures/entity/billeys_mobs/billcatfish2",
        "three": "textures/entity/billeys_mobs/billcatfish3",
        "four": "textures/entity/billeys_mobs/billcatfish4",
        "five": "textures/entity/billeys_mobs/billcatfish5",
        "six": "textures/entity/billeys_mobs/billcatfish6",
        "seven": "textures/entity/billeys_mobs/billcatfish7",
        "eight": "textures/entity/billeys_mobs/billcatfish8",
        "nine": "textures/entity/billeys_mobs/billcatfish9",
        "ten": "textures/entity/billeys_mobs/billcatfish10",
        "pizza": "textures/entity/billeys_mobs/billcatfishpizza"
      },
      "geometry": {
        "default": "geometry.billeys_mobs.catfish"
      },
      "animations": {
        "new": "animation.billeys_mobs.duckproj.body",
        "swim": "animation.billeys_mobs.catfish.swim",
        "look": "animation.billeys_mobs.angler.look"
      },
      "scripts": {
                "should_update_bones_and_effects_offscreen": "q.graphics_mode_is_any('raytraced')",
				"variables": {
				  "variable.head_size_x": "public",
				  "variable.head_size_y": "public",
				  "variable.head_size_z": "public"
				},
				"initialize": [
				  "v.head_size_x = 5;",
				  "v.head_size_y = 3;",
				  "v.head_size_z = 4;"
				],
        "animate": [
          "new",
          {
            "swim": "q.is_in_water ? math.max(0.3,q.modified_move_speed  * 10) : 1"
          },
          {
            "look": "q.is_in_water"
          }
        ]
      },
      "enable_attachables": true,
      "hide_armor": false,
      "render_controllers": [
        "controller.render.billeys_mobs.catfish"
      ],
      "spawn_egg": {
        "base_color": "#d2d4ec",
        "overlay_color": "#7F7568"
      }
    }
  }
}