{
  "format_version": "1.10.0",
  "minecraft:client_entity": {
    "description": {
      "identifier": "billey:cucumbeel",
      "materials": {
        "default": "entity_alphatest"
      },
      "textures": {
        "cucumbeel": "textures/entity/billeys_mobs/cucumbeel",
        "default": "textures/blocks/sea_pickle"
      },
      "geometry": {
        "default": "geometry.cucumbeel",
        "glowing": "geometry.cucumbeelglow"
      },
      "animations": {
        "new": "animation.billeys_mobs.duckproj.body",
        "flop": "animation.cucumbeel.flop",
        "swim": "animation.cucumbeel.swim"
      },
      "scripts": {
                "should_update_bones_and_effects_offscreen": "q.graphics_mode_is_any('raytraced')",
				"variables": {
				  "variable.head_size_x": "public",
				  "variable.head_size_y": "public",
				  "variable.head_size_z": "public"
				},
				"initialize": [
				  "v.head_size_x = 4;",
				  "v.head_size_y = 4;",
				  "v.head_size_z = 4;"
				],
        "animate": [ "new",
          {
            "swim": "q.is_alive"
          },
          {
            "flop": "!q.is_alive"
          }
        ]
      },
      "enable_attachables": true,
      "hide_armor": false,
      "render_controllers": [ 
        "controller.render.billeys_mobs.cucumbeel", 
        {
          "controller.render.cucumbeel": "q.is_in_water"
        }
      ],
      "spawn_egg": {
        "base_color": "#4B531E",
        "overlay_color": "#B4E3B1"
      }
    }
  }
}