{
	"format_version": "1.10.0",
	"minecraft:client_entity": {
		"description": {
			"identifier": "billey:orca",
			"materials": {
				"default": "salmon"
			},
			"textures": {
				"default": "textures/entity/billeys_mobs/orca"
			},
			"geometry": {
				"default": "geometry.billeys_mobs.orca"
			},
      "animations": {
        "new": "animation.billeys_mobs.duckproj.body",
        "look": "animation.billeys_mobs.orca.look",
        "swim": "animation.billeys_mobs.orca.swim",
        "attack": "animation.billeys_mobs.orca.attack"
      },
      "scripts": {
                "should_update_bones_and_effects_offscreen": "q.graphics_mode_is_any('raytraced')",
        "animate": [ "new",
          "look",
          { "swim": "q.is_in_water" },
          { "attack": "q.variant == 1" }
        ]
      },
      "enable_attachables": true,
      "hide_armor": false,
      "render_controllers": [ "controller.render.billeys_mobs_default" ],
			"spawn_egg": {
				"base_color": "#07080A",
				"overlay_color": "#E1D5FF"
			}
		}
	}
}