{
  "format_version": "1.10.0",
  "minecraft:client_entity": {
    "description": {
      "identifier": "billey:pizzafish",
      "materials": { "default": "entity_alphatest" },
      "textures": {
				"default": "textures/entity/billeys_mobs/pizzafish"
			},
      "geometry": {
        "default": "geometry.billeys_mobs.pizzafish"
      },
      "animations": {
        "new": "animation.billeys_mobs.duckproj.body",
        "flop": "animation.billeys_mobs.pizzafish.flop",
        "swim": "animation.billeys_mobs.pizzafish.swim",
				"look": "animation.billeys_mobs.fishy.look"
      },
      "scripts": {
                "should_update_bones_and_effects_offscreen": "q.graphics_mode_is_any('raytraced')",
				"variables": {
				  "variable.head_size_x": "public",
				  "variable.head_size_y": "public",
				  "variable.head_size_z": "public"
				},
				"initialize": [
				  "v.head_size_x = 3;",
				  "v.head_size_y = 3;",
				  "v.head_size_z = 3;"
				],
        "animate": [ "new",
          "look",
          "swim",
          { "flop": "!q.is_in_water" }
        ]
      },
      "enable_attachables": true,
      "hide_armor": false,
      "render_controllers": [ "controller.render.billeys_mobs.pizzafish" ],
      "spawn_egg": {
        "base_color": "#ffd531",
        "overlay_color": "#ce2121"
      }
    }
  }
}