{
  "format_version": "1.10.0",
  "minecraft:client_entity": {
    "description": {
      "identifier": "billey:swordfish",
      "materials": { "default": "entity_alphatest" },
      "textures": {
        "default": "textures/entity/billeys_mobs/swordfish"
      },
      "geometry": {
        "default": "geometry.billeys_mobs.swordfish"
      },
      "animations": {
        "new": "animation.billeys_mobs.duckproj.body",
        "flop": "animation.billeys_mobs.swordfish.flop",
        "swim": "animation.billeys_mobs.swordfish.swim"
      },
      "scripts": {
                "should_update_bones_and_effects_offscreen": "q.graphics_mode_is_any('raytraced')",
				"variables": {
				  "variable.head_size_x": "public",
				  "variable.head_size_y": "public",
				  "variable.head_size_z": "public"
				},
				"initialize": [
				  "v.head_size_x = 3;",
				  "v.head_size_y = 4;",
				  "v.head_size_z = 4;"
				],
        "animate": [ "new",
          { "attack": "q.is_sheared" },
          { "swim": "q.is_in_water" },
          { "flop": "!q.is_in_water" }
        ]
      },
      "enable_attachables": true,
      "hide_armor": false,
      "render_controllers": [ "controller.render.billeys_mobs_default" ],
      "spawn_egg": {
        "base_color": "#2D4456",
        "overlay_color": "#AAC7E2"
      }
    }
  }
}