{
    "format_version": "1.10.0",
    "minecraft:client_entity": {
      "description": {
        "identifier": "billey:electric_eel",
        "materials": { "default": "cat" },
        "textures": {
          "zero": "textures/entity/billeys_mobs/electriceel",
          "one": "textures/entity/billeys_mobs/electriceel1",
          "two": "textures/entity/billeys_mobs/electriceel2",
          "three": "textures/entity/billeys_mobs/electriceel3",
          "four": "textures/entity/billeys_mobs/electriceel4"
        },
        "geometry": {
          "default": "geometry.billeys_mobs.electriceel"
        },
        "animations": {
          "new": "animation.billeys_mobs.duckproj.body",
          "swim": "animation.billeys_mobs.electriceel.swim",
          "sleep": "animation.billeys_mobs.electriceel.sleep",
          "turn": "animation.billeys_mobs.electriceel.turn",
          "death1": "animation.billeys_mobs.bettafish.cancelvanilladeathanim",
          "death": "animation.billeys_mobs.electriceel.die",
          "flop": "animation.billeys_mobs.electriceel.flop"
        },
        "particle_effects": {
          "zee": "billey:zeeduck"
        },
        "scripts": {
                "should_update_bones_and_effects_offscreen": "q.graphics_mode_is_any('raytraced')",
          "variables": {
            "variable.head_size_x": "public",
            "variable.head_size_y": "public",
            "variable.head_size_z": "public"
          },
          "initialize": [
            "v.head_size_x = 2;",
            "v.head_size_y = 2;",
            "v.head_size_z = 2;"
          ],
          "animate": [ "new",
            { "sleep": "q.is_sheared" },
            { "death1": "!q.is_alive" },
            { "death": "!q.is_alive" },
            { "swim": "q.is_in_water * math.max(0.3,q.modified_move_speed / 0.2)" },
            { "turn": "!q.is_sheared * q.target_y_rotation / 60" },
            { "flop": "!q.is_in_water" }
          ]
        },
        "enable_attachables": true,
      "hide_armor": false,
      "render_controllers": [ "controller.render.billeys_mobs.electriceel"
          //in the betta fish file
         ],
        "spawn_egg": {
          "base_color": "#2b2e37",
          "overlay_color": "#aea478"
        }
      }
    }
  }